CdStationMesureEauxSurface,LbStationMesureEauxSurface,DatePrel,Température,pH,O2_dissous,Conductivité,MES,Turbidité,Carbone_org,Nitrates,Phosphore_total,Azote_Kjeldahl,Orthophosphates,Ammonium,Nitrites,DBO5,DCO
02000010,LE GRAND CANAL D'ALSACE A ROSENAU,2013-01-07,7.0,8.2,12.4,384.0,3.6,3.0,1.9,7.4,0.02,0.6,0.06,0.07,0.03,3.4,6.0
02000010,LE GRAND CANAL D'ALSACE A ROSENAU,2013-02-04,5.9,8.1,12.7,378.0,22.0,15.0,2.2,7.4,0.04,0.5,0.09,0.08,0.03,2.1,8.0
02000010,LE GRAND CANAL D'ALSACE A ROSENAU,2013-03-04,5.4,8.3,14.6,420.0,2.4,0.99,1.3,7.8,0.02,0.5,0.04,0.08,0.04,1.8,5.0
02000010,LE GRAND CANAL D'ALSACE A ROSENAU,2013-04-02,6.7,8.3,11.8,381.0,4.9,2.5,2.7,8.2,0.07,0.5,0.13,0.05,0.05,1.8,5.0
02000010,LE GRAND CANAL D'ALSACE A ROSENAU,2013-04-29,10.5,8.25,11.5,385.0,6.7,3.2,1.9,5.2,0.13,0.5,0.14,0.08,0.03,2.1,9.0
02000010,LE GRAND CANAL D'ALSACE A ROSENAU,2013-05-27,12.4,8.3,13.0,339.0,5.1,3.1,1.8,5.3,0.02,0.5,0.05,0.07,0.04,0.8,5.0
02000010,LE GRAND CANAL D'ALSACE A ROSENAU,2013-06-24,14.9,7.95,10.0,320.0,11.0,2.9,1.6,4.4,0.02,0.5,0.08,0.06,0.03,1.0,6.0
02000010,LE GRAND CANAL D'ALSACE A ROSENAU,2013-07-22,23.9,8.25,8.0,314.0,3.7,2.6,1.7,4.0,0.02,0.5,0.02,0.05,0.04,0.8,6.0
02000010,LE GRAND CANAL D'ALSACE A ROSENAU,2013-08-19,23.0,8.2,9.8,310.0,2.0,1.3,1.6,3.9,0.01,0.5,0.03,0.06,0.03,0.7,5.0
02000010,LE GRAND CANAL D'ALSACE A ROSENAU,2013-09-16,18.0,8.2,9.6,310.0,4.0,2.6,1.9,4.2,0.03,0.5,0.046,0.06,0.03,0.9,6.0
02000010,LE GRAND CANAL D'ALSACE A ROSENAU,2013-10-14,14.0,8.3,10.1,330.0,5.0,3.0,2.1,5.1,0.03,0.5,0.036,0.07,0.03,1.7,7.0
02000010,LE GRAND CANAL D'ALSACE A ROSENAU,2013-11-12,9.9,8.3,11.1,350.0,18.0,14.3,2.4,5.9,0.04,0.5,0.075,0.05,0.03,1.9,8.0
02000011,LE VIEUX RHIN A KEMBS,2013-01-08,,,,,,,,7.1,,,,,,,
02000011,LE VIEUX RHIN A KEMBS,2013-02-05,5.8,8.05,14.5,357.0,17.0,7.8,2.2,6.9,0.05,0.5,0.08,0.09,0.03,0.6,5.0
02000011,LE VIEUX RHIN A KEMBS,2013-03-05,,,,,,,,7.6,,,,,,,
02000011,LE VIEUX RHIN A KEMBS,2013-04-03,6.6,8.15,11.9,390.0,3.4,1.3,2.3,7.9,0.01,0.5,0.03,0.05,0.05,1.7,5.0
02000011,LE VIEUX RHIN A KEMBS,2013-05-02,,,,,,,,5.6,,,,,,,
02000011,LE VIEUX RHIN A KEMBS,2013-06-25,16.4,8.2,8.8,337.0,13.0,3.6,1.7,4.3,0.02,0.5,0.04,0.06,0.04,0.5,5.0
02000011,LE VIEUX RHIN A KEMBS,2013-07-23,22.8,8.1,8.8,329.0,4.0,1.1,1.6,4.0,0.02,0.5,0.09,0.05,0.05,1.7,6.0
02000011,LE VIEUX RHIN A KEMBS,2013-08-20,,,,,,,,3.9,,,,,,,
02000011,LE VIEUX RHIN A KEMBS,2013-09-17,16.0,8.1,8.7,310.0,40.0,3.7,1.9,4.4,0.03,0.5,0.084,0.1,0.06,0.8,11.0
02000011,LE VIEUX RHIN A KEMBS,2013-10-15,,,,,,,,4.8,,,,,,,
02000011,LE VIEUX RHIN A KEMBS,2013-11-13,10.0,8.0,9.8,340.0,4.0,4.7,1.8,5.7,0.03,0.5,0.067,0.06,0.03,1.3,10.0
02001000,L'AUGRABEN A BARTENHEIM,2013-01-07,,,,,,,,18.0,,,,,,,
02001000,L'AUGRABEN A BARTENHEIM,2013-02-04,5.5,7.85,12.2,501.0,91.0,88.0,4.6,13.0,0.14,0.9,0.24,0.13,0.06,2.4,17.0
02001000,L'AUGRABEN A BARTENHEIM,2013-03-04,,,,,,,,19.0,,,,,,,
02001000,L'AUGRABEN A BARTENHEIM,2013-04-02,7.3,7.85,10.5,669.0,14.0,4.7,2.4,16.0,0.05,0.5,0.08,0.05,0.04,1.9,7.0
02001000,L'AUGRABEN A BARTENHEIM,2013-04-29,,,,,,,,14.0,,,,,,,
02001000,L'AUGRABEN A BARTENHEIM,2013-05-27,11.0,7.7,9.6,653.0,27.0,4.1,2.2,16.0,0.08,0.5,0.15,0.13,0.15,0.8,8.0
02001000,L'AUGRABEN A BARTENHEIM,2013-06-24,14.7,7.65,7.5,682.0,27.0,8.4,2.5,16.0,0.1,0.6,0.26,0.08,0.18,1.0,8.0
02001000,L'AUGRABEN A BARTENHEIM,2013-07-22,16.5,7.65,7.3,704.0,9.9,6.0,1.6,16.0,0.06,0.5,0.13,0.05,0.09,0.5,10.0
02001000,L'AUGRABEN A BARTENHEIM,2013-08-19,,,,,,,,14.7,,,,,,,
02001000,L'AUGRABEN A BARTENHEIM,2013-09-16,14.0,7.7,8.4,700.0,7.0,3.2,2.0,15.3,0.04,0.5,0.113,0.12,0.07,0.8,10.0
02001000,L'AUGRABEN A BARTENHEIM,2013-10-14,,,,,,,,13.4,,,,,,,
02001000,L'AUGRABEN A BARTENHEIM,2013-11-12,7.5,7.8,8.2,620.0,10.0,9.8,3.6,10.7,0.11,0.5,0.229,0.07,0.1,1.7,13.0
02001025,LE RIEDGRABEN A LANDSER,2013-01-08,,,,,,,,40.0,,,,,,,
02001025,LE RIEDGRABEN A LANDSER,2013-02-05,7.1,7.7,8.3,668.0,160.0,30.0,4.4,24.0,0.16,1.5,0.23,0.35,0.06,1.7,29.0
02001025,LE RIEDGRABEN A LANDSER,2013-03-05,,,,,,,,39.0,,,,,,,
02001025,LE RIEDGRABEN A LANDSER,2013-04-03,7.3,8.1,10.5,705.0,32.0,4.8,2.1,34.0,0.04,0.5,0.11,0.06,0.07,1.4,8.0
02001025,LE RIEDGRABEN A LANDSER,2013-05-02,,,,,,,,30.0,,,,,,,
02001025,LE RIEDGRABEN A LANDSER,2013-06-25,12.8,8.2,9.7,752.0,50.0,6.0,1.5,39.0,0.08,0.7,0.12,0.08,0.12,0.9,11.0
02001025,LE RIEDGRABEN A LANDSER,2013-07-23,15.6,8.2,9.7,769.0,41.0,21.0,1.3,44.0,0.06,0.5,0.11,0.05,0.16,0.5,10.0
02001025,LE RIEDGRABEN A LANDSER,2013-08-20,,,,,,,,43.8,,,,,,,
02001025,LE RIEDGRABEN A LANDSER,2013-09-17,12.0,8.2,8.1,690.0,27.0,10.5,2.7,31.2,0.17,0.6,0.453,0.3,0.55,1.8,14.0
02001025,LE RIEDGRABEN A LANDSER,2013-10-15,,,,,,,,24.3,,,,,,,
02001025,LE RIEDGRABEN A LANDSER,2013-11-13,9.5,8.0,8.8,820.0,21.0,8.4,3.2,26.3,0.09,0.5,0.178,0.1,0.16,1.8,17.0
02001046,LE MUHLBACH DE SCHOENAU A SCHOENAU,2013-01-21,5.7,8.2,11.0,444.0,20.0,,1.01,,0.047,0.6,,,,2.1,6.0
02001046,LE MUHLBACH DE SCHOENAU A SCHOENAU,2013-02-18,6.9,8.5,11.5,450.0,10.0,,0.95,,0.02,0.5,,,,2.3,5.0
02001046,LE MUHLBACH DE SCHOENAU A SCHOENAU,2013-03-18,7.8,8.3,10.9,438.0,5.0,,1.25,,0.02,0.5,,,,2.0,5.0
02001046,LE MUHLBACH DE SCHOENAU A SCHOENAU,2013-04-15,13.2,8.4,9.7,438.0,6.0,,1.23,,0.02,0.5,,,,2.0,9.0
02001046,LE MUHLBACH DE SCHOENAU A SCHOENAU,2013-05-13,12.3,8.5,9.9,430.0,15.0,,1.09,,0.02,0.5,,,,3.6,5.0
02001046,LE MUHLBACH DE SCHOENAU A SCHOENAU,2013-06-10,15.7,8.5,9.0,429.0,17.0,,1.37,,0.026,0.6,,,,2.0,5.0
02001046,LE MUHLBACH DE SCHOENAU A SCHOENAU,2013-07-08,18.4,8.3,8.7,410.0,10.0,,1.25,,0.031,0.5,,,,2.0,5.0
02001046,LE MUHLBACH DE SCHOENAU A SCHOENAU,2013-08-05,19.1,8.2,8.6,415.0,10.0,,1.31,,0.031,0.5,,,,2.0,5.0
02001046,LE MUHLBACH DE SCHOENAU A SCHOENAU,2013-09-02,16.6,8.2,9.1,396.0,13.0,,1.26,,0.031,0.5,,,,2.0,5.0
02001046,LE MUHLBACH DE SCHOENAU A SCHOENAU,2013-09-30,15.2,8.2,9.2,431.0,10.0,,1.18,,0.021,0.5,,,,2.0,5.0
02001046,LE MUHLBACH DE SCHOENAU A SCHOENAU,2013-10-28,14.8,8.2,8.7,412.0,8.0,,1.59,,0.025,0.5,,,,2.0,5.0
02001046,LE MUHLBACH DE SCHOENAU A SCHOENAU,2013-11-25,8.1,8.0,11.1,458.0,7.0,,1.28,,0.025,0.5,,,,1.3,5.0
02001050,LE RHIN A RHINAU,2013-01-14,5.9,8.15,10.4,392.0,4.6,4.1,2.4,7.9,0.03,0.5,0.09,0.07,0.08,0.8,5.0
02001050,LE RHIN A RHINAU,2013-02-11,4.6,8.2,13.9,429.0,4.1,2.9,1.9,7.2,0.04,0.5,0.06,0.05,0.06,1.8,5.0
02001050,LE RHIN A RHINAU,2013-03-11,7.5,8.15,12.7,411.0,4.2,2.1,1.9,8.8,0.02,0.5,0.03,0.1,0.08,0.9,5.0
02001050,LE RHIN A RHINAU,2013-04-08,7.3,8.25,15.4,418.0,2.0,0.74,2.2,6.9,0.01,0.5,0.05,0.05,0.11,1.4,5.0
02001050,LE RHIN A RHINAU,2013-05-06,12.6,8.25,10.4,357.0,16.0,7.1,2.0,5.4,0.03,0.5,0.1,0.06,0.07,0.5,7.0
02001050,LE RHIN A RHINAU,2013-06-03,11.8,8.25,12.0,328.0,530.0,0.37,2.7,5.9,0.25,1.1,0.06,0.09,0.06,2.2,15.0
02001050,LE RHIN A RHINAU,2013-07-01,17.0,8.4,8.5,350.0,11.0,3.7,1.9,4.2,0.03,0.5,0.015,0.05,0.06,1.1,7.0
02001050,LE RHIN A RHINAU,2013-07-29,24.0,8.1,7.6,340.0,4.0,1.0,1.9,4.3,0.02,0.5,0.032,0.07,0.07,0.6,5.0
02001050,LE RHIN A RHINAU,2013-08-26,22.0,8.1,8.4,310.0,4.0,0.8,1.7,4.5,0.02,0.5,0.029,0.08,0.08,0.6,5.0
02001050,LE RHIN A RHINAU,2013-09-23,16.0,8.1,6.7,290.0,16.0,3.2,1.7,4.6,0.02,0.5,0.028,0.06,0.05,0.5,5.0
02001050,LE RHIN A RHINAU,2013-10-21,14.0,8.2,9.7,340.0,6.0,5.4,2.0,4.9,0.02,0.5,0.04,0.07,0.06,1.2,5.0
02001050,LE RHIN A RHINAU,2013-11-18,10.0,8.2,9.5,370.0,6.0,3.4,1.9,5.9,0.02,0.5,0.041,0.05,0.05,1.3,5.0
02001700,LE RHIN A GAMBSHEIM,2013-01-14,5.9,8.05,10.3,390.0,6.2,4.6,2.2,7.9,0.03,0.5,0.09,0.05,0.08,0.6,7.0
02001700,LE RHIN A GAMBSHEIM,2013-02-11,4.2,8.2,13.5,407.0,8.9,5.4,2.3,7.5,0.06,0.5,0.07,0.06,0.06,0.5,7.0
02001700,LE RHIN A GAMBSHEIM,2013-03-11,6.8,8.15,12.4,419.0,5.7,3.1,1.9,7.8,0.03,0.6,0.04,0.08,0.08,0.9,5.0
02001700,LE RHIN A GAMBSHEIM,2013-04-08,7.8,8.45,14.1,425.0,2.0,0.73,2.2,7.1,0.01,0.5,0.06,0.05,0.09,1.6,5.0
02001700,LE RHIN A GAMBSHEIM,2013-05-06,13.1,8.2,10.3,358.0,25.0,19.0,2.0,5.7,0.04,0.5,0.07,0.07,0.07,0.6,5.0
02001700,LE RHIN A GAMBSHEIM,2013-06-03,12.1,8.3,11.8,334.0,400.0,0.4,2.8,6.5,0.16,1.1,0.07,0.13,0.06,1.9,9.0
02001700,LE RHIN A GAMBSHEIM,2013-07-01,17.3,8.35,8.6,353.0,14.0,6.0,1.9,4.2,0.03,0.5,0.03,0.05,0.06,0.8,5.0
02001700,LE RHIN A GAMBSHEIM,2013-07-29,23.0,8.1,7.8,350.0,6.0,0.4,1.8,4.7,0.02,0.5,0.039,0.05,0.06,1.2,5.0
02001700,LE RHIN A GAMBSHEIM,2013-08-26,21.0,7.9,8.6,340.0,5.0,1.9,1.7,4.2,0.02,0.5,0.025,0.06,0.05,1.0,5.0
02001700,LE RHIN A GAMBSHEIM,2013-09-23,16.0,8.1,5.4,300.0,14.0,1.7,1.9,4.5,0.02,0.5,0.032,0.07,0.05,0.5,5.0
02001700,LE RHIN A GAMBSHEIM,2013-10-21,14.0,8.1,10.7,340.0,23.0,12.5,2.0,5.2,0.03,0.5,0.062,0.08,0.05,1.3,7.0
02001700,LE RHIN A GAMBSHEIM,2013-11-18,9.5,8.2,9.5,360.0,9.0,5.3,1.8,6.2,0.02,0.5,0.058,0.05,0.04,1.5,5.0
02001715,LE CANAL DU RHONE AU RHIN A MACKENHEIM,2013-01-15,,,,,,,,10.0,,,,,,,
02001715,LE CANAL DU RHONE AU RHIN A MACKENHEIM,2013-02-11,3.9,8.4,13.6,422.0,2.0,3.0,1.9,11.0,0.03,0.5,0.05,0.05,0.05,0.6,5.0
02001715,LE CANAL DU RHONE AU RHIN A MACKENHEIM,2013-03-11,,,,,,,,9.7,,,,,,,
02001715,LE CANAL DU RHONE AU RHIN A MACKENHEIM,2013-04-08,8.5,8.45,13.2,421.0,3.6,1.6,2.1,8.4,0.01,0.5,0.04,0.05,0.07,1.8,5.0
02001715,LE CANAL DU RHONE AU RHIN A MACKENHEIM,2013-05-06,,,,,,,,8.6,,,,,,,
02001715,LE CANAL DU RHONE AU RHIN A MACKENHEIM,2013-05-23,12.7,8.0,10.1,410.0,8.7,3.9,,,0.03,0.5,,,,0.6,5.0
02001715,LE CANAL DU RHONE AU RHIN A MACKENHEIM,2013-06-03,14.6,7.9,10.6,396.0,7.2,3.6,1.9,9.4,0.04,0.5,0.07,0.13,0.08,1.1,5.0
02001715,LE CANAL DU RHONE AU RHIN A MACKENHEIM,2013-06-19,22.4,7.9,8.5,383.0,5.2,3.3,,,0.03,0.5,,,,0.5,7.0
02001715,LE CANAL DU RHONE AU RHIN A MACKENHEIM,2013-07-01,18.6,8.15,9.0,398.0,4.1,2.1,1.9,8.2,0.02,0.5,0.02,0.05,0.08,0.6,7.0
02001715,LE CANAL DU RHONE AU RHIN A MACKENHEIM,2013-07-25,23.4,8.4,8.1,362.0,12.0,4.0,,,0.03,0.5,,,,1.0,7.0
02001715,LE CANAL DU RHONE AU RHIN A MACKENHEIM,2013-07-29,23.0,8.1,7.7,350.0,10.0,8.1,1.8,6.8,0.02,0.5,0.055,0.08,0.1,1.6,5.0
02001715,LE CANAL DU RHONE AU RHIN A MACKENHEIM,2013-08-26,,,,,,,,6.2,,,,,,,
02001715,LE CANAL DU RHONE AU RHIN A MACKENHEIM,2013-08-29,19.0,8.2,9.1,349.0,9.0,2.1,,,0.03,0.5,,,,0.5,6.0
02001715,LE CANAL DU RHONE AU RHIN A MACKENHEIM,2013-09-23,16.0,8.2,8.2,350.0,6.0,4.7,2.1,7.9,0.02,0.5,0.018,0.05,0.04,0.7,5.0
02001715,LE CANAL DU RHONE AU RHIN A MACKENHEIM,2013-09-26,17.8,8.1,9.3,381.0,4.2,2.9,,,0.02,0.5,,,,2.1,5.0
02001715,LE CANAL DU RHONE AU RHIN A MACKENHEIM,2013-10-21,,,,,,,,8.7,,,,,,,
02001715,LE CANAL DU RHONE AU RHIN A MACKENHEIM,2013-10-23,14.6,8.1,9.7,379.0,6.2,3.0,,,0.02,0.5,,,,1.7,5.0
02001715,LE CANAL DU RHONE AU RHIN A MACKENHEIM,2013-11-18,8.5,8.1,11.0,410.0,2.0,2.2,1.7,9.7,0.02,0.5,0.033,0.09,0.03,1.4,5.0
02001725,L'ISCHERT A SUNDHOUSE,2013-01-15,6.4,8.15,10.6,500.0,15.0,11.0,0.8,11.0,0.01,0.5,0.05,0.05,0.03,0.9,7.0
02001725,L'ISCHERT A SUNDHOUSE,2013-02-12,6.1,8.1,10.7,477.0,20.0,6.3,1.1,11.0,0.02,0.5,0.04,0.05,0.02,0.7,5.0
02001725,L'ISCHERT A SUNDHOUSE,2013-03-12,7.2,8.05,7.2,484.0,8.5,3.5,1.2,11.0,0.02,0.5,0.03,0.07,0.03,2.2,9.0
02001725,L'ISCHERT A SUNDHOUSE,2013-04-09,8.9,8.25,11.5,460.0,4.7,1.7,1.1,9.4,0.01,0.5,0.015,0.1,0.02,1.6,5.0
02001725,L'ISCHERT A SUNDHOUSE,2013-05-06,14.2,7.95,9.0,480.0,14.0,5.8,1.2,9.0,0.03,0.5,0.04,0.06,0.04,0.5,5.0
02001725,L'ISCHERT A SUNDHOUSE,2013-06-04,12.4,7.5,8.0,543.0,15.0,5.7,1.7,11.0,0.03,0.5,0.04,0.05,0.04,0.8,5.0
02001725,L'ISCHERT A SUNDHOUSE,2013-07-02,16.9,7.9,8.6,492.0,11.0,6.1,1.4,10.0,0.02,0.5,0.09,0.06,0.06,0.5,6.0
02001725,L'ISCHERT A SUNDHOUSE,2013-07-30,18.0,7.9,8.9,440.0,17.0,9.0,2.1,7.6,0.06,0.5,0.097,0.13,0.09,1.3,10.0
02001725,L'ISCHERT A SUNDHOUSE,2013-08-27,17.0,7.95,7.6,430.0,13.0,5.6,1.0,8.2,0.03,0.5,0.099,0.05,0.03,0.5,8.0
02001725,L'ISCHERT A SUNDHOUSE,2013-09-24,14.0,7.9,8.8,500.0,14.0,3.4,1.0,10.0,0.01,0.5,0.036,0.05,0.02,0.5,6.0
02001725,L'ISCHERT A SUNDHOUSE,2013-10-22,14.0,7.8,7.9,520.0,12.0,4.4,1.3,10.5,0.02,0.5,0.05,0.05,0.02,1.0,7.0
02001725,L'ISCHERT A SUNDHOUSE,2013-11-19,10.0,8.0,8.9,490.0,9.0,2.7,1.0,11.0,0.02,0.5,0.019,0.05,0.02,0.9,7.0
02001725,L'ISCHERT A SUNDHOUSE,2013-12-16,7.4,8.1,12.0,460.0,9.0,4.1,1.1,11.3,0.03,0.5,0.051,0.05,0.02,1.2,8.0
02001750,L'ILL A OLTINGUE,2013-01-07,7.5,8.25,11.7,573.0,5.3,4.5,1.3,13.0,0.03,0.5,0.08,0.06,0.02,0.5,5.0
02001750,L'ILL A OLTINGUE,2013-02-04,8.1,8.1,12.0,518.0,19.0,12.0,1.9,10.0,0.04,0.5,0.09,0.05,0.01,1.5,6.0
02001750,L'ILL A OLTINGUE,2013-03-04,6.0,8.3,15.1,558.0,5.1,2.3,2.8,12.0,0.02,0.5,0.07,0.07,0.02,1.3,5.0
02001750,L'ILL A OLTINGUE,2013-04-02,7.4,7.8,11.5,485.0,7.2,2.2,1.9,9.6,0.07,0.5,0.08,0.05,0.01,1.6,5.0
02001750,L'ILL A OLTINGUE,2013-04-29,9.5,8.2,10.8,528.0,11.0,4.7,2.3,8.5,0.03,0.5,0.08,0.07,0.02,1.7,10.0
02001750,L'ILL A OLTINGUE,2013-05-27,9.7,8.25,10.7,508.0,8.7,4.2,1.9,10.0,0.02,0.5,0.09,0.07,0.04,0.8,5.0
02001750,L'ILL A OLTINGUE,2013-06-24,11.6,8.1,9.8,529.0,9.1,3.0,1.6,12.0,0.04,0.5,0.09,0.05,0.03,1.1,5.0
02001750,L'ILL A OLTINGUE,2013-07-22,15.6,8.15,9.0,547.0,4.4,2.2,1.4,12.0,0.04,0.5,0.08,0.06,0.05,1.2,6.0
02001750,L'ILL A OLTINGUE,2013-08-19,16.0,8.15,9.8,530.0,4.0,3.2,1.6,11.5,0.04,0.5,0.12,0.08,0.03,1.1,5.0
02001750,L'ILL A OLTINGUE,2013-09-16,13.0,8.25,9.7,540.0,4.0,3.2,1.6,11.8,0.05,0.5,0.14,0.05,0.03,0.7,9.0
02001750,L'ILL A OLTINGUE,2013-10-14,11.0,8.3,9.6,540.0,8.0,4.9,2.7,11.6,0.05,0.5,0.111,0.05,0.02,1.9,9.0
02001750,L'ILL A OLTINGUE,2013-11-12,8.0,8.2,10.5,580.0,12.0,9.2,2.2,11.5,0.04,0.5,0.088,0.05,0.02,1.8,9.0
02002000,L'ILL A CARSPACH,2013-01-09,,,,,,,,16.0,,,,,,,
02002000,L'ILL A CARSPACH,2013-02-04,5.8,8.25,12.3,477.0,46.0,30.0,3.6,12.0,0.1,0.6,0.2,0.12,0.05,2.1,10.0
02002000,L'ILL A CARSPACH,2013-03-04,,,,,,,,15.0,,,,,,,
02002000,L'ILL A CARSPACH,2013-04-02,6.2,8.55,10.3,518.0,5.9,2.7,2.6,13.0,0.07,0.6,0.19,0.06,0.06,1.8,6.0
02002000,L'ILL A CARSPACH,2013-04-29,,,,,,,,13.0,,,,,,,
02002000,L'ILL A CARSPACH,2013-05-27,10.9,8.3,11.5,517.0,5.7,2.3,1.3,14.0,0.09,0.5,0.26,0.1,0.17,1.5,6.0
02002000,L'ILL A CARSPACH,2013-06-24,14.4,8.35,9.6,544.0,46.0,11.0,2.7,15.0,0.14,0.5,0.45,0.12,0.23,1.1,10.0
02002000,L'ILL A CARSPACH,2013-07-22,19.5,8.2,9.0,548.0,22.0,11.0,2.4,15.0,0.14,0.5,0.35,0.05,0.12,0.7,13.0
02002000,L'ILL A CARSPACH,2013-08-19,,,,,,,,15.0,,,,,,,
02002000,L'ILL A CARSPACH,2013-09-16,14.0,8.3,9.8,550.0,11.0,4.5,2.5,16.0,0.15,0.5,0.397,0.05,0.08,1.2,10.0
02002000,L'ILL A CARSPACH,2013-10-14,,,,,,,,13.8,,,,,,,
02002000,L'ILL A CARSPACH,2013-11-12,7.9,8.3,11.6,550.0,20.0,14.9,3.1,13.7,0.11,0.5,0.225,0.07,0.09,1.7,15.0
02003100,LE THALBACH A WITTERSDORF,2013-01-09,6.4,8.05,12.1,737.0,13.0,4.9,1.9,30.0,0.1,0.8,0.23,0.23,0.18,0.5,5.0
02003100,LE THALBACH A WITTERSDORF,2013-02-04,6.0,8.1,12.0,659.0,15.0,14.0,3.1,24.0,0.09,0.5,0.19,0.14,0.06,2.5,12.0
02003100,LE THALBACH A WITTERSDORF,2013-03-04,5.4,8.2,13.5,766.0,4.6,2.1,3.5,29.0,0.08,0.5,0.15,0.21,0.12,2.1,6.0
02003100,LE THALBACH A WITTERSDORF,2013-04-02,6.0,8.4,11.3,660.0,4.6,1.5,2.3,25.0,0.05,0.5,0.14,0.13,0.09,2.5,5.0
02003100,LE THALBACH A WITTERSDORF,2013-04-29,9.7,8.1,11.5,709.0,5.8,2.2,2.8,23.0,0.07,0.6,0.2,0.2,0.16,1.2,11.0
02003100,LE THALBACH A WITTERSDORF,2013-05-27,10.7,7.85,10.5,669.0,17.0,6.4,2.6,27.0,0.08,0.5,0.25,0.12,0.18,1.5,8.0
02003100,LE THALBACH A WITTERSDORF,2013-06-24,13.9,8.05,9.3,710.0,33.0,10.0,2.4,29.0,0.15,0.6,0.4,0.27,0.4,1.4,9.0
02003100,LE THALBACH A WITTERSDORF,2013-07-22,18.2,7.8,9.5,710.0,9.4,6.1,2.7,27.0,0.17,0.5,0.44,0.16,0.27,0.5,10.0
02003100,LE THALBACH A WITTERSDORF,2013-08-19,17.0,7.9,8.2,710.0,15.0,5.0,2.4,31.3,0.18,0.5,0.47,0.16,0.22,2.0,5.0
02003100,LE THALBACH A WITTERSDORF,2013-09-16,14.0,8.1,9.3,710.0,10.0,4.5,2.9,27.1,0.17,0.5,0.475,0.06,0.17,1.1,10.0
02003100,LE THALBACH A WITTERSDORF,2013-10-14,12.0,8.2,9.2,690.0,17.0,9.4,3.4,21.2,0.12,0.5,0.282,0.18,0.19,2.2,9.0
02003100,LE THALBACH A WITTERSDORF,2013-11-12,9.6,8.2,10.9,730.0,23.0,16.8,2.8,21.9,0.09,0.5,0.196,0.15,0.12,1.8,12.0
02003200,L'ILL A TAGOLSHEIM,2013-01-07,7.8,7.95,12.3,641.0,6.1,3.7,2.0,20.0,0.08,0.7,0.23,0.2,0.14,0.8,9.0
02003200,L'ILL A TAGOLSHEIM,2013-02-05,6.7,8.05,11.5,480.0,420.0,0.44,3.4,13.0,0.3,2.3,0.25,0.13,0.05,3.2,42.0
02003200,L'ILL A TAGOLSHEIM,2013-03-05,4.5,8.35,14.1,642.0,3.3,1.9,1.9,19.0,0.05,0.5,0.13,0.08,0.09,2.5,5.0
02003200,L'ILL A TAGOLSHEIM,2013-04-03,6.1,8.35,13.2,569.0,4.3,1.5,2.4,15.0,0.07,0.5,0.14,0.05,0.08,1.4,10.0
02003200,L'ILL A TAGOLSHEIM,2013-04-29,10.1,7.75,9.5,629.0,12.0,5.2,2.6,17.0,0.08,0.6,0.18,0.13,0.11,3.1,10.0
02003200,L'ILL A TAGOLSHEIM,2013-05-28,11.4,8.1,10.7,628.0,2.8,2.0,2.8,17.0,0.14,0.5,0.41,0.06,0.15,1.4,5.0
02003200,L'ILL A TAGOLSHEIM,2013-06-25,13.8,8.25,9.2,642.0,42.0,12.0,2.4,17.0,0.19,0.6,0.37,0.13,0.28,1.0,8.0
02003200,L'ILL A TAGOLSHEIM,2013-07-23,19.4,8.0,9.2,640.0,20.0,4.9,2.5,16.0,0.21,0.5,0.54,0.06,0.21,0.5,13.0
02003200,L'ILL A TAGOLSHEIM,2013-08-20,17.0,8.15,6.7,600.0,21.0,10.3,2.4,18.0,0.2,0.5,0.516,0.06,0.1,1.3,8.0
02003200,L'ILL A TAGOLSHEIM,2013-09-17,13.0,8.3,9.5,550.0,40.0,9.7,2.5,16.6,0.19,0.6,0.515,0.22,0.14,2.0,12.0
02003200,L'ILL A TAGOLSHEIM,2013-10-15,12.0,8.3,9.2,580.0,11.0,2.8,3.2,15.2,0.14,0.5,0.349,0.07,0.11,1.7,8.0
02003200,L'ILL A TAGOLSHEIM,2013-11-13,7.9,8.3,13.4,610.0,18.0,9.1,2.6,16.5,0.12,0.5,0.245,0.14,0.11,1.7,14.0
02003200,L'ILL A TAGOLSHEIM,2013-12-10,3.7,8.3,12.5,740.0,5.0,2.2,2.6,18.7,0.11,0.5,0.302,0.15,0.17,1.4,8.0
02003350,LA LARGUE A SEPPOIS-LE-BAS,2013-01-09,,,,,,,,12.0,,,,,,,
02003350,LA LARGUE A SEPPOIS-LE-BAS,2013-02-04,5.2,8.25,12.1,376.0,23.0,23.0,3.4,8.4,0.08,0.6,0.16,0.1,0.03,2.4,9.0
02003350,LA LARGUE A SEPPOIS-LE-BAS,2013-03-04,,,,,,,,10.0,,,,,,,
02003350,LA LARGUE A SEPPOIS-LE-BAS,2013-04-02,5.2,8.15,12.4,435.0,5.2,2.9,2.5,9.6,0.06,0.5,0.14,0.07,0.04,1.8,8.0
02003350,LA LARGUE A SEPPOIS-LE-BAS,2013-04-29,,,,,,,,9.0,,,,,,,
02003350,LA LARGUE A SEPPOIS-LE-BAS,2013-05-27,9.7,8.05,10.9,449.0,5.3,3.9,2.4,11.0,0.07,0.5,0.21,0.14,0.13,1.4,7.0
02003350,LA LARGUE A SEPPOIS-LE-BAS,2013-06-24,13.2,8.15,9.5,466.0,6.1,1.8,2.5,13.0,0.12,0.5,0.28,0.16,0.13,1.5,9.0
02003350,LA LARGUE A SEPPOIS-LE-BAS,2013-07-22,17.0,8.0,11.8,453.0,2.8,2.1,2.1,14.0,0.12,0.5,0.29,0.13,0.13,0.5,8.0
02003350,LA LARGUE A SEPPOIS-LE-BAS,2013-08-19,,,,,,,,13.8,,,,,,,
02003350,LA LARGUE A SEPPOIS-LE-BAS,2013-09-16,13.0,8.0,9.0,490.0,4.0,1.9,2.5,14.0,0.11,0.5,0.298,0.16,0.11,1.3,8.0
02003350,LA LARGUE A SEPPOIS-LE-BAS,2013-10-14,,,,,,,,12.3,,,,,,,
02003350,LA LARGUE A SEPPOIS-LE-BAS,2013-11-12,7.1,8.1,11.3,440.0,9.0,8.9,3.6,10.7,0.1,0.5,0.209,0.1,0.07,2.6,9.0
02003400,LA LARGUE A FRIESEN,2013-01-09,4.7,8.3,11.8,471.0,5.5,4.1,1.7,13.0,0.09,0.8,0.2,0.09,0.09,0.6,5.0
02003400,LA LARGUE A FRIESEN,2013-02-04,4.8,8.15,12.0,369.0,38.0,26.0,4.0,8.7,0.1,0.7,0.19,0.14,0.04,2.3,14.0
02003400,LA LARGUE A FRIESEN,2013-03-04,3.7,8.4,12.6,413.0,7.3,7.3,2.5,11.0,0.07,0.5,0.11,0.08,0.06,0.6,5.0
02003400,LA LARGUE A FRIESEN,2013-04-02,5.3,8.35,11.9,420.0,7.5,3.6,2.8,10.0,0.07,0.5,0.13,0.06,0.05,2.0,11.0
02003400,LA LARGUE A FRIESEN,2013-04-29,9.8,8.0,10.6,391.0,22.0,8.1,4.3,9.9,0.1,0.9,0.19,0.14,0.09,4.2,17.0
02003400,LA LARGUE A FRIESEN,2013-05-27,9.7,8.15,11.0,449.0,5.4,2.3,2.5,12.0,0.08,0.5,0.2,0.09,0.11,1.2,8.0
02003400,LA LARGUE A FRIESEN,2013-06-24,13.8,8.25,9.0,466.0,35.0,21.0,2.4,14.0,0.12,0.5,0.04,0.08,0.14,1.1,7.0
02003400,LA LARGUE A FRIESEN,2013-07-22,18.0,8.0,13.4,467.0,8.7,4.6,2.2,15.0,0.15,0.5,0.36,0.13,0.29,0.5,9.0
02003400,LA LARGUE A FRIESEN,2013-08-19,17.0,8.0,8.3,460.0,11.0,4.5,2.1,,0.13,0.5,0.322,0.07,0.18,1.2,5.0
02003400,LA LARGUE A FRIESEN,2013-09-16,14.0,8.1,8.8,460.0,7.0,2.7,2.6,14.6,0.14,0.5,0.349,0.07,0.12,1.3,9.0
02003400,LA LARGUE A FRIESEN,2013-10-14,12.0,8.2,9.7,440.0,15.0,1.1,4.6,12.5,0.13,0.7,0.275,0.07,0.09,2.3,15.0
02003400,LA LARGUE A FRIESEN,2013-11-12,7.2,8.1,10.8,410.0,16.0,13.9,3.9,10.7,0.12,0.6,0.233,0.09,0.08,1.9,16.0
02003800,LA LARGUE A SPECHBACH-LE-BAS,2013-01-07,5.5,8.1,12.3,441.0,9.4,7.2,2.9,14.0,0.1,0.8,0.29,0.26,0.15,1.1,5.0
02003800,LA LARGUE A SPECHBACH-LE-BAS,2013-02-05,5.9,7.95,11.8,299.0,93.0,69.0,5.4,8.0,0.15,1.2,0.21,0.12,0.05,1.2,21.0
02003800,LA LARGUE A SPECHBACH-LE-BAS,2013-03-05,3.6,8.3,12.9,454.0,15.0,4.4,2.5,12.0,0.05,0.8,0.12,0.21,0.09,2.9,5.0
02003800,LA LARGUE A SPECHBACH-LE-BAS,2013-04-03,5.8,8.2,12.7,420.0,7.1,3.0,3.0,11.0,0.05,0.6,0.14,0.11,0.07,2.0,8.0
02003800,LA LARGUE A SPECHBACH-LE-BAS,2013-04-29,10.5,7.9,9.9,367.0,27.0,15.0,5.9,13.0,0.14,1.2,0.25,0.17,0.16,4.1,22.0
02003800,LA LARGUE A SPECHBACH-LE-BAS,2013-05-28,11.4,7.9,10.1,470.0,6.6,3.4,3.6,12.0,0.17,0.5,0.42,0.12,0.16,1.4,6.0
02003800,LA LARGUE A SPECHBACH-LE-BAS,2013-06-25,15.1,8.0,8.8,508.0,14.0,5.6,3.5,13.0,0.24,0.6,0.52,0.12,0.28,1.4,10.0
02003800,LA LARGUE A SPECHBACH-LE-BAS,2013-07-23,20.7,7.8,8.6,492.0,17.0,7.9,3.2,11.0,0.24,0.5,0.61,0.07,0.12,0.5,13.0
02003800,LA LARGUE A SPECHBACH-LE-BAS,2013-08-20,18.0,8.05,6.5,490.0,17.0,11.0,2.7,13.2,0.25,0.5,0.625,0.05,0.06,1.2,8.0
02003800,LA LARGUE A SPECHBACH-LE-BAS,2013-09-17,13.0,8.1,9.4,440.0,19.0,6.8,3.2,13.1,0.19,0.6,0.477,0.1,0.16,1.9,13.0
02003800,LA LARGUE A SPECHBACH-LE-BAS,2013-10-15,12.0,8.0,9.6,380.0,53.0,32.7,5.6,14.8,0.21,1.0,0.364,0.1,0.13,1.9,22.0
02003800,LA LARGUE A SPECHBACH-LE-BAS,2013-11-13,7.9,8.0,12.2,400.0,16.0,13.7,4.4,12.4,0.13,0.6,0.311,0.1,0.1,2.1,17.0
02003800,LA LARGUE A SPECHBACH-LE-BAS,2013-12-10,2.8,8.2,12.3,560.0,8.0,3.9,3.5,14.1,0.12,0.7,0.246,0.35,0.17,2.3,7.0
02004000,L'ILL A BRUNSTATT,2013-01-08,5.7,8.4,12.1,567.0,5.8,5.1,2.6,18.0,0.1,0.8,0.26,0.21,0.17,1.0,11.0
02004000,L'ILL A BRUNSTATT,2013-02-05,6.8,7.75,10.0,419.0,30.0,79.0,3.8,12.0,0.2,1.3,0.22,0.14,0.06,1.4,21.0
02004000,L'ILL A BRUNSTATT,2013-03-05,5.4,8.45,9.6,591.0,5.9,2.9,2.3,18.0,0.04,0.5,0.15,0.12,0.1,3.0,5.0
02004000,L'ILL A BRUNSTATT,2013-04-03,6.8,8.4,12.0,530.0,4.5,2.3,2.7,15.0,0.06,0.5,0.2,0.06,0.08,2.4,5.0
02004000,L'ILL A BRUNSTATT,2013-05-02,11.7,8.1,8.5,546.0,9.9,4.0,3.2,14.0,0.11,0.6,0.25,0.13,0.17,1.3,10.0
02004000,L'ILL A BRUNSTATT,2013-05-28,11.8,8.15,10.6,586.0,4.0,2.0,3.1,16.0,0.15,0.5,0.36,0.12,0.14,1.3,5.0
02004000,L'ILL A BRUNSTATT,2013-06-25,15.8,8.1,8.0,630.0,22.0,15.0,2.5,18.0,0.19,0.5,0.41,0.09,0.27,1.2,10.0
02004000,L'ILL A BRUNSTATT,2013-07-23,21.9,8.0,8.2,609.0,11.0,7.2,3.0,14.0,0.17,0.5,0.45,0.05,0.16,1.3,10.0
02004000,L'ILL A BRUNSTATT,2013-08-20,19.0,8.1,9.8,580.0,13.0,10.9,2.6,15.6,0.2,0.5,0.537,0.05,0.1,0.6,10.0
02004000,L'ILL A BRUNSTATT,2013-09-17,14.0,8.2,8.8,540.0,12.0,5.3,3.0,15.9,0.24,0.8,0.679,0.4,0.21,1.5,10.0
02004000,L'ILL A BRUNSTATT,2013-10-15,12.0,8.2,9.5,500.0,13.0,5.7,4.4,14.6,0.16,0.5,0.391,0.14,0.14,2.0,15.0
02004000,L'ILL A BRUNSTATT,2013-11-13,8.5,8.3,10.5,560.0,15.0,12.8,3.8,15.6,0.12,0.5,0.25,0.1,0.11,1.6,6.0
02004300,LA DOLLER A SEWEN (LERCHENMATT),2013-01-07,5.0,7.55,12.4,50.0,2.0,0.49,1.1,1.8,0.01,0.5,0.02,0.05,0.01,0.5,5.0
02004300,LA DOLLER A SEWEN (LERCHENMATT),2013-02-05,4.0,7.35,12.1,34.0,2.2,0.1,1.5,1.8,0.01,0.5,0.04,0.05,0.01,0.5,5.0
02004300,LA DOLLER A SEWEN (LERCHENMATT),2013-03-05,3.0,7.75,12.6,47.0,2.0,0.3,0.9,2.0,0.01,0.5,0.017,0.05,0.01,1.6,5.0
02004300,LA DOLLER A SEWEN (LERCHENMATT),2013-04-03,3.5,7.9,12.8,46.0,2.0,0.43,1.1,1.3,0.02,0.5,0.04,0.05,0.01,1.2,5.0
02004300,LA DOLLER A SEWEN (LERCHENMATT),2013-04-29,6.7,7.65,11.1,48.0,2.0,0.11,1.1,1.1,0.01,0.5,0.015,0.05,0.01,0.8,5.0
02004300,LA DOLLER A SEWEN (LERCHENMATT),2013-05-28,8.4,7.45,10.7,47.0,2.0,0.45,1.0,1.2,0.01,0.5,0.02,0.05,0.01,0.6,5.0
02004300,LA DOLLER A SEWEN (LERCHENMATT),2013-06-25,9.2,8.15,10.5,47.0,2.0,0.14,1.4,0.9,0.01,0.5,0.02,0.05,0.01,0.5,5.0
02004300,LA DOLLER A SEWEN (LERCHENMATT),2013-07-23,13.6,7.6,10.1,54.0,2.0,0.3,1.1,1.5,0.01,0.5,0.04,0.05,0.01,1.4,5.0
02004300,LA DOLLER A SEWEN (LERCHENMATT),2013-08-20,12.0,7.6,7.9,55.0,2.0,0.1,1.0,1.6,0.01,0.5,0.033,0.05,0.01,0.5,5.0
02004300,LA DOLLER A SEWEN (LERCHENMATT),2013-09-17,8.9,7.8,10.6,57.0,4.0,0.7,2.0,2.6,0.01,0.5,0.015,0.05,0.01,0.8,6.0
02004300,LA DOLLER A SEWEN (LERCHENMATT),2013-10-15,9.6,8.0,10.0,51.0,2.0,0.6,2.1,2.0,0.01,0.5,0.019,0.05,0.01,1.5,7.0
02004300,LA DOLLER A SEWEN (LERCHENMATT),2013-11-13,6.8,7.6,12.0,39.0,2.0,0.4,1.2,1.6,0.01,0.5,0.02,0.05,0.01,1.4,8.0
02005700,LA DOLLER A REININGUE,2013-01-09,6.0,7.45,12.1,128.0,2.3,2.2,1.6,5.5,0.04,0.7,0.1,0.09,0.03,0.5,6.0
02005700,LA DOLLER A REININGUE,2013-02-06,4.3,7.0,13.6,107.0,7.2,6.7,2.3,3.8,0.04,0.5,0.09,0.05,0.01,1.1,6.0
02005700,LA DOLLER A REININGUE,2013-03-06,5.5,7.75,13.1,180.0,2.2,1.1,1.4,6.6,0.02,0.5,0.04,0.05,0.02,2.3,5.0
02005700,LA DOLLER A REININGUE,2013-04-04,5.5,7.7,16.1,161.0,2.0,0.49,1.6,4.3,0.01,0.5,0.015,0.05,0.02,2.2,7.0
02005700,LA DOLLER A REININGUE,2013-05-02,11.4,7.6,11.2,143.0,2.3,1.5,1.8,4.5,0.02,0.5,0.05,0.05,0.03,0.9,6.0
02005700,LA DOLLER A REININGUE,2013-05-29,10.7,7.7,12.4,124.0,2.5,1.5,2.1,3.3,0.03,0.5,0.09,0.05,0.07,1.1,5.0
02005700,LA DOLLER A REININGUE,2013-06-26,14.2,7.4,7.9,220.0,2.0,0.47,1.3,7.0,0.03,0.5,0.08,0.05,0.03,1.1,6.0
02005700,LA DOLLER A REININGUE,2013-07-24,16.0,7.35,7.7,230.0,2.0,0.9,1.5,5.1,0.01,0.5,0.015,0.05,0.02,0.5,6.0
02005700,LA DOLLER A REININGUE,2013-08-21,15.0,7.45,8.2,220.0,4.0,1.4,1.4,5.5,0.02,0.5,0.04,0.05,0.01,0.5,5.0
02005700,LA DOLLER A REININGUE,2013-09-18,14.0,7.7,10.4,140.0,82.0,6.7,2.7,3.1,0.07,1.4,0.162,0.18,0.04,5.2,48.0
02005700,LA DOLLER A REININGUE,2013-10-16,12.0,7.5,10.2,94.0,16.0,2.3,3.1,3.0,0.05,0.5,0.084,0.05,0.02,1.9,17.0
02005700,LA DOLLER A REININGUE,2013-11-14,8.7,7.4,11.1,98.0,4.0,2.0,2.3,4.3,0.03,0.5,0.071,0.13,0.01,1.5,7.0
02007000,L'ILL A RUELISHEIM,2013-01-10,5.7,8.2,12.3,423.0,5.5,4.4,2.0,13.0,0.06,0.5,0.18,0.1,0.1,2.4,6.0
02007000,L'ILL A RUELISHEIM,2013-02-06,4.9,8.05,12.4,300.0,100.0,41.0,4.2,8.0,0.15,1.0,0.22,0.11,0.04,1.2,46.0
02007000,L'ILL A RUELISHEIM,2013-03-06,5.0,8.55,8.5,487.0,3.5,2.3,1.9,13.0,0.03,0.5,0.04,0.05,0.06,2.8,5.0
02007000,L'ILL A RUELISHEIM,2013-05-02,12.1,8.1,11.2,444.0,9.9,3.4,2.7,10.0,0.07,0.5,0.15,0.05,0.1,0.7,9.0
02007000,L'ILL A RUELISHEIM,2013-05-29,12.0,8.0,10.2,410.0,9.7,2.6,1.7,10.0,0.08,0.5,0.17,0.05,0.09,0.7,5.0
02007000,L'ILL A RUELISHEIM,2013-06-26,17.1,8.2,9.6,468.0,19.0,6.4,2.4,11.0,0.1,0.5,0.21,0.05,0.13,1.4,9.0
02007000,L'ILL A RUELISHEIM,2013-07-24,23.0,8.0,9.0,410.0,22.0,4.3,2.2,7.8,0.08,0.7,0.164,0.05,0.08,0.5,11.0
02007000,L'ILL A RUELISHEIM,2013-08-21,20.0,8.15,8.9,370.0,12.0,4.3,1.8,5.8,0.05,0.5,0.103,0.05,0.04,0.5,9.0
02007000,L'ILL A RUELISHEIM,2013-09-18,15.0,7.9,8.2,350.0,22.0,2.6,2.7,7.8,0.18,1.0,0.378,0.4,0.11,5.0,12.0
02007000,L'ILL A RUELISHEIM,2013-10-16,12.0,8.0,11.8,320.0,19.0,4.4,3.3,7.3,0.1,1.7,0.25,0.05,0.08,1.6,14.0
02007000,L'ILL A RUELISHEIM,2013-11-14,8.7,8.1,10.1,330.0,18.0,7.5,2.9,9.9,0.07,0.5,0.196,0.05,0.05,1.3,13.0
02009000,LA THUR A WILLER-SUR-THUR,2013-01-09,5.6,7.4,12.3,91.0,2.0,0.98,1.6,3.0,0.04,0.6,0.07,0.05,0.01,0.5,5.0
02009000,LA THUR A WILLER-SUR-THUR,2013-02-06,4.3,7.05,13.5,87.0,3.2,1.8,1.8,2.3,0.02,0.5,0.08,0.07,0.01,0.8,5.0
02009000,LA THUR A WILLER-SUR-THUR,2013-03-06,6.1,7.9,14.4,125.0,2.0,0.63,1.7,3.0,0.04,0.5,0.1,0.05,0.01,0.5,5.0
02009000,LA THUR A WILLER-SUR-THUR,2013-04-04,6.3,8.0,14.9,114.0,2.0,0.4,1.6,2.7,0.03,0.5,0.04,0.08,0.07,1.9,5.0
02009000,LA THUR A WILLER-SUR-THUR,2013-05-02,11.5,8.0,11.2,97.0,2.1,0.77,1.7,1.9,0.03,0.5,0.05,0.05,0.02,1.2,5.0
02009000,LA THUR A WILLER-SUR-THUR,2013-05-29,8.6,7.8,11.8,91.0,2.0,0.94,2.4,1.9,0.02,0.5,0.05,0.05,0.01,1.1,5.0
02009000,LA THUR A WILLER-SUR-THUR,2013-06-26,10.8,7.75,10.5,102.0,2.6,0.72,1.9,2.2,0.05,0.5,0.09,0.05,0.01,1.0,7.0
02009000,LA THUR A WILLER-SUR-THUR,2013-07-24,16.0,7.75,9.2,150.0,2.0,0.5,2.1,3.0,0.09,0.5,0.205,0.05,0.03,0.5,5.0
02009000,LA THUR A WILLER-SUR-THUR,2013-08-21,14.0,7.7,10.4,100.0,2.0,0.6,1.4,2.4,0.03,0.5,0.08,0.05,0.01,0.5,6.0
02009000,LA THUR A WILLER-SUR-THUR,2013-09-18,13.0,7.5,10.8,90.0,62.0,3.7,4.5,3.8,0.11,1.2,0.112,0.12,0.02,2.9,43.0
02009000,LA THUR A WILLER-SUR-THUR,2013-10-16,11.0,7.4,10.3,76.0,8.0,1.1,3.1,3.1,0.03,0.5,0.074,0.06,0.01,1.6,10.0
02009000,LA THUR A WILLER-SUR-THUR,2013-11-14,8.8,7.6,11.2,71.0,3.0,1.1,2.0,2.8,0.03,0.5,0.061,0.05,0.01,1.4,9.0
02010000,LA THUR A STAFFELFELDEN,2013-01-09,6.7,7.5,12.1,198.0,2.0,1.1,1.7,5.3,0.07,0.7,0.16,0.1,0.03,0.6,6.0
02010000,LA THUR A STAFFELFELDEN,2013-02-06,5.6,7.0,10.3,149.0,6.7,2.6,2.3,4.0,0.05,0.5,0.13,0.13,0.02,1.8,8.0
02010000,LA THUR A STAFFELFELDEN,2013-03-06,8.0,8.35,13.3,363.0,2.0,0.56,1.6,5.5,0.07,0.5,0.22,0.2,0.06,2.3,5.0
02010000,LA THUR A STAFFELFELDEN,2013-04-04,8.3,8.4,14.8,338.0,2.5,0.12,2.1,4.6,0.07,0.5,0.17,0.28,0.07,1.9,8.0
02010000,LA THUR A STAFFELFELDEN,2013-05-02,13.5,8.25,11.7,221.0,2.0,0.62,2.0,3.1,0.06,0.5,0.15,0.2,0.07,1.0,10.0
02010000,LA THUR A STAFFELFELDEN,2013-05-29,10.7,7.7,10.9,216.0,4.1,1.1,1.9,2.8,0.09,0.6,0.19,0.4,0.07,2.0,6.0
02010000,LA THUR A STAFFELFELDEN,2013-06-26,16.1,7.85,9.9,411.0,3.8,0.87,2.1,3.6,0.08,0.5,0.17,0.06,0.06,0.8,10.0
02010000,LA THUR A STAFFELFELDEN,2013-07-24,21.0,8.0,14.0,470.0,2.0,1.2,2.5,4.5,0.11,0.5,0.298,0.05,0.04,0.5,10.0
02010000,LA THUR A STAFFELFELDEN,2013-08-21,19.0,8.4,9.8,440.0,3.0,0.6,1.6,3.1,0.06,0.5,0.147,0.05,0.02,0.5,5.0
02010000,LA THUR A STAFFELFELDEN,2013-09-18,15.0,7.7,10.2,240.0,87.0,5.8,3.4,3.3,0.15,2.2,0.336,0.61,0.05,7.5,41.0
02010000,LA THUR A STAFFELFELDEN,2013-10-16,12.0,7.6,10.3,170.0,19.0,3.0,3.5,4.2,0.06,0.7,0.12,0.14,0.02,2.0,18.0
02010000,LA THUR A STAFFELFELDEN,2013-11-14,9.5,7.3,10.9,140.0,4.0,1.9,2.2,4.0,0.05,0.5,0.136,0.19,0.03,2.1,10.0
02011000,LA THUR A ENSISHEIM,2013-01-10,6.6,7.65,12.8,223.0,2.0,1.2,1.7,6.7,0.07,0.5,0.19,0.11,0.05,1.4,5.0
02011000,LA THUR A ENSISHEIM,2013-02-06,4.5,7.55,12.7,149.0,4.4,2.2,2.1,4.1,0.05,0.5,0.12,0.11,0.02,2.3,5.0
02011000,LA THUR A ENSISHEIM,2013-03-06,6.8,8.15,8.4,411.0,2.0,0.8,2.0,7.2,0.05,0.5,0.018,0.07,0.07,0.5,5.0
02011000,LA THUR A ENSISHEIM,2013-04-04,6.9,8.6,13.6,380.0,2.0,0.47,2.5,5.5,0.07,0.5,0.18,0.21,0.1,2.0,10.0
02011000,LA THUR A ENSISHEIM,2013-05-02,12.6,8.0,11.8,252.0,2.0,1.0,2.0,3.6,0.05,0.5,0.12,0.05,0.05,0.5,10.0
02011000,LA THUR A ENSISHEIM,2013-05-29,10.5,7.55,10.3,235.0,5.0,1.8,3.2,3.4,0.08,0.5,0.16,0.12,0.08,1.5,5.0
02011000,LA THUR A ENSISHEIM,2013-06-26,15.4,7.95,10.0,466.0,5.6,1.7,2.2,4.2,0.09,0.5,0.17,0.06,0.06,1.0,7.0
02011000,LA THUR A ENSISHEIM,2013-07-24,21.0,8.4,9.8,500.0,5.0,4.4,2.3,5.1,0.14,0.5,0.37,0.05,0.04,1.1,10.0
02011000,LA THUR A ENSISHEIM,2013-08-21,20.0,9.55,14.1,480.0,6.0,1.7,2.0,2.3,0.06,0.5,0.203,0.05,0.02,0.5,8.0
02011000,LA THUR A ENSISHEIM,2013-09-18,14.0,7.7,9.6,430.0,33.0,8.2,3.0,4.6,0.18,1.1,0.39,0.41,0.06,3.8,12.0
02011000,LA THUR A ENSISHEIM,2013-10-16,12.0,7.6,11.8,170.0,49.0,2.9,4.0,3.4,0.09,0.8,0.079,0.05,0.02,2.0,33.0
02011000,LA THUR A ENSISHEIM,2013-11-14,8.8,7.9,10.4,140.0,4.0,1.7,2.3,4.4,0.04,0.5,0.098,0.05,0.02,1.4,9.0
02013000,L'ILL A OBERHERGHEIM,2013-01-10,2.8,8.35,12.8,361.0,4.3,4.4,2.1,11.0,0.07,0.5,0.19,0.14,0.09,1.7,5.0
02013000,L'ILL A OBERHERGHEIM,2013-02-07,4.7,7.5,8.6,287.0,50.0,41.0,3.6,7.5,0.12,0.6,0.18,0.09,0.04,1.5,17.0
02013000,L'ILL A OBERHERGHEIM,2013-03-07,6.8,8.45,13.6,458.0,3.4,1.4,2.1,11.0,0.03,0.7,0.03,0.05,0.05,2.3,5.0
02013000,L'ILL A OBERHERGHEIM,2013-04-05,6.5,8.9,13.4,440.0,2.5,1.3,2.2,9.4,0.02,0.5,0.019,0.05,0.07,2.4,5.0
02013000,L'ILL A OBERHERGHEIM,2013-05-03,12.8,8.25,11.5,387.0,5.7,3.0,2.5,8.4,0.09,0.5,0.13,0.05,0.09,0.9,12.0
02013000,L'ILL A OBERHERGHEIM,2013-05-30,12.2,8.3,12.2,370.0,8.2,2.4,2.4,7.3,0.08,0.5,0.23,0.07,0.1,1.9,7.0
02013000,L'ILL A OBERHERGHEIM,2013-06-27,16.7,8.3,10.0,489.0,12.0,3.7,2.5,7.9,0.13,0.5,0.19,0.05,0.06,2.1,9.0
02013000,L'ILL A OBERHERGHEIM,2013-07-25,23.0,8.15,9.3,440.0,21.0,4.0,2.6,6.6,0.09,0.5,0.206,0.05,0.09,1.6,13.0
02013000,L'ILL A OBERHERGHEIM,2013-08-22,21.0,8.35,10.8,400.0,6.0,2.1,2.0,5.2,0.05,0.5,0.103,0.05,0.02,1.0,8.0
02013000,L'ILL A OBERHERGHEIM,2013-09-19,15.0,8.1,10.2,280.0,52.0,4.2,3.5,7.5,0.11,0.8,0.196,0.05,0.06,1.5,27.0
02013000,L'ILL A OBERHERGHEIM,2013-10-17,12.0,8.1,10.3,290.0,31.0,11.3,3.6,7.3,0.11,0.7,0.187,0.08,0.07,1.5,12.0
02013000,L'ILL A OBERHERGHEIM,2013-11-15,8.2,8.2,11.5,270.0,10.0,4.1,2.2,7.5,0.05,0.5,0.133,0.05,0.04,1.6,6.0
02016050,LA LAUCH A BUHL (AVAL),2013-01-09,,,,,,,,2.7,,,,,,,
02016050,LA LAUCH A BUHL (AVAL),2013-02-07,4.1,7.45,13.4,70.0,8.8,1.6,2.0,2.6,0.02,0.5,0.06,0.05,0.01,1.2,5.0
02016050,LA LAUCH A BUHL (AVAL),2013-03-07,,,,,,,,2.3,,,,,,,
02016050,LA LAUCH A BUHL (AVAL),2013-04-05,4.1,8.05,14.2,76.0,6.1,0.3,1.4,1.6,0.02,0.5,0.015,0.05,0.01,1.8,5.0
02016050,LA LAUCH A BUHL (AVAL),2013-05-03,,,,,,,,1.8,,,,,,,
02016050,LA LAUCH A BUHL (AVAL),2013-05-30,8.4,7.6,11.1,71.0,2.0,0.35,1.5,1.7,0.02,0.5,0.03,0.06,0.01,0.8,7.0
02016050,LA LAUCH A BUHL (AVAL),2013-06-27,11.7,7.55,10.4,92.0,2.2,0.65,1.4,1.6,0.01,0.5,0.06,0.06,0.01,1.7,5.0
02016050,LA LAUCH A BUHL (AVAL),2013-07-25,18.0,7.65,9.8,100.0,2.0,0.6,1.7,2.0,0.02,0.5,0.065,0.05,0.01,0.5,8.0
02016050,LA LAUCH A BUHL (AVAL),2013-08-22,,,,,,,,1.7,,,,,,,
02016050,LA LAUCH A BUHL (AVAL),2013-09-19,12.0,7.7,10.4,89.0,13.0,3.8,3.2,3.6,0.01,0.5,0.023,0.05,0.01,0.5,15.0
02016050,LA LAUCH A BUHL (AVAL),2013-10-17,,,,,,,,2.6,,,,,,,
02016050,LA LAUCH A BUHL (AVAL),2013-11-15,7.0,7.6,11.9,60.0,4.0,1.5,1.5,2.5,0.01,0.5,0.033,0.05,0.01,1.7,5.0
02017000,LA LAUCH A MERXHEIM,2013-01-10,6.6,7.55,12.2,147.0,2.0,1.3,2.0,5.0,0.08,0.7,0.17,0.26,0.07,1.8,6.0
02017000,LA LAUCH A MERXHEIM,2013-02-06,4.5,7.55,12.5,143.0,5.5,3.0,2.6,5.0,0.08,0.5,0.2,0.27,0.03,2.0,9.0
02017000,LA LAUCH A MERXHEIM,2013-03-06,7.1,8.3,8.5,210.0,2.0,0.66,2.2,5.2,0.06,0.7,0.1,0.6,0.16,2.6,5.0
02017000,LA LAUCH A MERXHEIM,2013-05-02,11.3,7.95,11.9,144.0,2.0,1.0,2.1,2.8,0.09,0.5,0.29,0.24,0.06,1.1,9.0
02017000,LA LAUCH A MERXHEIM,2013-05-29,10.3,7.5,11.3,135.0,3.0,1.1,2.4,2.4,0.06,0.5,0.12,0.05,0.04,1.0,6.0
02017000,LA LAUCH A MERXHEIM,2013-06-26,15.4,8.0,9.8,273.0,2.4,0.63,2.8,4.4,0.28,0.5,0.7,0.06,0.05,0.9,9.0
02017000,LA LAUCH A MERXHEIM,2013-07-25,20.0,7.65,8.2,330.0,5.0,1.3,4.0,10.0,0.59,0.6,1.73,0.07,0.06,2.1,15.0
02017000,LA LAUCH A MERXHEIM,2013-08-21,20.0,8.0,8.9,440.0,5.0,2.0,3.5,8.3,0.3,0.7,0.781,0.05,0.03,0.5,13.0
02017000,LA LAUCH A MERXHEIM,2013-09-19,14.0,7.8,10.9,170.0,13.0,4.0,3.5,4.9,0.21,0.5,0.613,0.05,0.01,0.5,13.0
02017000,LA LAUCH A MERXHEIM,2013-10-16,12.0,7.7,11.1,140.0,16.0,2.4,3.4,4.0,0.04,0.9,0.108,0.05,0.02,1.7,16.0
02017000,LA LAUCH A MERXHEIM,2013-11-15,7.7,7.6,11.5,110.0,4.0,1.5,1.9,3.9,0.06,0.5,0.16,0.14,0.02,2.2,7.0
02018000,LA LAUCH A HERRLISHEIM-PRES-COLMAR,2013-01-10,,,,,,,,11.0,,,,,,,
02018000,LA LAUCH A HERRLISHEIM-PRES-COLMAR,2013-02-07,4.9,7.4,8.0,213.0,13.0,6.6,3.4,8.7,0.08,0.5,0.18,0.1,0.05,1.6,9.0
02018000,LA LAUCH A HERRLISHEIM-PRES-COLMAR,2013-03-07,,,,,,,,11.0,,,,,,,
02018000,LA LAUCH A HERRLISHEIM-PRES-COLMAR,2013-04-05,6.5,9.1,15.4,306.0,2.0,0.77,2.6,7.9,0.03,0.5,0.05,0.05,0.12,2.1,5.0
02018000,LA LAUCH A HERRLISHEIM-PRES-COLMAR,2013-05-03,,,,,,,,6.1,,,,,,,
02018000,LA LAUCH A HERRLISHEIM-PRES-COLMAR,2013-05-30,11.0,7.9,11.5,238.0,3.5,1.7,2.8,5.6,0.08,0.5,0.24,0.07,0.09,1.3,5.0
02018000,LA LAUCH A HERRLISHEIM-PRES-COLMAR,2013-06-27,14.5,7.95,8.5,385.0,5.9,2.4,2.6,7.4,0.24,0.5,0.49,0.09,0.14,2.2,8.0
02018000,LA LAUCH A HERRLISHEIM-PRES-COLMAR,2013-07-25,22.0,8.1,8.4,510.0,5.0,2.1,3.8,12.8,0.28,0.6,0.765,0.16,0.27,1.7,12.0
02018000,LA LAUCH A HERRLISHEIM-PRES-COLMAR,2013-09-19,15.0,7.9,9.5,210.0,11.0,6.8,4.6,6.4,0.23,0.5,0.481,0.05,0.06,1.0,18.0
02018000,LA LAUCH A HERRLISHEIM-PRES-COLMAR,2013-10-17,,,,,,,,5.8,,,,,,,
02018000,LA LAUCH A HERRLISHEIM-PRES-COLMAR,2013-11-15,7.5,7.9,11.4,160.0,4.0,2.0,2.2,6.0,0.06,0.5,0.155,0.05,0.03,1.4,5.0
02018500,L'ILL A COLMAR (MAISON ROUGE),2013-01-15,4.5,8.2,12.1,430.0,7.1,4.3,2.0,12.0,0.06,0.5,0.17,0.12,0.1,0.8,7.0
02018500,L'ILL A COLMAR (MAISON ROUGE),2013-02-07,4.7,7.95,12.4,299.0,49.0,19.0,3.4,8.1,0.12,0.6,0.18,0.1,0.04,1.5,14.0
02018500,L'ILL A COLMAR (MAISON ROUGE),2013-03-07,7.7,8.3,12.4,485.0,2.6,1.7,2.0,12.0,0.03,0.6,0.04,0.05,0.06,1.9,5.0
02018500,L'ILL A COLMAR (MAISON ROUGE),2013-04-05,7.8,8.35,13.2,460.0,3.1,1.1,2.1,9.6,0.03,0.5,0.018,0.05,0.06,2.0,5.0
02018500,L'ILL A COLMAR (MAISON ROUGE),2013-05-03,13.4,8.0,10.4,398.0,8.7,2.9,2.5,8.9,0.08,0.5,0.16,0.07,0.09,1.3,16.0
02018500,L'ILL A COLMAR (MAISON ROUGE),2013-05-30,12.7,7.95,10.4,396.0,8.0,2.8,2.2,8.1,0.08,0.5,0.22,0.07,0.1,1.3,8.0
02018500,L'ILL A COLMAR (MAISON ROUGE),2013-06-27,15.8,7.95,8.5,491.0,10.0,4.7,2.2,11.0,0.06,0.6,0.16,0.05,0.08,1.9,5.0
02018500,L'ILL A COLMAR (MAISON ROUGE),2013-07-25,22.0,7.9,10.3,470.0,8.0,3.4,2.2,8.3,0.05,0.5,0.137,0.06,0.08,0.8,7.0
02018500,L'ILL A COLMAR (MAISON ROUGE),2013-08-22,20.0,8.0,9.0,490.0,3.0,2.5,1.9,7.9,0.04,0.5,0.082,0.07,0.07,1.0,8.0
02018500,L'ILL A COLMAR (MAISON ROUGE),2013-09-19,15.0,7.8,8.8,290.0,44.0,10.2,3.0,7.1,0.13,0.8,0.221,0.11,0.09,1.8,20.0
02018500,L'ILL A COLMAR (MAISON ROUGE),2013-10-17,12.0,8.0,9.5,330.0,42.0,12.4,3.4,7.9,0.12,0.6,0.182,0.06,0.07,1.5,14.0
02018500,L'ILL A COLMAR (MAISON ROUGE),2013-11-15,8.2,7.9,13.8,310.0,9.0,4.4,2.2,8.9,0.05,0.5,0.137,0.06,0.05,1.6,8.0
02018780,LA PETITE FECHT A STOSSWIHR (B),2013-01-14,2.6,7.35,12.9,42.0,2.3,0.44,1.6,2.0,0.01,0.5,0.04,0.05,0.01,0.5,5.0
02018780,LA PETITE FECHT A STOSSWIHR (B),2013-02-07,2.8,6.95,12.8,39.0,2.0,0.42,2.1,1.4,0.01,0.5,0.03,0.05,0.02,0.8,10.0
02018780,LA PETITE FECHT A STOSSWIHR (B),2013-03-07,2.8,7.25,7.9,44.0,2.0,0.41,3.0,1.8,0.01,0.5,0.015,0.05,0.01,1.7,5.0
02018780,LA PETITE FECHT A STOSSWIHR (B),2013-04-05,2.8,7.35,13.7,45.0,2.0,0.11,1.6,0.8,0.01,0.5,0.02,0.05,0.01,1.4,5.0
02018780,LA PETITE FECHT A STOSSWIHR (B),2013-05-03,7.4,7.0,11.9,33.0,2.0,0.54,2.8,1.0,0.02,0.5,0.04,0.05,0.01,0.5,12.0
02018780,LA PETITE FECHT A STOSSWIHR (B),2013-05-30,6.9,7.15,12.1,43.0,2.0,0.36,2.6,0.7,0.01,0.5,0.06,0.05,0.01,0.9,8.0
02018780,LA PETITE FECHT A STOSSWIHR (B),2013-06-27,9.0,7.45,9.4,43.0,2.0,0.1,2.2,0.7,0.02,0.5,0.06,0.05,0.01,1.3,8.0
02018780,LA PETITE FECHT A STOSSWIHR (B),2013-07-25,15.0,7.1,11.2,51.0,2.0,0.1,2.7,1.1,0.03,0.5,0.03,0.05,0.01,0.6,5.0
02018780,LA PETITE FECHT A STOSSWIHR (B),2013-08-22,12.0,7.25,11.9,47.0,2.0,0.2,1.4,1.1,0.02,0.5,0.043,0.05,0.01,0.6,5.0
02018780,LA PETITE FECHT A STOSSWIHR (B),2013-09-19,9.0,7.0,10.7,37.0,2.0,0.7,4.8,1.6,0.03,0.5,0.018,0.05,0.01,0.5,14.0
02018780,LA PETITE FECHT A STOSSWIHR (B),2013-10-17,9.4,7.1,10.8,34.0,2.0,1.0,3.8,1.3,0.01,0.5,0.021,0.05,0.01,1.2,10.0
02018780,LA PETITE FECHT A STOSSWIHR (B),2013-11-15,6.1,7.2,13.1,36.0,2.0,0.8,2.3,1.3,0.01,0.5,0.02,0.05,0.01,1.0,6.0
02019000,LA FECHT A WALBACH,2013-01-14,3.5,7.3,12.9,80.0,2.0,0.9,2.1,3.6,0.02,0.5,0.08,0.05,0.01,0.5,5.0
02019000,LA FECHT A WALBACH,2013-02-07,4.1,7.3,12.9,81.0,8.0,2.6,2.5,3.2,0.04,0.5,0.1,0.05,0.01,1.0,8.0
02019000,LA FECHT A WALBACH,2013-03-07,5.6,8.4,8.3,88.0,2.0,1.1,2.1,2.8,0.03,0.5,0.03,0.05,0.01,1.9,5.0
02019000,LA FECHT A WALBACH,2013-04-05,4.6,8.55,15.0,94.0,2.0,0.34,1.9,2.0,0.02,0.5,0.05,0.05,0.01,1.8,5.0
02019000,LA FECHT A WALBACH,2013-05-03,9.3,7.3,12.2,74.0,4.2,3.4,2.2,2.0,0.04,0.5,0.06,0.05,0.01,1.6,15.0
02019000,LA FECHT A WALBACH,2013-05-30,8.5,7.2,12.0,79.0,5.1,1.2,2.1,1.7,0.03,0.5,0.11,0.05,0.01,1.2,5.0
02019000,LA FECHT A WALBACH,2013-06-27,11.4,7.6,10.2,114.0,4.3,1.5,2.1,2.3,0.06,0.5,0.12,0.06,0.02,1.8,7.0
02019000,LA FECHT A WALBACH,2013-07-25,17.0,7.2,12.1,130.0,3.0,0.8,2.7,3.0,0.06,0.5,0.149,0.05,0.02,0.9,7.0
02019000,LA FECHT A WALBACH,2013-08-22,15.0,7.35,10.9,130.0,2.0,0.3,1.7,3.0,0.05,0.5,0.13,0.05,0.02,0.7,5.0
02019000,LA FECHT A WALBACH,2013-09-19,11.0,7.1,10.4,68.0,8.0,1.9,3.8,2.5,0.04,0.5,0.058,0.05,0.01,0.5,17.0
02019000,LA FECHT A WALBACH,2013-10-17,9.9,7.1,10.9,59.0,6.0,2.2,3.1,2.0,0.03,0.5,0.05,0.05,0.01,1.2,11.0
02019000,LA FECHT A WALBACH,2013-11-15,12.0,7.3,13.7,73.0,4.0,2.1,2.0,3.0,0.02,0.5,0.07,0.05,0.01,1.4,5.0
02019500,LE MUHLBACH DE TURCKHEIM A WINTZENHEIM,2013-01-14,3.2,7.6,13.5,90.0,2.0,1.7,1.8,4.5,0.03,0.5,0.08,0.05,0.01,0.8,5.0
02019500,LE MUHLBACH DE TURCKHEIM A WINTZENHEIM,2013-02-07,4.0,7.8,13.5,86.0,3.7,1.6,2.8,3.9,0.04,0.5,0.09,0.05,0.01,1.0,9.0
02019500,LE MUHLBACH DE TURCKHEIM A WINTZENHEIM,2013-03-07,6.3,8.6,8.5,97.0,3.0,0.1,2.1,3.1,0.01,0.6,0.015,0.05,0.01,1.9,5.0
02019500,LE MUHLBACH DE TURCKHEIM A WINTZENHEIM,2013-04-05,5.1,8.4,13.4,101.0,2.1,0.54,2.0,2.3,0.01,0.5,0.015,0.05,0.01,1.4,5.0
02019500,LE MUHLBACH DE TURCKHEIM A WINTZENHEIM,2013-05-03,10.1,7.75,11.3,82.0,9.7,5.6,2.8,2.4,0.04,0.5,0.07,0.05,0.01,0.5,17.0
02019500,LE MUHLBACH DE TURCKHEIM A WINTZENHEIM,2013-05-30,9.1,7.5,11.9,81.0,2.7,1.8,2.6,2.7,0.03,0.5,0.11,0.05,0.01,1.2,7.0
02019500,LE MUHLBACH DE TURCKHEIM A WINTZENHEIM,2013-06-27,11.9,7.65,9.3,130.0,8.5,1.6,2.4,2.5,0.08,0.5,0.13,0.06,0.02,1.8,11.0
02019500,LE MUHLBACH DE TURCKHEIM A WINTZENHEIM,2013-07-25,18.0,7.5,11.4,130.0,11.0,2.7,2.9,3.1,0.08,0.5,0.145,0.05,0.02,0.8,10.0
02019500,LE MUHLBACH DE TURCKHEIM A WINTZENHEIM,2013-08-22,15.0,7.7,10.9,140.0,6.0,2.2,1.7,2.9,0.05,0.5,0.126,0.05,0.01,0.7,8.0
02019500,LE MUHLBACH DE TURCKHEIM A WINTZENHEIM,2013-09-19,12.0,7.3,10.3,78.0,6.0,1.9,4.5,2.7,0.05,0.5,0.082,0.05,0.01,0.5,13.0
02019500,LE MUHLBACH DE TURCKHEIM A WINTZENHEIM,2013-10-17,10.0,7.4,10.8,66.0,3.0,1.3,3.0,2.2,0.03,0.5,0.062,0.05,0.01,1.4,8.0
02019500,LE MUHLBACH DE TURCKHEIM A WINTZENHEIM,2013-11-15,6.8,7.4,13.7,76.0,8.0,3.4,2.1,2.9,0.03,0.5,0.064,0.05,0.01,1.1,7.0
02020000,LA WEISS A SIGOLSHEIM,2013-01-14,3.6,7.7,13.2,129.0,11.0,6.2,3.6,4.8,0.14,0.5,0.33,0.26,0.03,4.0,19.0
02020000,LA WEISS A SIGOLSHEIM,2013-02-07,4.5,7.5,12.8,139.0,12.0,4.0,3.8,5.0,0.08,0.6,0.18,0.05,0.01,1.4,18.0
02020000,LA WEISS A SIGOLSHEIM,2013-03-07,6.2,7.7,8.2,159.0,8.0,0.41,3.9,4.0,0.07,0.6,0.11,0.05,0.02,2.5,7.0
02020000,LA WEISS A SIGOLSHEIM,2013-04-05,5.3,8.1,12.8,169.0,2.0,1.4,3.4,3.8,0.05,0.5,0.16,0.05,0.04,1.9,5.0
02020000,LA WEISS A SIGOLSHEIM,2013-05-03,10.6,7.65,9.2,149.0,14.0,7.1,4.5,3.6,0.12,0.7,0.2,0.06,0.03,0.5,22.0
02020000,LA WEISS A SIGOLSHEIM,2013-05-30,9.3,7.7,11.9,159.0,7.9,2.3,3.9,3.1,0.08,0.5,0.2,0.14,0.02,1.5,5.0
02020000,LA WEISS A SIGOLSHEIM,2013-06-27,11.9,7.8,9.0,191.0,7.6,2.4,4.0,3.0,0.09,0.5,0.23,0.06,0.04,2.3,14.0
02020000,LA WEISS A SIGOLSHEIM,2013-07-25,20.0,8.1,12.1,300.0,9.0,1.8,5.1,3.8,0.12,0.5,0.295,0.07,0.1,0.9,17.0
02020000,LA WEISS A SIGOLSHEIM,2013-08-22,16.0,8.05,10.9,210.0,5.0,2.4,3.3,6.1,0.14,0.5,0.388,0.18,0.6,1.3,11.0
02020000,LA WEISS A SIGOLSHEIM,2013-09-19,12.0,7.6,10.5,120.0,17.0,8.6,5.9,2.9,0.09,0.6,0.149,0.07,0.03,0.6,23.0
02020000,LA WEISS A SIGOLSHEIM,2013-10-17,11.0,7.8,11.3,100.0,18.0,4.5,4.3,3.6,0.06,0.5,0.114,0.05,0.01,1.5,16.0
02020000,LA WEISS A SIGOLSHEIM,2013-11-15,7.1,7.6,13.3,110.0,7.0,2.9,3.2,4.8,0.09,0.5,0.227,0.13,0.03,1.9,12.0
02021000,LA FECHT A GUEMAR,2013-01-15,,,,,,,,4.9,,,,,,,
02021000,LA FECHT A GUEMAR,2013-02-11,2.8,7.85,13.4,135.0,7.1,2.2,3.1,4.5,0.08,0.5,0.14,0.05,0.01,0.5,8.0
02021000,LA FECHT A GUEMAR,2013-03-11,,,,,,,,3.5,,,,,,,
02021000,LA FECHT A GUEMAR,2013-04-08,5.2,8.15,14.5,186.0,2.0,0.54,2.9,3.0,0.03,0.5,0.1,0.05,0.03,1.8,5.0
02021000,LA FECHT A GUEMAR,2013-05-06,,,,,,,,2.7,,,,,,,
02021000,LA FECHT A GUEMAR,2013-06-03,10.1,7.5,10.9,134.0,11.0,4.0,3.0,3.2,0.06,0.5,0.11,0.05,0.02,1.6,14.0
02021000,LA FECHT A GUEMAR,2013-07-01,15.4,7.55,10.4,192.0,5.5,1.9,3.2,3.1,0.08,0.5,0.21,0.05,0.05,0.8,11.0
02021000,LA FECHT A GUEMAR,2013-07-29,21.0,7.5,8.8,300.0,11.0,3.0,3.9,4.2,0.16,0.6,0.393,0.12,0.1,1.6,12.0
02021000,LA FECHT A GUEMAR,2013-08-26,,,,,,,,3.6,,,,,,,
02021000,LA FECHT A GUEMAR,2013-09-23,13.0,7.6,9.6,150.0,11.0,2.5,2.7,2.9,0.07,0.5,0.143,0.05,0.02,0.8,8.0
02021000,LA FECHT A GUEMAR,2013-10-21,,,,,,,,2.9,,,,,,,
02021000,LA FECHT A GUEMAR,2013-11-18,6.4,7.5,13.3,120.0,4.0,1.9,2.3,3.6,0.04,0.5,0.125,0.05,0.01,1.7,9.0
02021700,LE BRUNNENWASSER A ILLHAEUSERN (NEULAND),2013-01-15,7.0,7.85,7.7,683.0,2.0,1.7,0.7,12.0,0.01,0.5,0.04,0.05,0.04,1.7,5.0
02021700,LE BRUNNENWASSER A ILLHAEUSERN (NEULAND),2013-02-11,7.8,7.85,8.1,675.0,2.0,0.77,1.0,11.0,0.02,0.5,0.05,0.05,0.03,0.5,5.0
02021700,LE BRUNNENWASSER A ILLHAEUSERN (NEULAND),2013-03-11,8.7,7.8,4.7,672.0,2.9,1.5,1.0,11.0,0.02,0.6,0.016,0.05,0.06,0.9,5.0
02021700,LE BRUNNENWASSER A ILLHAEUSERN (NEULAND),2013-04-08,7.7,7.9,9.5,707.0,2.0,0.57,0.9,10.0,0.01,0.5,0.04,0.05,0.06,1.1,5.0
02021700,LE BRUNNENWASSER A ILLHAEUSERN (NEULAND),2013-05-06,11.9,7.6,5.8,357.0,18.0,4.9,3.1,7.8,0.09,0.5,0.18,0.05,0.07,0.6,17.0
02021700,LE BRUNNENWASSER A ILLHAEUSERN (NEULAND),2013-06-03,11.2,7.45,6.0,706.0,3.0,1.5,1.1,12.0,0.02,0.5,0.03,0.06,0.07,0.8,6.0
02021700,LE BRUNNENWASSER A ILLHAEUSERN (NEULAND),2013-07-01,13.5,7.7,5.9,728.0,3.1,1.2,1.1,10.0,0.01,0.5,0.03,0.05,0.1,0.5,5.0
02021700,LE BRUNNENWASSER A ILLHAEUSERN (NEULAND),2013-08-26,16.0,7.75,4.6,680.0,6.0,0.5,2.3,4.3,0.03,0.5,0.029,0.06,0.07,2.0,6.0
02021700,LE BRUNNENWASSER A ILLHAEUSERN (NEULAND),2013-09-23,12.0,7.7,4.6,710.0,7.0,1.1,1.1,9.3,0.02,0.5,0.015,0.05,0.07,0.5,5.0
02021700,LE BRUNNENWASSER A ILLHAEUSERN (NEULAND),2013-10-21,12.0,7.5,4.3,720.0,2.0,1.1,1.6,9.7,0.01,0.5,0.018,0.05,0.1,0.5,5.0
02021700,LE BRUNNENWASSER A ILLHAEUSERN (NEULAND),2013-11-18,9.2,7.6,6.3,700.0,2.0,0.9,1.0,10.7,0.01,0.5,0.023,0.05,0.08,0.7,5.0
02022000,L'ILL A ILLHAEUSERN,2013-01-15,4.6,8.15,11.9,418.0,10.0,5.7,2.1,12.0,0.06,0.5,0.17,0.12,0.1,0.6,9.0
02022000,L'ILL A ILLHAEUSERN,2013-02-11,3.9,8.1,12.7,375.0,16.0,9.5,2.5,11.0,0.11,0.5,0.16,0.13,0.07,1.0,5.0
02022000,L'ILL A ILLHAEUSERN,2013-03-11,8.2,8.25,7.2,378.0,5.7,1.8,2.1,8.8,0.03,0.6,0.04,0.05,0.05,0.5,5.0
02022000,L'ILL A ILLHAEUSERN,2013-04-08,7.4,8.5,12.9,455.0,4.7,0.79,2.4,9.0,0.02,0.5,0.06,0.05,0.06,1.7,5.0
02022000,L'ILL A ILLHAEUSERN,2013-05-06,13.8,7.85,8.1,412.0,14.0,5.3,2.8,9.8,0.1,0.5,0.31,0.05,0.1,0.8,8.0
02022000,L'ILL A ILLHAEUSERN,2013-06-03,12.8,7.75,9.5,395.0,64.0,6.8,3.4,13.0,0.12,0.6,0.21,0.07,0.15,2.3,13.0
02022000,L'ILL A ILLHAEUSERN,2013-07-01,17.7,8.1,9.9,503.0,8.9,3.4,2.4,8.9,0.07,0.5,0.14,0.05,0.07,0.8,5.0
02022000,L'ILL A ILLHAEUSERN,2013-07-29,21.0,7.8,8.2,510.0,12.0,4.1,2.0,9.6,0.07,0.5,0.132,0.09,0.1,1.1,5.0
02022000,L'ILL A ILLHAEUSERN,2013-08-26,19.0,8.1,9.3,430.0,12.0,0.7,1.6,8.5,0.06,0.5,0.113,0.05,0.07,1.0,5.0
02022000,L'ILL A ILLHAEUSERN,2013-09-23,16.0,8.0,9.4,430.0,8.0,3.7,2.2,9.4,0.06,0.5,0.113,0.05,0.04,0.5,7.0
02022000,L'ILL A ILLHAEUSERN,2013-10-21,13.0,7.7,8.6,330.0,37.0,12.5,2.9,7.0,0.14,0.8,0.252,0.34,0.12,2.0,16.0
02022000,L'ILL A ILLHAEUSERN,2013-11-18,8.2,7.9,11.2,350.0,8.0,3.9,1.9,9.0,0.06,0.5,0.153,0.05,0.06,1.4,5.0
02022700,L'ILL A BALDENHEIM (RATHSAMHAUSEN LE HAUT),2013-01-21,3.7,8.05,12.3,459.0,9.7,1.5,2.1,11.0,0.08,0.8,0.14,0.15,0.09,0.5,8.0
02022700,L'ILL A BALDENHEIM (RATHSAMHAUSEN LE HAUT),2013-02-12,3.1,8.1,12.1,347.0,19.0,8.0,2.7,9.7,0.07,0.5,0.14,0.12,0.05,1.7,5.0
02022700,L'ILL A BALDENHEIM (RATHSAMHAUSEN LE HAUT),2013-03-12,6.7,8.2,7.6,346.0,4.8,1.5,2.4,7.7,0.05,0.5,0.08,0.06,0.04,3.2,7.0
02022700,L'ILL A BALDENHEIM (RATHSAMHAUSEN LE HAUT),2013-04-09,7.8,8.35,10.9,467.0,4.4,1.4,1.8,10.0,0.02,0.5,0.03,0.09,0.05,2.1,9.0
02022700,L'ILL A BALDENHEIM (RATHSAMHAUSEN LE HAUT),2013-06-04,12.3,8.05,10.8,368.0,21.0,5.6,3.1,8.6,0.1,0.5,0.19,0.06,0.09,1.4,6.0
02022700,L'ILL A BALDENHEIM (RATHSAMHAUSEN LE HAUT),2013-07-02,17.4,8.05,8.2,466.0,11.0,4.3,2.3,8.8,0.07,0.5,0.2,0.05,0.08,0.8,9.0
02022700,L'ILL A BALDENHEIM (RATHSAMHAUSEN LE HAUT),2013-07-30,19.0,7.8,8.5,510.0,13.0,7.8,2.3,8.8,0.11,0.6,0.172,0.08,0.09,2.0,9.0
02022700,L'ILL A BALDENHEIM (RATHSAMHAUSEN LE HAUT),2013-08-27,18.0,8.0,7.6,450.0,10.0,4.6,2.0,8.2,0.07,0.5,0.173,0.05,0.05,0.7,9.0
02022700,L'ILL A BALDENHEIM (RATHSAMHAUSEN LE HAUT),2013-09-24,14.0,7.9,8.8,440.0,13.0,3.6,2.1,8.5,0.06,0.5,0.16,0.05,0.03,1.1,9.0
02022700,L'ILL A BALDENHEIM (RATHSAMHAUSEN LE HAUT),2013-10-22,13.0,7.4,8.5,320.0,24.0,8.2,3.4,7.2,0.09,0.5,0.178,0.06,0.05,0.7,15.0
02022700,L'ILL A BALDENHEIM (RATHSAMHAUSEN LE HAUT),2013-11-19,8.3,7.9,10.6,320.0,12.0,3.1,2.2,7.7,0.06,0.5,0.138,0.05,0.04,1.4,12.0
02022800,LA BLIND A BALDENHEIM,2013-01-21,5.7,8.1,10.7,670.0,13.0,,1.36,,0.053,0.6,,,,2.3,7.0
02022800,LA BLIND A BALDENHEIM,2013-02-18,6.9,8.2,11.0,630.0,7.0,,1.74,,0.053,0.7,,,,2.6,5.0
02022800,LA BLIND A BALDENHEIM,2013-03-18,7.3,8.0,10.6,606.0,6.0,,1.79,,0.04,0.7,,,,2.5,6.0
02022800,LA BLIND A BALDENHEIM,2013-04-15,12.3,8.0,9.0,428.0,12.0,,2.37,,0.056,0.6,,,,2.2,13.0
02022800,LA BLIND A BALDENHEIM,2013-05-13,12.0,8.2,9.4,625.0,10.0,,1.56,,0.053,0.5,,,,3.8,6.0
02022800,LA BLIND A BALDENHEIM,2013-06-10,14.7,8.2,8.5,630.0,14.0,,2.2,,0.06,0.6,,,,2.0,5.0
02022800,LA BLIND A BALDENHEIM,2013-07-08,17.0,8.4,8.6,671.0,10.0,,1.49,,0.05,0.8,,,,2.0,5.0
02022800,LA BLIND A BALDENHEIM,2013-08-05,19.1,7.9,8.0,600.0,14.0,,1.87,,0.059,0.5,,,,2.0,7.0
02022800,LA BLIND A BALDENHEIM,2013-09-02,15.0,7.9,8.8,617.0,9.0,,1.55,,0.034,0.5,,,,2.0,5.0
02022800,LA BLIND A BALDENHEIM,2013-09-30,13.8,7.9,8.6,680.0,7.0,,1.61,,0.03,0.5,,,,2.0,5.0
02022800,LA BLIND A BALDENHEIM,2013-10-28,13.8,7.9,8.3,539.0,16.0,,2.49,,0.054,0.5,,,,2.3,6.0
02022800,LA BLIND A BALDENHEIM,2013-11-25,7.4,7.7,10.3,617.0,38.0,,2.95,,0.101,0.7,,,,2.1,10.0
02023000,LE GIESSEN A THANVILLE,2013-01-21,3.3,7.8,12.3,177.0,4.0,,2.42,,0.05,0.5,,,,2.6,8.0
02023000,LE GIESSEN A THANVILLE,2013-02-18,5.0,8.1,12.1,119.0,7.0,,2.51,,0.059,0.9,,,,3.0,7.0
02023000,LE GIESSEN A THANVILLE,2013-03-18,4.7,8.2,11.7,121.0,12.0,,2.83,,0.057,0.7,,,,2.3,8.0
02023000,LE GIESSEN A THANVILLE,2013-04-15,10.4,8.1,10.7,105.0,9.0,,1.88,,0.034,0.6,,,,2.0,12.0
02023000,LE GIESSEN A THANVILLE,2013-05-13,10.4,8.4,10.8,112.0,2.0,,2.37,,0.033,0.5,,,,3.7,6.0
02023000,LE GIESSEN A THANVILLE,2013-06-10,13.1,8.1,9.7,568.0,12.0,,2.98,,0.043,0.6,,,,2.0,8.0
02023000,LE GIESSEN A THANVILLE,2013-07-08,18.2,8.4,9.5,142.0,6.0,,2.32,,0.047,0.5,,,,2.0,6.0
02023000,LE GIESSEN A THANVILLE,2013-08-05,19.8,7.9,8.6,184.0,8.0,,2.52,,0.062,0.5,,,,2.0,10.0
02023000,LE GIESSEN A THANVILLE,2013-09-02,14.4,8.2,9.8,181.0,3.0,,2.2,,0.047,0.5,,,,2.0,5.0
02023000,LE GIESSEN A THANVILLE,2013-09-30,13.4,8.1,9.8,167.0,3.0,,2.59,,0.036,0.5,,,,2.0,6.0
02023000,LE GIESSEN A THANVILLE,2013-10-28,12.9,7.9,9.5,125.0,14.0,,5.49,,0.079,0.9,,,,2.6,13.0
02023000,LE GIESSEN A THANVILLE,2013-11-25,5.1,7.9,12.1,113.0,7.0,,2.9,,0.043,0.5,,,,1.8,7.0
02024000,LA LIEPVRETTE A HURST,2013-01-21,3.0,7.65,12.9,220.0,2.0,0.54,2.1,5.7,0.04,0.5,0.09,0.05,0.01,0.6,5.0
02024000,LA LIEPVRETTE A HURST,2013-02-12,3.2,7.65,12.6,150.0,3.0,2.2,2.4,5.2,0.04,0.5,0.09,0.05,0.01,1.6,6.0
02024000,LA LIEPVRETTE A HURST,2013-03-12,4.9,7.7,7.9,119.0,5.7,1.1,2.2,4.2,0.03,0.5,0.08,0.07,0.01,2.1,7.0
02024000,LA LIEPVRETTE A HURST,2013-04-09,5.6,8.6,13.8,163.0,2.0,0.38,2.1,3.4,0.02,0.5,0.05,0.07,0.02,2.5,7.0
02024000,LA LIEPVRETTE A HURST,2013-05-06,10.5,8.0,11.7,145.0,6.2,1.9,2.5,2.6,0.04,0.5,0.11,0.05,0.01,0.6,7.0
02024000,LA LIEPVRETTE A HURST,2013-06-04,9.6,7.35,11.2,170.0,9.1,3.2,2.1,3.5,0.05,0.5,0.08,0.05,0.01,1.2,9.0
02024000,LA LIEPVRETTE A HURST,2013-07-02,14.3,7.65,9.8,185.0,4.2,1.2,2.4,3.3,0.05,0.5,0.17,0.05,0.04,0.7,5.0
02024000,LA LIEPVRETTE A HURST,2013-07-30,17.0,7.9,10.4,250.0,5.0,1.6,2.6,3.7,0.11,0.5,0.291,0.06,0.04,1.5,8.0
02024000,LA LIEPVRETTE A HURST,2013-08-27,15.0,7.9,9.2,250.0,4.0,1.8,2.2,3.4,0.07,0.5,0.231,0.05,0.02,0.8,11.0
02024000,LA LIEPVRETTE A HURST,2013-09-24,11.0,7.7,10.4,190.0,5.0,1.5,1.9,4.5,0.05,0.5,0.152,0.05,0.01,0.5,7.0
02024000,LA LIEPVRETTE A HURST,2013-10-22,12.0,7.5,9.4,140.0,8.0,4.0,3.1,4.1,0.04,0.5,0.092,0.05,0.01,1.4,14.0
02024000,LA LIEPVRETTE A HURST,2013-11-19,8.0,7.6,11.6,140.0,3.0,2.4,2.0,4.5,0.04,0.5,0.111,0.05,0.02,1.4,8.0
02025100,LE GIESSEN A EBERSHEIM,2013-01-15,2.7,8.3,9.7,152.0,3.8,2.6,2.3,5.9,0.03,0.5,0.12,0.06,0.01,0.6,6.0
02025100,LE GIESSEN A EBERSHEIM,2013-02-13,2.7,7.7,7.6,146.0,7.2,4.8,2.9,5.3,0.05,0.5,0.12,0.05,0.01,2.5,11.0
02025100,LE GIESSEN A EBERSHEIM,2013-03-12,4.9,7.65,12.2,127.0,7.9,2.6,2.4,4.3,0.03,0.5,0.09,0.06,0.01,2.4,8.0
02025100,LE GIESSEN A EBERSHEIM,2013-04-10,6.9,7.8,11.4,154.0,10.0,2.0,3.4,3.1,0.02,0.5,0.02,0.05,0.03,3.2,11.0
02025100,LE GIESSEN A EBERSHEIM,2013-05-10,12.6,7.7,10.3,144.0,17.0,5.1,3.6,3.5,0.07,0.5,0.11,0.05,0.03,0.9,5.0
02025100,LE GIESSEN A EBERSHEIM,2013-06-05,13.6,7.5,7.2,130.0,13.0,4.8,2.5,3.2,0.06,0.6,0.05,0.05,0.02,1.0,9.0
02025100,LE GIESSEN A EBERSHEIM,2013-07-02,16.5,7.75,7.2,186.0,3.3,1.6,3.0,2.7,0.04,0.5,0.06,0.05,0.02,1.1,8.0
02025100,LE GIESSEN A EBERSHEIM,2013-07-31,20.0,8.4,8.8,230.0,3.0,0.4,2.9,2.5,0.11,0.5,0.203,0.05,0.03,0.8,6.0
02025100,LE GIESSEN A EBERSHEIM,2013-08-28,17.0,7.75,8.1,190.0,15.0,10.0,3.3,3.0,0.12,0.5,0.224,0.08,0.04,1.9,16.0
02025100,LE GIESSEN A EBERSHEIM,2013-09-25,13.0,7.9,7.6,200.0,6.0,2.5,2.3,3.6,0.04,0.5,0.092,0.05,0.01,0.5,7.0
02025100,LE GIESSEN A EBERSHEIM,2013-10-22,13.0,7.7,9.3,140.0,10.0,8.1,3.9,4.4,0.03,0.5,0.109,0.05,0.01,1.1,12.0
02025100,LE GIESSEN A EBERSHEIM,2013-11-20,6.8,7.8,11.5,130.0,14.0,8.3,4.7,3.8,0.06,0.5,0.145,0.05,0.01,1.7,14.0
02025100,LE GIESSEN A EBERSHEIM,2013-12-17,2.6,7.9,13.5,160.0,2.0,1.3,2.4,4.7,0.04,0.5,0.093,0.05,0.02,2.3,5.0
02025500,L'ILL A HUTTENHEIM,2013-01-15,4.7,8.05,9.7,429.0,37.0,16.0,2.1,12.0,0.08,0.5,0.14,0.11,0.08,0.5,9.0
02025500,L'ILL A HUTTENHEIM,2013-02-13,3.9,7.4,11.2,402.0,48.0,8.8,2.4,10.0,0.1,0.6,0.15,0.15,0.05,2.3,21.0
02025500,L'ILL A HUTTENHEIM,2013-03-12,6.6,7.9,10.6,361.0,5.0,2.2,2.5,8.8,0.03,0.5,0.07,0.13,0.04,2.4,7.0
02025500,L'ILL A HUTTENHEIM,2013-04-10,9.0,8.35,10.6,405.0,5.6,1.2,2.5,9.6,0.03,0.6,0.03,0.18,0.07,3.0,9.0
02025500,L'ILL A HUTTENHEIM,2013-05-10,14.7,7.9,8.5,403.0,7.7,4.5,2.5,9.1,0.08,0.5,0.17,0.08,0.07,0.8,5.0
02025500,L'ILL A HUTTENHEIM,2013-06-05,13.3,7.85,5.9,404.0,18.0,6.8,2.3,9.0,0.1,0.7,0.18,0.05,0.08,1.1,7.0
02025500,L'ILL A HUTTENHEIM,2013-07-02,17.1,7.95,6.2,500.0,5.8,3.5,2.3,11.0,0.08,0.5,0.16,0.05,0.07,1.4,6.0
02025500,L'ILL A HUTTENHEIM,2013-07-31,20.0,8.1,6.8,520.0,19.0,1.1,2.4,10.3,0.11,0.5,0.207,0.07,0.1,0.7,10.0
02025500,L'ILL A HUTTENHEIM,2013-08-28,18.0,8.05,7.9,490.0,6.0,3.8,1.9,9.2,0.08,0.6,0.149,0.05,0.05,1.2,7.0
02025500,L'ILL A HUTTENHEIM,2013-09-25,15.0,8.0,9.2,480.0,6.0,3.8,1.7,10.3,0.05,0.5,0.129,0.05,0.03,0.5,5.0
02025500,L'ILL A HUTTENHEIM,2013-10-22,14.0,7.9,9.2,350.0,19.0,8.2,3.1,8.8,0.08,0.5,0.162,0.06,0.05,1.3,16.0
02025500,L'ILL A HUTTENHEIM,2013-11-20,8.2,7.9,9.4,370.0,15.0,4.6,2.9,9.0,0.09,0.5,0.227,0.13,0.07,2.2,8.0
02025500,L'ILL A HUTTENHEIM,2013-12-17,5.4,,12.1,,,,1.6,,,,,,,2.3,
02025700,LA LUTTER A BENFELD,2013-01-15,9.1,7.65,9.6,641.0,2.0,0.59,0.8,22.0,,0.5,0.018,0.05,0.02,2.3,5.0
02025700,LA LUTTER A BENFELD,2013-02-13,8.7,7.6,7.2,609.0,2.0,1.0,1.0,21.0,0.01,0.5,0.03,0.05,0.02,1.1,5.0
02025700,LA LUTTER A BENFELD,2013-03-12,8.7,7.45,8.2,634.0,2.0,0.75,1.1,21.0,0.01,0.5,0.02,0.08,0.02,0.9,5.0
02025700,LA LUTTER A BENFELD,2013-04-10,9.9,7.95,7.3,571.0,2.0,0.77,1.3,20.0,0.01,0.5,0.02,0.05,0.03,1.2,5.0
02025700,LA LUTTER A BENFELD,2013-05-10,11.5,7.5,6.1,634.0,2.0,0.7,0.8,21.0,0.01,0.5,0.02,0.07,0.04,0.5,5.0
02025700,LA LUTTER A BENFELD,2013-06-05,11.4,7.5,3.6,654.0,2.0,0.69,1.1,20.0,0.02,0.5,0.02,0.05,0.03,0.5,5.0
02025700,LA LUTTER A BENFELD,2013-07-02,12.2,7.6,5.3,632.0,2.0,0.93,0.9,20.0,0.01,0.5,0.03,0.05,0.03,0.5,5.0
02025700,LA LUTTER A BENFELD,2013-07-31,14.0,7.85,5.2,630.0,2.0,1.2,1.6,18.3,0.01,0.5,0.015,0.05,0.05,0.9,5.0
02025700,LA LUTTER A BENFELD,2013-08-28,14.0,7.6,5.3,610.0,12.0,3.7,1.2,16.9,0.02,0.5,0.015,0.05,0.05,1.2,10.0
02025700,LA LUTTER A BENFELD,2013-09-25,13.0,7.6,7.8,630.0,2.0,1.0,1.0,20.2,0.01,0.5,0.015,0.05,0.03,0.5,5.0
02025700,LA LUTTER A BENFELD,2013-10-22,13.0,7.5,6.0,630.0,2.0,0.5,1.3,20.9,0.01,0.5,0.015,0.05,0.04,0.8,8.0
02025700,LA LUTTER A BENFELD,2013-11-20,11.0,7.5,9.2,630.0,2.0,0.6,1.7,20.2,0.01,0.5,0.016,0.05,0.04,0.9,5.0
02025700,LA LUTTER A BENFELD,2013-12-17,9.8,,8.2,,,,0.8,,,,,,,1.3,
02026500,LA ZEMBS A KRAFFT,2013-01-21,6.5,8.2,10.6,642.0,11.0,,2.18,,0.02,0.5,,,,3.1,7.0
02026500,LA ZEMBS A KRAFFT,2013-02-18,8.0,8.1,10.4,646.0,8.0,,1.04,,0.02,0.6,,,,2.5,5.0
02026500,LA ZEMBS A KRAFFT,2013-03-18,8.1,8.1,9.9,636.0,8.0,,1.58,,0.023,0.6,,,,2.1,5.0
02026500,LA ZEMBS A KRAFFT,2013-04-15,13.2,8.0,9.4,641.0,11.0,,1.28,,0.02,0.6,,,,2.0,9.0
02026500,LA ZEMBS A KRAFFT,2013-05-13,11.3,8.4,9.8,629.0,5.0,,1.08,,0.02,0.5,,,,3.0,6.0
02026500,LA ZEMBS A KRAFFT,2013-06-10,13.7,8.3,9.0,631.0,9.0,,1.34,,0.02,0.5,,,,2.0,5.0
02026500,LA ZEMBS A KRAFFT,2013-07-08,17.4,8.2,8.7,587.0,8.0,,1.44,,0.028,0.5,,,,2.0,6.0
02026500,LA ZEMBS A KRAFFT,2013-08-05,20.5,7.8,8.6,573.0,11.0,,2.31,,0.047,0.5,,,,2.2,8.0
02026500,LA ZEMBS A KRAFFT,2013-09-02,16.3,7.8,8.6,552.0,4.0,,1.77,,0.031,0.5,,,,2.0,5.0
02026500,LA ZEMBS A KRAFFT,2013-09-30,14.5,8.0,9.1,600.0,5.0,,1.5,,0.022,0.5,,,,2.0,5.0
02026500,LA ZEMBS A KRAFFT,2013-10-28,13.4,8.2,8.2,635.0,5.0,,2.66,,0.02,0.5,,,,2.0,5.0
02026500,LA ZEMBS A KRAFFT,2013-11-25,8.7,7.8,9.9,679.0,10.0,,1.82,,0.02,0.5,,,,1.3,5.0
02027000,L'ILL A OHNHEIM,2013-01-16,4.1,8.15,12.2,467.0,10.0,7.0,1.9,13.0,0.06,0.5,0.16,0.14,0.07,0.5,8.0
02027000,L'ILL A OHNHEIM,2013-02-12,3.6,7.95,9.3,367.0,17.0,8.5,2.5,11.0,0.06,0.5,0.13,0.13,0.06,1.4,6.0
02027000,L'ILL A OHNHEIM,2013-03-13,5.1,8.3,10.4,390.0,5.7,2.2,2.0,10.0,0.03,0.5,0.06,0.11,0.05,1.3,5.0
02027000,L'ILL A OHNHEIM,2013-04-09,8.1,8.3,12.0,440.0,3.7,0.9,2.3,8.3,0.02,0.5,0.04,0.07,0.06,2.4,8.0
02027000,L'ILL A OHNHEIM,2013-05-10,14.4,7.95,8.3,427.0,13.0,7.7,2.3,10.0,0.08,0.5,0.19,0.12,0.07,0.8,5.0
02027000,L'ILL A OHNHEIM,2013-06-04,13.1,7.8,8.3,437.0,20.0,4.8,2.9,12.0,0.11,0.6,0.17,0.07,0.11,1.2,8.0
02027000,L'ILL A OHNHEIM,2013-07-03,17.4,7.95,6.1,488.0,19.0,5.4,2.2,9.9,0.06,0.5,0.09,0.05,0.06,1.0,10.0
02027000,L'ILL A OHNHEIM,2013-07-30,20.0,7.75,7.8,480.0,15.0,7.2,1.7,7.6,0.08,0.5,0.101,0.07,0.07,0.5,5.0
02027000,L'ILL A OHNHEIM,2013-08-27,18.0,8.0,8.5,420.0,10.0,2.7,2.1,8.8,0.06,0.5,0.139,0.07,0.08,0.5,7.0
02027000,L'ILL A OHNHEIM,2013-09-24,14.0,8.05,7.8,500.0,46.0,11.3,1.7,11.9,0.07,0.5,0.132,0.05,0.03,0.5,17.0
02027000,L'ILL A OHNHEIM,2013-10-23,14.0,7.9,9.2,390.0,20.0,9.5,2.7,10.0,0.09,0.5,0.155,0.1,0.05,2.9,6.0
02027000,L'ILL A OHNHEIM,2013-11-19,8.3,8.0,9.6,420.0,8.0,4.1,1.9,11.5,0.06,0.5,0.124,0.05,0.04,1.1,11.0
02028000,L'ANDLAU A ANDLAU,2013-01-15,1.3,7.95,9.6,91.0,4.3,2.0,1.3,4.3,0.02,0.5,0.04,0.05,0.01,0.5,5.0
02028000,L'ANDLAU A ANDLAU,2013-02-13,1.8,7.7,11.7,86.0,3.9,2.7,1.5,4.4,0.02,0.5,0.04,0.05,0.01,2.7,5.0
02028000,L'ANDLAU A ANDLAU,2013-03-12,4.1,7.7,12.1,93.0,5.5,2.1,2.0,3.7,0.01,0.5,0.05,0.07,0.01,2.3,13.0
02028000,L'ANDLAU A ANDLAU,2013-04-10,5.6,8.25,12.4,87.0,22.0,8.3,3.2,3.0,0.03,0.5,0.04,0.05,0.01,2.5,18.0
02028000,L'ANDLAU A ANDLAU,2013-05-10,10.7,7.7,10.7,99.0,8.3,4.4,1.9,3.1,0.02,0.5,0.05,0.05,0.01,0.7,5.0
02028000,L'ANDLAU A ANDLAU,2013-06-05,10.0,7.5,7.6,91.0,6.8,3.0,1.9,2.8,0.05,0.5,0.03,0.05,0.01,1.1,8.0
02028000,L'ANDLAU A ANDLAU,2013-07-02,12.9,7.7,8.0,110.0,5.4,2.1,1.9,2.6,0.04,0.5,0.1,0.05,0.01,0.8,9.0
02028000,L'ANDLAU A ANDLAU,2013-07-31,16.0,7.9,9.0,120.0,6.0,0.6,1.7,3.3,0.05,0.5,0.093,0.05,0.01,0.8,5.0
02028000,L'ANDLAU A ANDLAU,2013-08-28,14.0,8.0,10.3,130.0,6.0,3.0,2.2,2.7,0.03,0.5,0.068,0.05,0.01,1.3,12.0
02028000,L'ANDLAU A ANDLAU,2013-09-25,12.0,7.85,7.9,130.0,5.0,2.5,1.6,3.1,0.02,0.5,0.046,0.05,0.01,0.5,7.0
02028000,L'ANDLAU A ANDLAU,2013-10-22,12.0,7.7,9.8,93.0,9.0,3.9,2.9,3.3,0.02,0.5,0.045,0.05,0.01,1.0,13.0
02028000,L'ANDLAU A ANDLAU,2013-11-20,5.9,7.9,13.5,86.0,8.0,3.8,2.9,3.0,0.02,0.5,0.037,0.05,0.01,1.4,8.0
02028000,L'ANDLAU A ANDLAU,2013-12-17,4.5,,14.8,,,,1.3,,,,,,,2.3,
02028100,LA KIRNECK A VALFF,2013-01-21,2.5,8.3,12.7,362.0,2.0,,2.42,,0.036,0.5,,,,2.1,7.0
02028100,LA KIRNECK A VALFF,2013-02-18,3.3,7.9,12.5,287.0,7.0,,2.51,,0.037,0.7,,,,2.6,7.0
02028100,LA KIRNECK A VALFF,2013-03-18,3.9,8.2,11.9,265.0,15.0,,3.26,,0.047,0.6,,,,2.6,10.0
02028100,LA KIRNECK A VALFF,2013-04-15,9.1,7.9,10.4,210.0,15.0,,2.76,,0.025,0.6,,,,2.0,16.0
02028100,LA KIRNECK A VALFF,2013-05-13,10.0,7.2,10.3,263.0,11.0,,2.72,,0.041,0.6,,,,3.0,9.0
02028100,LA KIRNECK A VALFF,2013-06-10,13.7,8.4,9.6,266.0,12.0,,3.79,,0.048,0.6,,,,2.0,8.0
02028100,LA KIRNECK A VALFF,2013-07-08,16.7,8.1,8.8,338.0,4.0,,2.86,,0.087,0.5,,,,2.0,11.0
02028100,LA KIRNECK A VALFF,2013-08-05,18.2,8.1,8.1,386.0,4.0,,2.48,,0.226,0.5,,,,2.0,5.0
02028100,LA KIRNECK A VALFF,2013-09-02,13.6,8.1,9.2,331.0,4.0,,2.69,,0.149,0.5,,,,2.0,6.0
02028100,LA KIRNECK A VALFF,2013-09-30,12.3,8.1,9.4,325.0,4.0,,2.9,,0.118,0.5,,,,2.0,6.0
02028100,LA KIRNECK A VALFF,2013-10-28,12.5,8.2,9.1,212.0,16.0,,7.19,,0.056,0.5,,,,2.4,15.0
02028100,LA KIRNECK A VALFF,2013-11-25,5.4,7.9,12.0,227.0,11.0,,4.57,,0.044,0.5,,,,1.7,11.0
02028200,L'ANDLAU A SCHAEFFERSHEIM,2013-01-21,3.1,7.8,11.4,399.0,7.0,,2.32,,0.042,0.5,,,,2.0,6.0
02028200,L'ANDLAU A SCHAEFFERSHEIM,2013-02-18,3.6,7.6,11.4,297.0,9.0,,2.99,,0.049,0.8,,,,2.6,8.0
02028200,L'ANDLAU A SCHAEFFERSHEIM,2013-03-18,4.9,7.2,10.7,291.0,31.0,,3.36,,0.079,0.9,,,,3.1,12.0
02028200,L'ANDLAU A SCHAEFFERSHEIM,2013-04-15,10.7,7.7,9.8,210.0,21.0,,2.51,,0.035,0.8,,,,2.0,14.0
02028200,L'ANDLAU A SCHAEFFERSHEIM,2013-05-13,10.5,8.0,9.4,272.0,12.0,,3.03,,0.068,0.5,,,,3.1,11.0
02028200,L'ANDLAU A SCHAEFFERSHEIM,2013-06-10,14.5,8.0,8.2,297.0,11.0,,3.87,,0.089,0.8,,,,2.0,9.0
02028200,L'ANDLAU A SCHAEFFERSHEIM,2013-07-08,16.9,8.0,7.3,381.0,5.0,,2.72,,0.072,0.6,,,,2.0,7.0
02028200,L'ANDLAU A SCHAEFFERSHEIM,2013-08-05,18.6,7.6,6.6,442.0,8.0,,3.71,,0.188,0.5,,,,2.0,9.0
02028200,L'ANDLAU A SCHAEFFERSHEIM,2013-09-02,14.6,7.8,7.7,408.0,8.0,,2.75,,0.085,0.5,,,,2.0,7.0
02028200,L'ANDLAU A SCHAEFFERSHEIM,2013-09-30,13.2,7.9,7.7,473.0,6.0,,3.05,,0.051,0.5,,,,2.0,8.0
02028200,L'ANDLAU A SCHAEFFERSHEIM,2013-10-28,12.7,7.5,8.9,236.0,28.0,,5.21,,0.058,0.6,,,,3.3,12.0
02028200,L'ANDLAU A SCHAEFFERSHEIM,2013-11-25,5.0,7.7,10.1,273.0,14.0,,5.43,,0.064,0.6,,,,1.6,14.0
02028300,LA SCHERNETZ A EPFIG,2013-01-15,,,,,,,,5.7,,,,,,,
02028300,LA SCHERNETZ A EPFIG,2013-02-13,2.3,7.8,11.6,240.0,9.0,8.0,0.5,5.7,0.1,0.5,0.23,0.05,0.01,1.6,12.0
02028300,LA SCHERNETZ A EPFIG,2013-03-12,,,,,,,,3.9,,,,,,,
02028300,LA SCHERNETZ A EPFIG,2013-04-10,7.3,8.35,9.0,281.0,54.0,42.0,5.8,2.4,0.13,0.8,0.23,0.05,0.02,3.3,21.0
02028300,LA SCHERNETZ A EPFIG,2013-05-10,,,,,,,,3.3,,,,,,,
02028300,LA SCHERNETZ A EPFIG,2013-06-05,12.0,8.0,7.6,262.0,11.0,7.5,5.7,4.1,0.14,0.5,0.29,0.05,0.02,1.1,12.0
02028300,LA SCHERNETZ A EPFIG,2013-07-02,15.3,8.2,7.2,358.0,7.6,4.0,4.2,3.4,0.16,0.5,0.27,0.05,0.03,0.7,10.0
02028300,LA SCHERNETZ A EPFIG,2013-07-31,19.0,8.2,5.2,430.0,4.0,1.4,4.5,1.1,0.18,0.5,0.321,0.05,0.02,0.5,11.0
02028300,LA SCHERNETZ A EPFIG,2013-08-28,,,,,,,,1.8,,,,,,,
02028300,LA SCHERNETZ A EPFIG,2013-09-25,13.0,8.2,9.1,410.0,2.0,2.1,3.6,1.3,0.09,0.5,0.19,0.05,0.01,0.5,8.0
02028300,LA SCHERNETZ A EPFIG,2013-10-22,,,,,,,,7.0,,,,,,,
02028300,LA SCHERNETZ A EPFIG,2013-11-20,7.1,7.8,12.4,250.0,33.0,28.9,9.9,4.5,0.23,0.8,0.54,0.05,0.03,1.8,30.0
02028400,LA SCHEER A KOGENHEIM,2013-01-21,1.3,7.6,11.5,422.0,4.0,,4.05,,0.107,0.6,,,,2.2,11.0
02028400,LA SCHEER A KOGENHEIM,2013-02-18,3.9,8.1,12.4,192.0,7.0,,6.74,,0.178,0.8,,,,2.8,16.0
02028400,LA SCHEER A KOGENHEIM,2013-03-18,5.0,8.1,11.6,292.0,10.0,,6.62,,0.132,0.8,,,,2.8,16.0
02028400,LA SCHEER A KOGENHEIM,2013-04-15,14.0,7.8,8.1,160.0,9.0,,5.22,,0.134,0.8,,,,2.3,20.0
02028400,LA SCHEER A KOGENHEIM,2013-05-13,11.2,8.2,9.5,182.0,7.0,,9.04,,0.255,0.8,,,,3.7,22.0
02028400,LA SCHEER A KOGENHEIM,2013-06-10,15.9,7.8,7.8,194.0,12.0,,9.55,,0.297,1.3,,,,2.0,22.0
02028400,LA SCHEER A KOGENHEIM,2013-07-08,19.4,8.0,7.0,202.0,9.0,,4.44,,0.243,1.4,,,,2.0,11.0
02028400,LA SCHEER A KOGENHEIM,2013-08-05,17.6,7.4,6.4,248.0,8.0,,5.14,,0.238,0.8,,,,2.0,14.0
02028400,LA SCHEER A KOGENHEIM,2013-09-30,12.9,8.2,8.9,207.0,14.0,,3.59,,0.107,0.5,,,,2.0,8.0
02028400,LA SCHEER A KOGENHEIM,2013-10-28,13.8,7.7,7.2,186.0,3.0,,8.1,,0.181,0.7,,,,2.2,16.0
02028400,LA SCHEER A KOGENHEIM,2013-11-25,5.4,7.8,10.8,187.0,6.0,,11.3,,0.212,0.8,,,,1.7,24.0
02028500,LA SCHEER A BOLSENHEIM,2013-01-21,5.8,7.8,8.8,536.0,4.0,,2.48,,0.052,0.5,,,,2.0,7.0
02028500,LA SCHEER A BOLSENHEIM,2013-02-18,5.3,7.8,9.6,440.0,6.0,,4.73,,0.102,0.8,,,,2.5,11.0
02028500,LA SCHEER A BOLSENHEIM,2013-03-18,6.4,7.9,8.7,428.0,4.0,,3.62,,0.035,0.6,,,,2.0,8.0
02028500,LA SCHEER A BOLSENHEIM,2013-04-15,12.7,7.8,7.1,437.0,6.0,,4.64,,0.085,0.8,,,,2.0,17.0
02028500,LA SCHEER A BOLSENHEIM,2013-05-13,11.3,7.7,7.2,477.0,5.0,,4.56,,0.137,0.6,,,,2.8,12.0
02028500,LA SCHEER A BOLSENHEIM,2013-06-10,14.5,7.8,5.8,477.0,12.0,,5.7,,0.161,0.7,,,,2.0,11.0
02028500,LA SCHEER A BOLSENHEIM,2013-07-08,15.6,8.0,5.3,624.0,3.0,,2.18,,0.111,0.5,,,,2.0,6.0
02028500,LA SCHEER A BOLSENHEIM,2013-08-05,15.7,7.7,6.4,752.0,2.0,,1.14,,0.074,0.5,,,,2.0,5.0
02028500,LA SCHEER A BOLSENHEIM,2013-09-02,12.8,7.7,7.2,723.0,3.0,,1.11,,0.063,0.5,,,,2.0,5.0
02028500,LA SCHEER A BOLSENHEIM,2013-09-30,12.4,7.7,6.5,659.0,4.0,,1.66,,0.072,0.5,,,,2.0,5.0
02028500,LA SCHEER A BOLSENHEIM,2013-10-28,13.1,7.8,5.6,557.0,6.0,,4.31,,0.096,0.5,,,,2.0,10.0
02028500,LA SCHEER A BOLSENHEIM,2013-11-25,6.8,7.6,8.0,434.0,15.0,,7.49,,0.121,0.7,,,,1.6,18.0
02029000,L'ANDLAU A FEGERSHEIM,2013-01-17,2.3,7.9,11.7,464.0,13.0,6.3,2.5,9.6,0.09,0.5,0.2,0.1,0.06,2.5,8.0
02029000,L'ANDLAU A FEGERSHEIM,2013-02-14,2.7,7.65,12.4,426.0,25.0,12.0,3.4,9.6,0.08,0.6,0.18,0.07,0.04,1.4,11.0
02029000,L'ANDLAU A FEGERSHEIM,2013-03-14,4.1,8.4,12.6,402.0,16.0,5.6,2.5,8.4,0.07,0.7,0.12,0.06,0.04,2.8,12.0
02029000,L'ANDLAU A FEGERSHEIM,2013-04-11,10.1,7.9,11.4,412.0,9.6,0.47,3.5,6.7,0.08,0.7,0.15,0.14,0.07,2.7,8.0
02029000,L'ANDLAU A FEGERSHEIM,2013-05-13,11.2,7.9,8.7,452.0,15.0,7.3,3.5,8.8,0.08,0.5,0.26,0.05,0.07,1.5,11.0
02029000,L'ANDLAU A FEGERSHEIM,2013-06-06,15.8,7.85,8.3,493.0,25.0,10.0,4.1,8.5,0.1,0.5,0.21,0.1,0.13,1.0,13.0
02029000,L'ANDLAU A FEGERSHEIM,2013-07-04,15.7,7.85,6.5,544.0,15.0,3.4,3.3,8.7,0.12,0.5,0.22,0.17,0.18,0.9,10.0
02029000,L'ANDLAU A FEGERSHEIM,2013-08-01,22.0,7.6,6.0,510.0,7.0,0.4,3.7,5.2,0.16,0.5,0.376,0.05,0.09,1.1,9.0
02029000,L'ANDLAU A FEGERSHEIM,2013-08-29,18.0,7.85,8.7,460.0,5.0,0.9,2.9,6.9,0.25,0.5,0.7,0.06,0.16,0.7,9.0
02029000,L'ANDLAU A FEGERSHEIM,2013-09-26,16.0,7.85,9.6,550.0,5.0,1.4,2.7,7.6,0.08,0.5,0.207,0.05,0.05,1.2,5.0
02029000,L'ANDLAU A FEGERSHEIM,2013-10-24,14.0,7.8,9.2,480.0,19.0,6.5,4.8,7.7,0.08,0.5,0.206,0.12,0.07,1.8,18.0
02029000,L'ANDLAU A FEGERSHEIM,2013-11-21,6.6,7.9,9.6,370.0,26.0,13.5,5.8,5.6,0.09,0.6,0.213,0.06,0.03,1.8,18.0
02029000,L'ANDLAU A FEGERSHEIM,2013-12-17,5.0,,12.2,,,,2.0,,,,,,,2.3,
02029160,L'EHN A BOERSCH,2013-01-17,0.7,7.5,13.7,62.0,2.1,0.8,2.4,2.9,0.02,0.5,0.016,0.05,0.01,2.4,8.0
02029160,L'EHN A BOERSCH,2013-02-13,1.4,7.35,13.0,58.0,2.1,0.84,2.4,2.7,0.01,0.5,0.03,0.05,0.01,2.2,5.0
02029160,L'EHN A BOERSCH,2013-03-13,1.7,7.35,8.5,67.0,2.0,0.6,2.6,2.7,0.02,0.5,0.015,0.05,0.01,0.9,6.0
02029160,L'EHN A BOERSCH,2013-04-10,3.9,7.2,12.6,69.0,16.0,4.4,4.8,2.2,0.01,0.5,0.015,0.05,0.01,2.3,23.0
02029160,L'EHN A BOERSCH,2013-05-10,9.4,7.2,12.7,62.0,2.5,1.3,3.0,2.1,0.02,0.5,0.03,0.05,0.01,0.6,5.0
02029160,L'EHN A BOERSCH,2013-06-05,9.5,7.1,10.9,60.0,5.6,1.3,3.3,2.0,0.02,0.5,0.03,0.05,0.01,0.7,7.0
02029160,L'EHN A BOERSCH,2013-07-03,13.3,7.45,10.0,75.0,13.0,2.3,3.8,1.6,0.01,0.5,0.015,0.05,0.01,0.8,15.0
02029160,L'EHN A BOERSCH,2013-07-31,11.0,7.6,9.4,86.0,2.0,0.1,2.5,2.3,0.03,0.5,0.06,0.05,0.01,0.6,5.0
02029160,L'EHN A BOERSCH,2013-08-28,14.0,7.6,9.7,89.0,6.0,2.7,4.9,2.3,0.02,0.5,0.026,0.05,0.01,0.5,16.0
02029160,L'EHN A BOERSCH,2013-09-25,11.0,7.7,9.6,96.0,8.0,5.2,3.0,2.1,0.01,0.5,0.021,0.05,0.01,0.6,21.0
02029160,L'EHN A BOERSCH,2013-10-23,12.0,7.4,9.5,64.0,4.0,1.7,4.5,1.8,0.03,0.5,0.019,0.05,0.01,3.3,10.0
02029160,L'EHN A BOERSCH,2013-11-20,6.2,7.2,11.7,54.0,3.0,1.9,4.5,2.0,0.01,0.5,0.022,0.05,0.01,1.6,10.0
02029200,L'EHN A OTTROTT,2013-01-21,2.4,7.7,12.6,81.0,2.0,,2.32,,0.02,0.5,,,,2.0,5.0
02029200,L'EHN A OTTROTT,2013-02-18,4.5,7.9,11.7,80.0,2.0,,2.51,,0.02,0.7,,,,2.1,6.0
02029200,L'EHN A OTTROTT,2013-03-18,3.7,8.2,11.7,88.0,4.0,,3.32,,0.02,0.5,,,,2.1,8.0
02029200,L'EHN A OTTROTT,2013-04-15,10.4,7.9,10.9,141.0,2.0,,2.49,,0.02,0.5,,,,2.0,9.0
02029200,L'EHN A OTTROTT,2013-05-13,10.1,8.2,10.5,87.0,2.0,,2.55,,0.02,0.5,,,,3.6,8.0
02029200,L'EHN A OTTROTT,2013-06-10,12.2,8.2,10.1,71.0,3.0,,3.05,,0.02,0.5,,,,2.0,6.0
02029200,L'EHN A OTTROTT,2013-07-08,15.7,8.2,9.1,88.0,5.0,,2.5,,0.023,0.5,,,,2.0,8.0
02029200,L'EHN A OTTROTT,2013-08-05,11.2,7.8,8.7,104.0,2.0,,2.16,,0.02,0.5,,,,2.0,5.0
02029200,L'EHN A OTTROTT,2013-09-02,12.9,7.8,9.7,102.0,2.0,,1.86,,0.02,0.5,,,,2.0,5.0
02029200,L'EHN A OTTROTT,2013-09-30,11.6,7.9,9.9,105.0,2.0,,2.71,,0.02,0.5,,,,2.0,5.0
02029200,L'EHN A OTTROTT,2013-10-28,12.4,7.9,9.6,68.0,2.0,,5.83,,0.02,0.5,,,,2.0,12.0
02029200,L'EHN A OTTROTT,2013-11-25,4.7,8.1,12.3,67.0,2.0,,4.27,,0.02,0.5,,,,1.4,10.0
02030200,L'EHN A MEISTRATZHEIM,2013-01-16,,,,,,,,14.0,,,,,,,
02030200,L'EHN A MEISTRATZHEIM,2013-02-12,1.7,8.35,12.1,347.0,6.8,1.3,3.3,5.1,0.1,0.5,0.22,0.05,0.01,1.2,9.0
02030200,L'EHN A MEISTRATZHEIM,2013-03-13,,,,,,,,8.1,,,,,,,
02030200,L'EHN A MEISTRATZHEIM,2013-04-09,7.3,8.9,12.3,640.0,7.5,0.81,3.5,2.5,0.1,0.5,0.28,0.1,0.03,2.7,14.0
02030200,L'EHN A MEISTRATZHEIM,2013-05-10,,,,,,,,5.0,,,,,,,
02030200,L'EHN A MEISTRATZHEIM,2013-06-04,12.2,8.15,10.7,437.0,13.0,3.8,3.6,10.0,0.12,0.5,0.24,0.05,0.02,1.3,8.0
02030200,L'EHN A MEISTRATZHEIM,2013-07-03,18.2,7.95,5.0,1129.0,45.0,8.1,5.6,11.0,0.56,2.8,1.3,1.71,0.14,5.5,38.0
02030200,L'EHN A MEISTRATZHEIM,2013-07-30,20.0,8.4,8.0,1400.0,5.0,1.7,4.8,41.4,0.3,0.7,0.595,0.07,0.17,1.3,12.0
02030200,L'EHN A MEISTRATZHEIM,2013-08-27,,,,,,,,17.3,,,,,,,
02030200,L'EHN A MEISTRATZHEIM,2013-09-24,14.0,7.95,6.5,1100.0,8.0,4.5,3.6,21.7,0.31,0.5,0.844,0.08,0.09,1.2,15.0
02030200,L'EHN A MEISTRATZHEIM,2013-10-23,,,,,,,,3.8,,,,,,,
02030200,L'EHN A MEISTRATZHEIM,2013-11-19,7.8,8.4,11.5,550.0,7.0,3.7,3.4,7.2,0.14,0.5,0.368,0.17,0.02,1.4,15.0
02030310,LE ROSENMEER A INNENHEIM,2013-01-21,4.7,8.5,12.7,1449.0,19.0,,2.87,,0.471,1.2,,,,4.0,13.0
02030310,LE ROSENMEER A INNENHEIM,2013-02-18,5.1,8.2,11.3,760.0,24.0,,2.5,,0.278,1.4,,,,3.3,10.0
02030310,LE ROSENMEER A INNENHEIM,2013-03-18,7.1,8.2,10.4,707.0,46.0,,3.56,,0.233,1.7,,,,5.2,14.0
02030310,LE ROSENMEER A INNENHEIM,2013-04-15,10.7,8.2,9.2,680.0,18.0,,2.99,,0.351,1.3,,,,3.5,13.0
02030310,LE ROSENMEER A INNENHEIM,2013-05-13,11.1,8.6,9.7,711.0,31.0,,2.44,,0.181,1.1,,,,4.9,11.0
02030310,LE ROSENMEER A INNENHEIM,2013-06-10,14.8,8.3,8.5,730.0,67.0,,3.66,,0.226,1.8,,,,4.6,13.0
02030310,LE ROSENMEER A INNENHEIM,2013-07-08,15.8,8.0,8.9,737.0,25.0,,2.71,,0.188,0.9,,,,2.0,8.0
02030310,LE ROSENMEER A INNENHEIM,2013-08-05,17.1,8.2,8.0,771.0,39.0,,3.27,,0.207,0.6,,,,2.8,11.0
02030310,LE ROSENMEER A INNENHEIM,2013-09-02,14.3,8.2,9.4,702.0,39.0,,3.18,,0.178,0.8,,,,2.0,8.0
02030310,LE ROSENMEER A INNENHEIM,2013-09-30,13.1,8.2,8.7,767.0,14.0,,4.03,,0.151,0.5,,,,2.1,10.0
02030310,LE ROSENMEER A INNENHEIM,2013-10-28,13.9,8.2,8.2,490.0,23.0,,4.81,,0.133,1.0,,,,3.0,12.0
02030310,LE ROSENMEER A INNENHEIM,2013-11-25,5.5,8.3,11.3,719.0,17.0,,2.86,,0.429,0.7,,,,2.2,8.0
02030450,LE VIEIL ERGELSENBACH A GEISPOLSHEIM,2013-01-21,5.0,8.2,10.6,593.0,9.0,,1.82,,0.022,0.5,,,,2.0,9.0
02030450,LE VIEIL ERGELSENBACH A GEISPOLSHEIM,2013-02-18,5.8,7.9,9.6,649.0,5.0,,2.57,,0.02,0.7,,,,2.5,7.0
02030450,LE VIEIL ERGELSENBACH A GEISPOLSHEIM,2013-03-18,7.4,7.4,9.9,595.0,18.0,,2.03,,0.043,0.6,,,,2.2,9.0
02030450,LE VIEIL ERGELSENBACH A GEISPOLSHEIM,2013-04-15,11.8,7.9,9.4,614.0,6.0,,1.66,,0.02,0.5,,,,2.0,10.0
02030450,LE VIEIL ERGELSENBACH A GEISPOLSHEIM,2013-05-13,11.4,8.3,9.3,599.0,9.0,,3.37,,0.024,0.7,,,,3.1,10.0
02030450,LE VIEIL ERGELSENBACH A GEISPOLSHEIM,2013-06-10,13.9,8.2,8.6,574.0,15.0,,4.44,,0.037,0.7,,,,2.0,11.0
02030450,LE VIEIL ERGELSENBACH A GEISPOLSHEIM,2013-07-08,18.6,7.7,8.3,545.0,9.0,,1.39,,0.022,0.5,,,,2.0,6.0
02030450,LE VIEIL ERGELSENBACH A GEISPOLSHEIM,2013-08-05,17.1,7.5,7.9,544.0,11.0,,1.38,,0.043,0.5,,,,2.0,5.0
02030450,LE VIEIL ERGELSENBACH A GEISPOLSHEIM,2013-09-02,13.3,8.1,9.0,546.0,9.0,,1.3,,0.024,0.5,,,,2.0,6.0
02030450,LE VIEIL ERGELSENBACH A GEISPOLSHEIM,2013-09-30,12.8,7.6,8.5,581.0,5.0,,1.51,,0.02,0.5,,,,2.0,5.0
02030450,LE VIEIL ERGELSENBACH A GEISPOLSHEIM,2013-10-28,13.2,7.9,6.9,615.0,6.0,,4.56,,0.02,0.5,,,,2.3,13.0
02030450,LE VIEIL ERGELSENBACH A GEISPOLSHEIM,2013-11-25,5.9,7.8,8.7,631.0,4.0,,8.62,,0.024,0.8,,,,1.6,19.0
02030500,L'EHN A GEISPOLSHEIM (B),2013-01-17,3.1,7.95,11.3,709.0,19.0,8.2,2.5,22.0,0.06,0.9,0.13,0.79,0.26,3.4,11.0
02030500,L'EHN A GEISPOLSHEIM (B),2013-02-14,3.8,7.75,4.4,660.0,20.0,9.4,2.9,19.0,0.09,0.6,0.23,0.29,0.08,1.6,11.0
02030500,L'EHN A GEISPOLSHEIM (B),2013-03-14,4.8,8.35,11.7,657.0,11.0,2.5,2.1,21.0,0.08,0.5,0.14,0.13,0.08,2.0,7.0
02030500,L'EHN A GEISPOLSHEIM (B),2013-04-11,10.5,8.65,11.1,607.0,6.2,0.63,2.9,16.0,0.06,0.5,0.14,0.06,0.07,1.9,6.0
02030500,L'EHN A GEISPOLSHEIM (B),2013-05-13,11.1,7.95,8.9,575.0,13.0,5.1,3.1,19.0,0.06,0.5,0.2,0.06,0.08,1.6,14.0
02030500,L'EHN A GEISPOLSHEIM (B),2013-06-06,15.0,8.0,7.7,676.0,22.0,4.5,4.3,17.0,0.09,0.6,0.22,0.08,0.08,0.5,10.0
02030500,L'EHN A GEISPOLSHEIM (B),2013-07-04,15.9,8.05,6.9,726.0,12.0,3.6,2.7,21.0,0.14,0.5,0.33,0.07,0.11,0.5,10.0
02030500,L'EHN A GEISPOLSHEIM (B),2013-08-01,20.0,7.9,7.2,940.0,8.0,0.5,3.8,21.7,0.16,0.5,0.4,0.05,0.09,1.9,7.0
02030500,L'EHN A GEISPOLSHEIM (B),2013-08-29,16.0,7.15,8.4,780.0,6.0,1.2,3.0,16.1,0.4,0.5,0.927,0.23,0.3,0.8,11.0
02030500,L'EHN A GEISPOLSHEIM (B),2013-09-26,16.0,8.15,8.9,890.0,7.0,1.1,2.7,23.4,0.2,0.5,0.544,0.21,0.15,1.4,7.0
02030500,L'EHN A GEISPOLSHEIM (B),2013-10-24,14.0,7.9,9.7,730.0,17.0,4.1,5.2,14.7,0.08,0.5,0.235,0.06,0.08,1.5,17.0
02030500,L'EHN A GEISPOLSHEIM (B),2013-11-21,7.8,8.0,10.2,620.0,17.0,5.5,5.3,13.3,0.06,0.5,0.151,0.05,0.03,1.4,15.0
02030500,L'EHN A GEISPOLSHEIM (B),2013-12-17,5.6,,11.3,,,,2.3,,,,,,,2.2,
02031400,LA BRUCHE A SAINT-BLAISE-LA-ROCHE,2013-01-21,2.4,7.0,12.4,445.0,4.0,,1.96,,0.036,0.6,,,,2.0,7.0
02031400,LA BRUCHE A SAINT-BLAISE-LA-ROCHE,2013-02-18,2.5,8.2,9.7,123.0,2.0,,1.94,,0.037,0.8,,,,2.7,5.0
02031400,LA BRUCHE A SAINT-BLAISE-LA-ROCHE,2013-03-18,4.3,7.5,11.8,114.0,10.0,,2.8,,0.039,0.6,,,,2.2,8.0
02031400,LA BRUCHE A SAINT-BLAISE-LA-ROCHE,2013-04-15,9.2,7.0,10.6,103.0,5.0,,1.9,,0.03,1.4,,,,2.0,11.0
02031400,LA BRUCHE A SAINT-BLAISE-LA-ROCHE,2013-05-13,9.0,7.5,10.6,120.0,4.0,,2.8,,0.036,0.5,,,,3.5,9.0
02031400,LA BRUCHE A SAINT-BLAISE-LA-ROCHE,2013-06-10,12.1,7.4,9.7,116.0,8.0,,3.56,,0.046,0.7,,,,2.0,9.0
02031400,LA BRUCHE A SAINT-BLAISE-LA-ROCHE,2013-07-08,15.2,7.7,9.2,144.0,4.0,,2.93,,0.052,0.7,,,,2.0,7.0
02031400,LA BRUCHE A SAINT-BLAISE-LA-ROCHE,2013-08-06,16.5,7.6,8.7,148.0,4.0,,2.12,,0.066,0.5,,,,2.0,6.0
02031400,LA BRUCHE A SAINT-BLAISE-LA-ROCHE,2013-09-02,12.1,8.8,9.6,148.0,2.0,,2.02,,0.065,0.5,,,,2.0,5.0
02031400,LA BRUCHE A SAINT-BLAISE-LA-ROCHE,2013-09-30,12.5,8.2,9.5,146.0,6.0,,3.04,,0.049,0.5,,,,2.0,7.0
02031400,LA BRUCHE A SAINT-BLAISE-LA-ROCHE,2013-10-28,11.9,7.7,9.7,93.0,12.0,,5.29,,0.049,0.5,,,,2.0,12.0
02031400,LA BRUCHE A SAINT-BLAISE-LA-ROCHE,2013-11-26,4.0,8.0,11.6,107.0,7.0,,2.71,,0.034,0.5,,,,2.6,6.0
02031600,LA BRUCHE A WISCHES,2013-01-21,2.7,6.7,12.6,163.0,3.0,,1.44,,0.042,0.5,,,,2.0,5.0
02031600,LA BRUCHE A WISCHES,2013-02-18,3.3,8.2,9.8,116.0,3.0,,1.36,,0.029,0.5,,,,2.9,5.0
02031600,LA BRUCHE A WISCHES,2013-03-18,4.7,7.2,11.6,106.0,9.0,,1.91,,0.038,0.5,,,,2.1,5.0
02031600,LA BRUCHE A WISCHES,2013-04-15,9.2,6.7,10.6,91.0,6.0,,1.42,,0.026,0.6,,,,2.0,12.0
02031600,LA BRUCHE A WISCHES,2013-05-13,9.3,7.6,11.0,98.0,3.0,,1.88,,0.022,0.5,,,,3.7,7.0
02031600,LA BRUCHE A WISCHES,2013-06-10,12.3,7.0,9.9,97.0,8.0,,2.1,,0.032,0.6,,,,2.0,5.0
02031600,LA BRUCHE A WISCHES,2013-07-08,15.3,7.9,9.3,110.0,4.0,,2.05,,0.045,0.6,,,,2.0,5.0
02031600,LA BRUCHE A WISCHES,2013-08-06,18.2,7.8,8.8,133.0,3.0,,1.73,,0.054,0.5,,,,2.0,5.0
02031600,LA BRUCHE A WISCHES,2013-09-02,12.9,8.8,9.9,124.0,2.0,,1.71,,0.057,0.5,,,,2.0,5.0
02031600,LA BRUCHE A WISCHES,2013-09-30,11.3,7.9,10.2,121.0,3.0,,2.38,,0.037,0.5,,,,2.0,5.0
02031600,LA BRUCHE A WISCHES,2013-10-28,12.4,7.8,10.1,97.0,9.0,,3.68,,0.047,0.5,,,,2.2,13.0
02031600,LA BRUCHE A WISCHES,2013-11-26,4.5,7.8,12.1,98.0,4.0,,2.02,,0.032,0.5,,,,2.2,5.0
02031650,LE NETZENBACH A LUTZELHOUSE,2013-01-17,2.6,7.45,13.1,76.0,2.0,0.75,1.3,4.7,0.02,0.5,0.06,0.05,0.01,1.8,5.0
02031650,LE NETZENBACH A LUTZELHOUSE,2013-02-13,3.2,7.4,12.3,64.0,2.0,0.78,1.3,4.3,0.03,0.5,0.07,0.05,0.01,1.9,5.0
02031650,LE NETZENBACH A LUTZELHOUSE,2013-03-13,3.3,7.4,13.2,63.0,2.0,1.6,1.7,4.6,0.04,0.5,0.06,0.05,0.01,1.3,5.0
02031650,LE NETZENBACH A LUTZELHOUSE,2013-04-10,6.4,7.05,12.3,70.0,6.2,2.4,2.7,4.2,0.02,0.5,0.05,0.05,0.01,1.9,11.0
02031650,LE NETZENBACH A LUTZELHOUSE,2013-05-10,10.1,7.4,13.6,75.0,2.0,0.76,1.5,3.7,0.03,0.5,0.07,0.05,0.01,0.9,6.0
02031650,LE NETZENBACH A LUTZELHOUSE,2013-06-05,10.0,7.2,11.1,66.0,2.5,0.26,1.9,3.3,0.03,0.5,0.08,0.05,0.01,0.7,6.0
02031650,LE NETZENBACH A LUTZELHOUSE,2013-07-03,12.4,7.35,10.3,87.0,13.0,3.4,2.3,3.1,0.03,0.5,0.06,0.05,0.01,0.8,11.0
02031650,LE NETZENBACH A LUTZELHOUSE,2013-07-31,15.0,7.6,10.7,95.0,2.0,0.1,1.2,3.6,0.05,0.5,0.112,0.05,0.01,0.5,5.0
02031650,LE NETZENBACH A LUTZELHOUSE,2013-08-28,14.0,7.65,10.3,88.0,9.0,2.4,2.0,4.0,0.03,0.5,0.081,0.05,0.01,1.2,12.0
02031650,LE NETZENBACH A LUTZELHOUSE,2013-09-25,11.0,7.6,10.3,96.0,2.0,1.2,1.7,4.4,0.02,0.5,0.072,0.05,0.01,0.7,5.0
02031650,LE NETZENBACH A LUTZELHOUSE,2013-10-23,11.0,7.5,9.5,67.0,7.0,3.8,2.6,3.0,0.03,0.5,0.061,0.05,0.01,3.2,8.0
02031650,LE NETZENBACH A LUTZELHOUSE,2013-11-20,6.8,7.7,11.5,63.0,4.0,2.3,2.9,3.4,0.02,0.5,0.056,0.05,0.01,1.3,5.0
02031700,LA HASEL A NIEDERHASLACH,2013-01-21,2.1,6.6,13.1,135.0,3.0,,2.03,,0.057,0.5,,,,2.0,5.0
02031700,LA HASEL A NIEDERHASLACH,2013-02-18,4.6,7.9,9.0,175.0,6.0,,2.76,,0.164,1.4,,,,4.1,11.0
02031700,LA HASEL A NIEDERHASLACH,2013-03-18,4.3,7.3,11.6,122.0,12.0,,2.59,,0.042,0.7,,,,2.1,9.0
02031700,LA HASEL A NIEDERHASLACH,2013-04-15,10.5,7.1,10.2,148.0,9.0,,3.03,,0.188,2.0,,,,4.7,20.0
02031700,LA HASEL A NIEDERHASLACH,2013-05-13,9.8,7.5,10.3,155.0,4.0,,2.34,,0.145,0.7,,,,4.1,7.0
02031700,LA HASEL A NIEDERHASLACH,2013-06-10,12.8,7.2,9.6,134.0,6.0,,2.79,,0.1,0.7,,,,2.0,5.0
02031700,LA HASEL A NIEDERHASLACH,2013-07-08,16.6,7.9,9.2,112.0,10.0,,2.73,,0.119,0.6,,,,2.0,12.0
02031700,LA HASEL A NIEDERHASLACH,2013-08-06,18.4,7.6,8.4,202.0,3.0,,2.14,,0.198,0.5,,,,2.0,6.0
02031700,LA HASEL A NIEDERHASLACH,2013-09-02,13.8,8.9,9.3,284.0,8.0,,2.19,,0.137,0.5,,,,2.0,8.0
02031700,LA HASEL A NIEDERHASLACH,2013-09-30,12.2,7.5,9.5,276.0,4.0,,2.98,,0.265,0.5,,,,2.0,6.0
02031700,LA HASEL A NIEDERHASLACH,2013-10-28,12.7,7.8,9.5,179.0,11.0,,5.27,,0.228,1.8,,,,5.6,20.0
02031700,LA HASEL A NIEDERHASLACH,2013-11-26,5.6,7.0,11.3,169.0,4.0,,3.18,,0.129,0.7,,,,3.4,8.0
02031800,LA MAGEL A MOLLKIRCH,2013-01-21,3.6,6.5,12.0,316.0,5.0,,2.2,,0.161,1.6,,,,6.3,9.0
02031800,LA MAGEL A MOLLKIRCH,2013-02-18,3.0,8.1,10.0,115.0,3.0,,1.92,,0.045,0.7,,,,2.9,5.0
02031800,LA MAGEL A MOLLKIRCH,2013-03-18,5.6,6.9,11.1,160.0,10.0,,3.73,,0.186,2.1,,,,5.0,15.0
02031800,LA MAGEL A MOLLKIRCH,2013-04-15,10.6,6.9,10.4,94.0,8.0,,2.05,,0.035,0.6,,,,2.0,14.0
02031800,LA MAGEL A MOLLKIRCH,2013-05-13,9.0,7.5,10.8,100.0,7.0,,2.26,,0.042,0.5,,,,3.6,8.0
02031800,LA MAGEL A MOLLKIRCH,2013-06-10,12.7,7.2,9.9,100.0,16.0,,3.37,,0.062,0.7,,,,2.0,9.0
02031800,LA MAGEL A MOLLKIRCH,2013-07-08,16.1,7.7,8.9,191.0,6.0,,2.45,,0.255,1.0,,,,2.0,7.0
02031800,LA MAGEL A MOLLKIRCH,2013-08-06,18.8,8.2,8.3,125.0,15.0,,2.72,,0.179,0.5,,,,2.0,11.0
02031800,LA MAGEL A MOLLKIRCH,2013-09-02,13.6,9.0,9.8,127.0,3.0,,2.16,,0.11,0.5,,,,2.0,5.0
02031800,LA MAGEL A MOLLKIRCH,2013-09-30,11.6,8.8,10.2,133.0,8.0,,2.81,,0.104,0.5,,,,2.0,8.0
02031800,LA MAGEL A MOLLKIRCH,2013-10-28,12.4,7.9,10.3,105.0,8.0,,5.37,,0.051,0.5,,,,2.1,10.0
02031800,LA MAGEL A MOLLKIRCH,2013-11-26,4.0,6.5,12.4,106.0,3.0,,2.9,,0.034,0.5,,,,2.7,6.0
02032000,LA BRUCHE A GRESSWILLER,2013-01-17,2.0,7.7,13.4,121.0,5.4,2.8,1.5,5.0,0.04,0.5,0.09,0.07,0.02,2.6,5.0
02032000,LA BRUCHE A GRESSWILLER,2013-02-13,3.1,7.65,12.8,132.0,5.5,1.6,1.6,5.2,0.04,0.5,0.08,0.05,0.01,2.3,5.0
02032000,LA BRUCHE A GRESSWILLER,2013-03-13,3.4,7.7,13.5,114.0,6.9,2.5,2.0,4.4,0.04,0.5,0.06,0.09,0.01,1.1,8.0
02032000,LA BRUCHE A GRESSWILLER,2013-04-10,7.6,7.75,12.1,116.0,26.0,8.3,2.8,3.6,0.06,0.6,0.1,0.11,0.03,3.9,18.0
02032000,LA BRUCHE A GRESSWILLER,2013-05-10,12.8,7.85,12.9,123.0,6.0,2.0,2.1,3.5,0.04,0.5,0.09,0.05,0.02,0.8,8.0
02032000,LA BRUCHE A GRESSWILLER,2013-06-05,11.5,7.5,11.1,104.0,9.1,3.0,2.0,3.3,0.05,0.5,0.09,0.05,0.02,0.9,6.0
02032000,LA BRUCHE A GRESSWILLER,2013-07-03,15.4,7.5,9.7,141.0,12.0,2.2,2.5,4.0,0.07,0.5,0.14,0.05,0.06,1.2,10.0
02032000,LA BRUCHE A GRESSWILLER,2013-07-31,19.0,7.7,9.8,150.0,9.0,0.7,2.1,4.4,0.1,0.5,0.193,0.05,0.06,0.8,5.0
02032000,LA BRUCHE A GRESSWILLER,2013-08-28,16.0,7.7,9.7,130.0,33.0,27.1,3.3,3.9,0.09,0.5,0.144,0.06,0.04,2.2,17.0
02032000,LA BRUCHE A GRESSWILLER,2013-09-25,13.0,7.5,9.8,140.0,8.0,3.2,2.1,3.9,0.04,0.5,0.128,0.05,0.01,0.5,10.0
02032000,LA BRUCHE A GRESSWILLER,2013-10-23,12.0,7.5,10.3,120.0,10.0,4.7,2.9,3.7,0.06,0.5,0.111,0.05,0.01,3.6,12.0
02032000,LA BRUCHE A GRESSWILLER,2013-11-20,6.9,7.7,11.6,120.0,8.0,4.5,3.2,3.8,0.05,0.5,0.105,0.05,0.01,1.8,8.0
02032800,LA MOSSIG A ROMANSWILLER,2013-01-21,4.2,8.3,12.3,112.0,2.0,,1.31,,0.041,0.5,,,,2.0,5.0
02032800,LA MOSSIG A ROMANSWILLER,2013-02-18,4.7,7.9,9.5,106.0,3.0,,1.43,,0.035,0.5,,,,2.6,5.0
02032800,LA MOSSIG A ROMANSWILLER,2013-03-18,6.1,7.2,11.3,107.0,6.0,,1.81,,0.044,0.5,,,,2.1,5.0
02032800,LA MOSSIG A ROMANSWILLER,2013-04-15,11.2,6.9,10.1,97.0,5.0,,1.42,,0.036,0.6,,,,2.0,9.0
02032800,LA MOSSIG A ROMANSWILLER,2013-05-13,9.3,7.4,10.5,95.0,4.0,,1.72,,0.04,0.6,,,,3.8,7.0
02032800,LA MOSSIG A ROMANSWILLER,2013-06-10,11.8,7.1,10.0,94.0,6.0,,2.01,,0.052,0.6,,,,2.0,5.0
02032800,LA MOSSIG A ROMANSWILLER,2013-07-08,14.2,7.7,9.4,100.0,4.0,,1.43,,0.074,0.5,,,,2.0,5.0
02032800,LA MOSSIG A ROMANSWILLER,2013-08-06,16.4,7.9,9.0,98.0,3.0,,1.16,,0.055,0.5,,,,2.0,5.0
02032800,LA MOSSIG A ROMANSWILLER,2013-09-02,12.5,8.9,9.7,98.0,3.0,,1.04,,0.077,0.5,,,,2.0,5.0
02032800,LA MOSSIG A ROMANSWILLER,2013-09-30,10.7,8.0,10.3,100.0,4.0,,1.45,,0.074,0.5,,,,2.0,6.0
02032800,LA MOSSIG A ROMANSWILLER,2013-10-28,12.4,8.1,10.3,97.0,3.0,,3.15,,0.051,0.5,,,,2.0,7.0
02032800,LA MOSSIG A ROMANSWILLER,2013-11-26,5.2,7.3,11.9,105.0,4.0,,2.01,,0.038,0.5,,,,2.4,5.0
02035000,LA MOSSIG A SOULTZ-LES-BAINS,2013-01-17,2.5,7.55,12.0,570.0,9.5,3.0,2.1,14.0,0.1,0.5,0.2,0.11,0.06,2.7,6.0
02035000,LA MOSSIG A SOULTZ-LES-BAINS,2013-02-14,2.6,7.55,13.9,527.0,8.8,4.2,2.2,15.0,0.07,0.5,0.16,0.16,0.07,1.5,10.0
02035000,LA MOSSIG A SOULTZ-LES-BAINS,2013-03-14,2.9,7.75,12.2,478.0,5.8,1.6,2.0,13.0,0.07,0.5,0.14,0.15,0.06,2.8,6.0
02035000,LA MOSSIG A SOULTZ-LES-BAINS,2013-04-11,9.2,7.75,10.0,540.0,5.5,1.4,3.1,10.0,0.09,0.6,0.2,0.16,0.11,1.8,5.0
02035000,LA MOSSIG A SOULTZ-LES-BAINS,2013-05-13,10.8,7.95,8.0,511.0,14.0,6.1,2.7,12.0,0.09,0.5,0.23,0.06,0.09,1.5,14.0
02035000,LA MOSSIG A SOULTZ-LES-BAINS,2013-06-06,13.0,7.9,8.0,498.0,18.0,4.7,2.3,12.0,0.1,0.5,0.25,0.07,0.08,0.9,9.0
02035000,LA MOSSIG A SOULTZ-LES-BAINS,2013-07-04,15.1,8.2,6.7,571.0,13.0,2.9,2.4,12.0,0.17,0.5,0.42,0.1,0.14,0.5,8.0
02035000,LA MOSSIG A SOULTZ-LES-BAINS,2013-08-01,19.0,7.8,6.7,620.0,13.0,0.4,2.6,12.2,0.24,0.5,0.574,0.05,0.08,1.3,8.0
02035000,LA MOSSIG A SOULTZ-LES-BAINS,2013-08-29,15.0,7.5,8.0,590.0,13.0,3.7,2.6,10.5,0.2,0.5,0.516,0.08,0.12,0.8,9.0
02035000,LA MOSSIG A SOULTZ-LES-BAINS,2013-09-26,14.0,8.1,9.8,580.0,10.0,3.6,2.0,11.0,0.13,0.5,0.35,0.05,0.07,1.2,6.0
02035000,LA MOSSIG A SOULTZ-LES-BAINS,2013-10-24,12.0,7.9,9.4,510.0,15.0,2.8,3.1,8.9,0.11,0.5,0.273,0.05,0.06,2.0,11.0
02035000,LA MOSSIG A SOULTZ-LES-BAINS,2013-11-21,7.3,8.0,9.9,530.0,20.0,6.3,3.9,11.9,0.09,0.5,0.243,0.05,0.05,2.0,11.0
02035000,LA MOSSIG A SOULTZ-LES-BAINS,2013-12-17,3.9,,13.6,,,,1.8,,,,,,,2.6,
02035500,LA BRUCHE A WOLXHEIM,2013-01-21,3.0,7.7,12.2,257.0,2.0,,1.73,,0.061,0.6,,,,2.1,5.0
02035500,LA BRUCHE A WOLXHEIM,2013-02-18,4.6,8.1,9.7,186.0,3.0,,1.82,,0.115,0.7,,,,2.7,5.0
02035500,LA BRUCHE A WOLXHEIM,2013-03-18,5.0,7.3,11.5,163.0,11.0,,2.43,,0.049,0.7,,,,2.5,8.0
02035500,LA BRUCHE A WOLXHEIM,2013-04-15,11.8,7.3,10.5,122.0,7.0,,1.76,,0.034,0.5,,,,2.0,11.0
02035500,LA BRUCHE A WOLXHEIM,2013-05-13,10.7,7.6,10.7,153.0,5.0,,2.34,,0.051,0.6,,,,3.7,8.0
02035500,LA BRUCHE A WOLXHEIM,2013-06-10,14.0,7.3,9.6,165.0,11.0,,2.79,,0.061,0.7,,,,2.0,6.0
02035500,LA BRUCHE A WOLXHEIM,2013-07-08,19.2,7.8,8.8,170.0,7.0,,2.33,,0.086,0.7,,,,2.0,7.0
02035500,LA BRUCHE A WOLXHEIM,2013-08-06,21.5,7.8,8.3,199.0,7.0,,2.02,,0.072,0.5,,,,2.0,7.0
02035500,LA BRUCHE A WOLXHEIM,2013-09-02,16.4,9.2,9.5,203.0,5.0,,1.97,,0.075,0.5,,,,2.0,5.0
02035500,LA BRUCHE A WOLXHEIM,2013-09-30,13.6,7.8,10.0,177.0,4.0,,2.62,,0.064,0.5,,,,2.0,5.0
02035500,LA BRUCHE A WOLXHEIM,2013-10-28,13.1,8.1,10.2,138.0,10.0,,4.71,,0.07,0.5,,,,2.2,12.0
02035500,LA BRUCHE A WOLXHEIM,2013-11-26,5.6,7.4,11.9,157.0,5.0,,2.28,,0.049,0.5,,,,2.5,6.0
02035750,LE BRAS D'ALTORF A DUPPIGHEIM,2013-01-21,2.3,6.9,12.9,233.0,7.0,,2.05,,0.052,0.5,,,,2.0,6.0
02035750,LE BRAS D'ALTORF A DUPPIGHEIM,2013-02-18,4.9,8.1,9.6,150.0,3.0,,1.94,,0.038,0.6,,,,2.7,5.0
02035750,LE BRAS D'ALTORF A DUPPIGHEIM,2013-03-18,5.2,8.3,12.0,140.0,12.0,,2.52,,0.049,0.7,,,,2.6,7.0
02035750,LE BRAS D'ALTORF A DUPPIGHEIM,2013-04-15,11.4,6.5,9.9,121.0,10.0,,1.93,,0.039,0.6,,,,2.0,14.0
02035750,LE BRAS D'ALTORF A DUPPIGHEIM,2013-05-13,11.2,7.4,10.2,145.0,6.0,,2.57,,0.045,0.5,,,,3.8,9.0
02035750,LE BRAS D'ALTORF A DUPPIGHEIM,2013-06-10,14.7,6.8,8.7,147.0,23.0,,4.21,,0.089,0.9,,,,2.3,12.0
02035750,LE BRAS D'ALTORF A DUPPIGHEIM,2013-07-08,20.2,7.6,8.0,197.0,11.0,,2.84,,0.095,0.9,,,,2.0,10.0
02035750,LE BRAS D'ALTORF A DUPPIGHEIM,2013-08-06,22.3,7.8,6.9,272.0,8.0,,2.7,,0.086,0.5,,,,2.0,9.0
02035750,LE BRAS D'ALTORF A DUPPIGHEIM,2013-09-02,16.8,9.1,8.6,237.0,22.0,,2.17,,0.143,0.6,,,,2.0,6.0
02035750,LE BRAS D'ALTORF A DUPPIGHEIM,2013-09-30,13.6,8.0,9.3,196.0,22.0,,2.65,,0.09,0.5,,,,2.0,7.0
02035750,LE BRAS D'ALTORF A DUPPIGHEIM,2013-10-28,13.6,7.5,9.5,125.0,19.0,,5.06,,0.086,0.6,,,,2.4,13.0
02035750,LE BRAS D'ALTORF A DUPPIGHEIM,2013-11-26,5.0,7.8,11.7,140.0,6.0,,2.51,,0.048,0.5,,,,2.4,6.0
02036000,LA BRUCHE A HOLTZHEIM,2013-01-16,2.2,7.95,9.6,165.0,4.4,2.8,1.6,5.9,0.05,0.5,0.15,0.12,0.04,0.5,5.0
02036000,LA BRUCHE A HOLTZHEIM,2013-02-14,1.8,7.7,12.9,167.0,6.0,0.32,1.9,6.0,0.05,0.5,0.12,0.05,0.14,0.5,7.0
02036000,LA BRUCHE A HOLTZHEIM,2013-03-14,2.3,7.75,14.1,150.0,5.8,2.2,1.8,5.2,0.04,0.5,0.08,0.15,0.04,2.4,6.0
02036000,LA BRUCHE A HOLTZHEIM,2013-04-11,8.4,7.65,11.3,168.0,5.3,0.1,3.3,4.1,0.05,0.5,0.09,0.05,0.06,1.2,7.0
02036000,LA BRUCHE A HOLTZHEIM,2013-05-13,10.9,7.5,11.5,169.0,11.0,3.0,2.6,4.5,0.06,0.5,0.16,0.05,0.04,1.5,8.0
02036000,LA BRUCHE A HOLTZHEIM,2013-06-06,13.9,7.45,10.1,157.0,17.0,3.8,2.3,4.3,0.07,0.5,0.19,0.06,0.04,1.2,8.0
02036000,LA BRUCHE A HOLTZHEIM,2013-07-04,16.1,7.45,9.3,168.0,23.0,2.6,2.4,4.6,0.11,0.5,0.2,0.05,0.07,0.6,15.0
02036000,LA BRUCHE A HOLTZHEIM,2013-08-01,20.0,7.7,9.2,250.0,9.0,0.3,2.5,5.3,0.1,0.5,0.227,0.05,0.08,1.1,7.0
02036000,LA BRUCHE A HOLTZHEIM,2013-08-29,16.0,7.7,8.9,210.0,16.0,11.2,3.1,4.7,0.1,0.5,0.218,0.05,0.05,8.6,9.0
02036000,LA BRUCHE A HOLTZHEIM,2013-09-26,14.0,7.6,9.3,240.0,15.0,2.5,2.4,6.3,0.06,0.5,0.137,0.05,0.02,1.4,8.0
02036000,LA BRUCHE A HOLTZHEIM,2013-10-24,13.0,7.5,9.9,140.0,11.0,6.7,3.7,3.8,0.05,0.5,0.109,0.05,0.02,1.7,18.0
02036000,LA BRUCHE A HOLTZHEIM,2013-11-21,6.4,7.1,12.2,170.0,7.0,4.2,3.1,4.9,0.05,0.5,0.111,0.05,0.03,1.3,8.0
02036000,LA BRUCHE A HOLTZHEIM,2013-12-18,3.6,,13.1,,,,1.6,,,,,,,1.4,
02036230,LE CANAL DE LA BRUCHE DECLASSE A ERNOLSHEIM-BRUCHE,2013-01-21,3.1,7.4,13.2,848.0,5.0,,2.07,,0.101,0.6,,,,2.2,6.0
02036230,LE CANAL DE LA BRUCHE DECLASSE A ERNOLSHEIM-BRUCHE,2013-02-18,5.1,8.6,10.5,625.0,5.0,,2.33,,0.074,0.8,,,,2.9,6.0
02036230,LE CANAL DE LA BRUCHE DECLASSE A ERNOLSHEIM-BRUCHE,2013-03-18,6.4,7.6,11.9,493.0,13.0,,3.08,,0.11,0.8,,,,3.0,9.0
02036230,LE CANAL DE LA BRUCHE DECLASSE A ERNOLSHEIM-BRUCHE,2013-04-15,14.9,8.1,11.0,510.0,8.0,,2.5,,0.08,0.5,,,,2.2,13.0
02036230,LE CANAL DE LA BRUCHE DECLASSE A ERNOLSHEIM-BRUCHE,2013-05-13,11.6,7.7,10.0,501.0,13.0,,2.55,,0.115,0.6,,,,3.9,9.0
02036230,LE CANAL DE LA BRUCHE DECLASSE A ERNOLSHEIM-BRUCHE,2013-06-10,14.7,7.8,8.9,631.0,29.0,,3.57,,0.147,0.7,,,,2.1,9.0
02036230,LE CANAL DE LA BRUCHE DECLASSE A ERNOLSHEIM-BRUCHE,2013-07-08,20.5,7.9,8.6,495.0,25.0,,2.61,,0.161,0.9,,,,2.0,11.0
02036230,LE CANAL DE LA BRUCHE DECLASSE A ERNOLSHEIM-BRUCHE,2013-08-06,21.5,7.8,7.6,527.0,22.0,,2.45,,0.19,0.5,,,,2.0,8.0
02036230,LE CANAL DE LA BRUCHE DECLASSE A ERNOLSHEIM-BRUCHE,2013-09-02,17.2,9.3,9.2,500.0,3.0,,2.58,,0.087,0.5,,,,2.0,5.0
02036230,LE CANAL DE LA BRUCHE DECLASSE A ERNOLSHEIM-BRUCHE,2013-09-30,14.1,7.9,9.8,432.0,9.0,,2.57,,0.107,0.5,,,,2.0,5.0
02036230,LE CANAL DE LA BRUCHE DECLASSE A ERNOLSHEIM-BRUCHE,2013-10-28,13.9,8.2,9.0,511.0,26.0,,4.34,,0.178,0.9,,,,3.1,15.0
02036230,LE CANAL DE LA BRUCHE DECLASSE A ERNOLSHEIM-BRUCHE,2013-11-26,5.6,8.1,11.7,592.0,9.0,,3.08,,0.093,0.5,,,,2.6,7.0
02036250,LE CANAL DE LA BRUCHE DECLASSE A ACHENHEIM,2013-01-16,2.5,7.95,11.0,578.0,30.0,7.2,2.0,15.0,0.11,0.5,0.25,0.07,0.06,1.0,5.0
02036250,LE CANAL DE LA BRUCHE DECLASSE A ACHENHEIM,2013-02-14,2.3,8.35,13.3,554.0,5.9,3.6,2.3,15.0,0.07,0.5,0.17,0.08,0.05,0.8,5.0
02036250,LE CANAL DE LA BRUCHE DECLASSE A ACHENHEIM,2013-03-14,2.7,8.35,14.5,490.0,6.5,2.5,2.2,12.0,0.07,0.5,0.15,0.11,0.07,2.2,5.0
02036250,LE CANAL DE LA BRUCHE DECLASSE A ACHENHEIM,2013-04-11,9.5,8.2,10.9,551.0,10.0,3.6,2.9,10.0,0.09,0.6,0.16,0.08,0.12,0.9,8.0
02036250,LE CANAL DE LA BRUCHE DECLASSE A ACHENHEIM,2013-05-13,12.7,7.9,11.7,562.0,16.0,11.0,2.7,13.0,0.11,0.5,0.32,0.12,0.16,1.8,12.0
02036250,LE CANAL DE LA BRUCHE DECLASSE A ACHENHEIM,2013-06-06,16.2,7.95,9.1,527.0,19.0,9.9,2.5,11.0,0.12,0.5,0.26,0.14,0.11,1.4,5.0
02036250,LE CANAL DE LA BRUCHE DECLASSE A ACHENHEIM,2013-07-04,17.0,7.95,9.2,575.0,30.0,13.0,2.7,12.0,0.21,0.7,0.47,0.25,0.27,1.5,12.0
02036250,LE CANAL DE LA BRUCHE DECLASSE A ACHENHEIM,2013-08-01,20.0,8.0,6.9,520.0,27.0,0.4,2.9,8.3,0.18,0.5,0.401,0.1,0.13,1.7,9.0
02036250,LE CANAL DE LA BRUCHE DECLASSE A ACHENHEIM,2013-08-29,17.0,8.0,9.2,420.0,22.0,2.0,2.9,8.1,0.16,0.5,0.47,0.11,0.15,0.8,12.0
02036250,LE CANAL DE LA BRUCHE DECLASSE A ACHENHEIM,2013-09-26,15.0,8.0,9.4,440.0,27.0,2.0,2.1,9.1,0.11,0.7,0.245,0.05,0.05,1.9,7.0
02036250,LE CANAL DE LA BRUCHE DECLASSE A ACHENHEIM,2013-10-24,13.0,8.0,10.0,530.0,13.0,6.6,2.3,8.9,0.11,0.5,0.269,0.05,0.07,2.4,13.0
02036250,LE CANAL DE LA BRUCHE DECLASSE A ACHENHEIM,2013-11-21,6.7,8.0,12.8,510.0,15.0,8.5,3.9,9.4,0.16,0.7,0.384,0.12,0.1,2.5,12.0
02036250,LE CANAL DE LA BRUCHE DECLASSE A ACHENHEIM,2013-12-18,3.3,,13.1,,,,1.8,,,,,,,1.5,
02036260,LE CANAL DE LA BRUCHE DECLASSE A WOLFISHEIM,2013-01-21,2.7,7.4,13.2,712.0,6.0,,2.08,,0.1,0.5,,,,2.1,7.0
02036260,LE CANAL DE LA BRUCHE DECLASSE A WOLFISHEIM,2013-02-18,4.8,8.5,10.4,667.0,7.0,,2.51,,0.082,0.8,,,,3.7,7.0
02036260,LE CANAL DE LA BRUCHE DECLASSE A WOLFISHEIM,2013-03-18,5.8,8.2,12.0,561.0,10.0,,2.51,,0.108,0.7,,,,2.9,6.0
02036260,LE CANAL DE LA BRUCHE DECLASSE A WOLFISHEIM,2013-04-15,16.9,8.1,10.1,534.0,12.0,,2.85,,0.105,0.7,,,,2.2,15.0
02036260,LE CANAL DE LA BRUCHE DECLASSE A WOLFISHEIM,2013-05-13,13.0,7.8,9.9,575.0,15.0,,2.67,,0.165,0.9,,,,4.0,9.0
02036260,LE CANAL DE LA BRUCHE DECLASSE A WOLFISHEIM,2013-06-10,16.4,7.6,8.2,589.0,46.0,,5.49,,0.254,1.3,,,,3.6,15.0
02036260,LE CANAL DE LA BRUCHE DECLASSE A WOLFISHEIM,2013-07-08,21.7,8.0,7.7,531.0,28.0,,2.76,,0.215,1.0,,,,2.0,10.0
02036260,LE CANAL DE LA BRUCHE DECLASSE A WOLFISHEIM,2013-08-06,23.4,7.8,6.9,549.0,31.0,,3.5,,0.253,0.5,,,,2.0,10.0
02036260,LE CANAL DE LA BRUCHE DECLASSE A WOLFISHEIM,2013-09-02,18.3,9.3,8.8,499.0,19.0,,2.53,,0.162,0.5,,,,2.0,6.0
02036260,LE CANAL DE LA BRUCHE DECLASSE A WOLFISHEIM,2013-09-30,14.9,8.2,9.7,479.0,15.0,,2.45,,0.126,0.5,,,,2.0,5.0
02036260,LE CANAL DE LA BRUCHE DECLASSE A WOLFISHEIM,2013-10-28,14.5,8.2,9.2,589.0,15.0,,3.6,,0.143,0.6,,,,2.2,8.0
02036260,LE CANAL DE LA BRUCHE DECLASSE A WOLFISHEIM,2013-11-26,5.3,8.2,12.0,645.0,9.0,,3.54,,0.113,0.6,,,,3.0,7.0
02037000,L'ILL A STRASBOURG,2013-01-16,4.2,7.8,10.5,438.0,11.0,5.0,1.9,12.0,0.06,0.5,0.16,0.15,0.08,1.3,6.0
02037000,L'ILL A STRASBOURG,2013-02-14,3.3,8.1,12.1,397.0,12.0,4.5,2.4,11.0,0.06,0.5,0.14,0.05,0.09,1.7,10.0
02037000,L'ILL A STRASBOURG,2013-03-14,4.4,8.1,12.6,350.0,11.0,2.4,2.0,9.3,0.03,0.5,0.07,0.1,0.05,2.0,5.0
02037000,L'ILL A STRASBOURG,2013-04-11,10.1,8.1,10.2,383.0,6.9,0.36,2.8,9.0,0.05,0.6,0.08,0.12,0.07,2.1,5.0
02037000,L'ILL A STRASBOURG,2013-05-13,13.0,7.8,9.2,416.0,13.0,7.8,2.5,10.0,0.08,0.5,0.19,0.05,0.07,1.5,7.0
02037000,L'ILL A STRASBOURG,2013-06-06,15.8,7.8,8.6,418.0,17.0,7.4,2.4,9.4,0.1,0.5,0.22,0.11,0.08,0.9,10.0
02037000,L'ILL A STRASBOURG,2013-07-04,18.2,7.85,7.5,431.0,15.0,5.4,1.9,8.2,0.08,0.5,0.16,0.08,0.08,0.5,7.0
02037000,L'ILL A STRASBOURG,2013-08-01,23.0,8.0,10.2,390.0,10.0,0.3,2.5,5.8,0.06,0.5,0.116,0.05,0.06,1.1,6.0
02037000,L'ILL A STRASBOURG,2013-08-29,19.0,8.05,8.8,400.0,11.0,0.6,1.9,6.4,0.05,0.5,0.192,0.05,0.05,1.7,8.0
02037000,L'ILL A STRASBOURG,2013-09-26,16.0,8.1,9.5,430.0,12.0,4.4,1.9,7.6,0.04,0.5,0.104,0.05,0.03,1.4,5.0
02037000,L'ILL A STRASBOURG,2013-10-24,14.0,7.9,10.1,370.0,16.0,6.9,2.3,8.8,0.07,0.5,0.176,0.05,0.04,1.7,12.0
02037000,L'ILL A STRASBOURG,2013-11-21,7.2,8.1,11.1,370.0,13.0,6.9,2.8,9.2,0.07,0.5,0.165,0.07,0.05,1.5,6.0
02037000,L'ILL A STRASBOURG,2013-12-18,4.8,,11.3,,,,1.7,,,,,,,1.4,
02037300,LA SOUFFEL A QUATZENHEIM,2013-01-21,5.5,8.3,12.0,1195.0,17.0,,1.79,,0.066,0.5,,,,2.0,6.0
02037300,LA SOUFFEL A QUATZENHEIM,2013-02-18,6.9,8.1,10.9,1170.0,30.0,,1.96,,0.06,0.7,,,,2.6,5.0
02037300,LA SOUFFEL A QUATZENHEIM,2013-03-18,8.2,8.1,11.3,1119.0,29.0,,2.22,,0.066,0.6,,,,2.0,6.0
02037300,LA SOUFFEL A QUATZENHEIM,2013-04-16,14.6,8.2,11.2,1124.0,25.0,,1.78,,0.035,0.8,,,,2.1,6.0
02037300,LA SOUFFEL A QUATZENHEIM,2013-05-14,11.9,7.9,9.9,1091.0,38.0,,2.21,,0.042,0.6,,,,2.0,6.0
02037300,LA SOUFFEL A QUATZENHEIM,2013-06-10,14.7,8.1,8.0,1140.0,96.0,,3.89,,0.154,1.1,,,,4.3,18.0
02037300,LA SOUFFEL A QUATZENHEIM,2013-07-09,18.2,8.6,9.4,1092.0,25.0,,1.98,,0.065,1.1,,,,2.0,6.0
02037300,LA SOUFFEL A QUATZENHEIM,2013-08-07,19.0,7.8,7.8,1099.0,74.0,,4.6,,0.14,1.3,,,,2.9,17.0
02037300,LA SOUFFEL A QUATZENHEIM,2013-09-03,15.5,7.3,9.8,1148.0,17.0,,1.73,,0.055,0.5,,,,2.0,5.0
02037300,LA SOUFFEL A QUATZENHEIM,2013-10-01,13.2,8.2,10.0,1230.0,19.0,,1.74,,0.054,0.5,,,,2.0,5.0
02037300,LA SOUFFEL A QUATZENHEIM,2013-10-30,11.0,8.1,10.3,903.0,26.0,,2.24,,0.057,0.5,,,,2.6,6.0
02037300,LA SOUFFEL A QUATZENHEIM,2013-11-26,6.3,7.9,11.3,1188.0,51.0,,2.62,,0.096,0.5,,,,2.1,7.0
02037400,LA SOUFFEL A MUNDOLSHEIM (AMONT),2013-01-16,,,,,,,,47.0,,,,,,,
02037400,LA SOUFFEL A MUNDOLSHEIM (AMONT),2013-02-14,1.8,8.3,12.0,1138.0,41.0,0.1,2.7,51.0,0.31,2.7,0.71,2.92,0.58,5.5,17.0
02037400,LA SOUFFEL A MUNDOLSHEIM (AMONT),2013-03-14,,,,,,,,50.0,,,,,,,
02037400,LA SOUFFEL A MUNDOLSHEIM (AMONT),2013-04-11,10.3,8.05,10.0,951.0,26.0,3.8,4.5,34.0,0.15,1.4,0.28,0.69,0.85,1.1,9.0
02037400,LA SOUFFEL A MUNDOLSHEIM (AMONT),2013-05-13,,,,,,,,51.0,,,,,,,
02037400,LA SOUFFEL A MUNDOLSHEIM (AMONT),2013-06-06,15.1,8.0,8.4,1136.0,74.0,25.0,3.2,55.0,0.61,1.5,1.7,0.8,0.96,3.4,14.0
02037400,LA SOUFFEL A MUNDOLSHEIM (AMONT),2013-07-04,16.9,7.75,5.0,898.0,37.0,12.0,4.1,33.0,0.62,1.8,1.3,1.58,1.9,4.3,16.0
02037400,LA SOUFFEL A MUNDOLSHEIM (AMONT),2013-08-01,20.0,8.0,7.0,1200.0,62.0,1.4,4.8,43.8,0.61,2.0,1.67,2.4,2.8,4.7,16.0
02037400,LA SOUFFEL A MUNDOLSHEIM (AMONT),2013-08-29,,,,,,,,37.8,,,,,,,
02037400,LA SOUFFEL A MUNDOLSHEIM (AMONT),2013-09-26,16.0,8.1,7.3,1100.0,150.0,32.8,3.3,42.0,0.3,1.4,0.756,0.2,0.61,2.2,18.0
02037400,LA SOUFFEL A MUNDOLSHEIM (AMONT),2013-10-24,,,,,,,,40.2,,,,,,,
02037400,LA SOUFFEL A MUNDOLSHEIM (AMONT),2013-11-21,8.0,8.0,9.6,1000.0,67.0,22.4,3.5,40.6,0.26,1.0,0.721,0.24,0.3,3.9,17.0
02037450,LE LEISBACH A PFULGRIESHEIM,2013-01-21,4.5,8.1,10.0,1507.0,31.0,,3.85,,0.487,3.9,,,,6.5,17.0
02037450,LE LEISBACH A PFULGRIESHEIM,2013-02-18,6.3,8.4,9.2,1065.0,16.0,,3.23,,0.228,0.8,,,,3.3,9.0
02037450,LE LEISBACH A PFULGRIESHEIM,2013-03-18,7.5,8.0,9.7,941.0,23.0,,4.01,,0.303,3.5,,,,7.2,14.0
02037450,LE LEISBACH A PFULGRIESHEIM,2013-04-16,15.2,8.1,8.7,1008.0,26.0,,3.92,,0.336,1.3,,,,3.7,11.0
02037450,LE LEISBACH A PFULGRIESHEIM,2013-05-14,11.7,8.2,8.9,1009.0,52.0,,4.68,,0.265,1.0,,,,6.8,10.0
02037450,LE LEISBACH A PFULGRIESHEIM,2013-06-10,14.6,7.7,7.2,1020.0,110.0,,5.55,,0.35,2.5,,,,6.5,16.0
02037450,LE LEISBACH A PFULGRIESHEIM,2013-07-09,19.2,8.7,11.7,1009.0,5.0,,3.99,,0.239,1.9,,,,2.0,9.0
02037450,LE LEISBACH A PFULGRIESHEIM,2013-08-07,18.9,7.9,4.3,406.0,100.0,,6.52,,0.386,2.2,,,,5.1,24.0
02037450,LE LEISBACH A PFULGRIESHEIM,2013-09-03,15.9,8.1,8.4,1017.0,66.0,,3.94,,0.291,0.9,,,,2.5,10.0
02037450,LE LEISBACH A PFULGRIESHEIM,2013-10-01,13.6,8.0,8.3,1099.0,56.0,,3.64,,0.308,0.9,,,,2.7,13.0
02037450,LE LEISBACH A PFULGRIESHEIM,2013-10-30,11.0,8.0,8.9,776.0,76.0,,3.72,,0.216,0.5,,,,3.0,8.0
02037450,LE LEISBACH A PFULGRIESHEIM,2013-11-26,6.0,7.9,10.9,1107.0,39.0,,2.82,,0.283,1.0,,,,3.6,10.0
02037500,LA SOUFFEL A MUNDOLSHEIM,2013-01-16,1.8,7.95,9.9,1174.0,34.0,59.0,3.3,49.0,0.5,3.0,1.1,1.83,0.34,2.3,13.0
02037500,LA SOUFFEL A MUNDOLSHEIM,2013-02-14,1.7,8.35,12.0,1085.0,72.0,41.0,3.1,56.0,0.26,2.0,0.54,1.78,0.35,5.5,18.0
02037500,LA SOUFFEL A MUNDOLSHEIM,2013-03-14,2.3,8.35,12.9,1039.0,44.0,12.0,2.9,53.0,0.23,2.0,0.43,1.95,0.31,3.5,16.0
02037500,LA SOUFFEL A MUNDOLSHEIM,2013-04-11,9.9,8.0,7.6,988.0,29.0,1.7,4.3,43.0,0.28,2.0,0.81,1.55,0.87,5.7,12.0
02037500,LA SOUFFEL A MUNDOLSHEIM,2013-05-13,11.5,8.05,9.3,1047.0,98.0,35.0,3.4,54.0,0.42,1.0,0.85,0.43,0.84,1.9,21.0
02037500,LA SOUFFEL A MUNDOLSHEIM,2013-06-06,14.7,8.05,7.8,1138.0,120.0,37.0,3.3,60.0,0.48,1.3,1.3,0.54,0.84,2.5,14.0
02037500,LA SOUFFEL A MUNDOLSHEIM,2013-07-04,17.0,7.8,4.9,845.0,44.0,11.0,4.0,35.0,0.4,1.7,0.89,0.94,1.8,3.7,21.0
02037500,LA SOUFFEL A MUNDOLSHEIM,2013-08-01,21.0,8.0,5.3,1100.0,49.0,0.8,5.0,44.0,0.49,1.4,1.03,0.8,1.3,2.5,16.0
02037500,LA SOUFFEL A MUNDOLSHEIM,2013-08-29,17.0,8.15,6.5,1100.0,87.0,3.0,3.5,43.9,0.4,1.4,0.76,0.19,1.3,0.5,17.0
02037500,LA SOUFFEL A MUNDOLSHEIM,2013-09-26,16.0,8.1,6.5,1100.0,110.0,17.9,3.4,45.9,0.45,1.5,0.877,0.35,0.71,3.2,18.0
02037500,LA SOUFFEL A MUNDOLSHEIM,2013-10-24,14.0,8.2,7.6,1000.0,51.0,12.4,3.6,40.9,0.32,0.8,0.687,0.23,0.48,2.1,16.0
02037500,LA SOUFFEL A MUNDOLSHEIM,2013-11-21,8.1,8.0,10.4,960.0,72.0,6.9,4.5,37.5,0.48,2.4,1.38,2.0,0.4,7.8,30.0
02037500,LA SOUFFEL A MUNDOLSHEIM,2013-12-18,4.8,,10.5,,,,3.3,,,,,,,6.1,
02038000,L'ILL A LA WANTZENAU,2013-01-16,4.0,7.9,9.5,452.0,16.0,7.8,2.0,12.0,0.07,0.5,0.17,0.13,0.08,0.5,5.0
02038000,L'ILL A LA WANTZENAU,2013-02-14,3.7,8.15,12.1,411.0,13.0,6.0,2.3,11.0,0.06,0.5,0.14,0.1,0.12,2.2,5.0
02038000,L'ILL A LA WANTZENAU,2013-03-14,5.0,8.2,12.7,370.0,9.1,2.4,2.0,9.4,0.03,0.5,0.07,0.09,0.05,1.5,5.0
02038000,L'ILL A LA WANTZENAU,2013-04-11,10.3,8.3,10.7,437.0,9.4,2.5,2.2,9.7,0.04,0.5,0.06,0.07,0.07,1.5,5.0
02038000,L'ILL A LA WANTZENAU,2013-05-13,13.8,7.9,10.0,438.0,13.0,7.5,2.4,9.8,0.08,0.5,0.2,0.05,0.07,1.5,8.0
02038000,L'ILL A LA WANTZENAU,2013-06-06,17.1,7.85,8.8,428.0,18.0,9.7,2.5,9.3,0.08,0.5,0.24,0.09,0.1,1.3,13.0
02038000,L'ILL A LA WANTZENAU,2013-07-04,19.0,7.95,8.1,448.0,13.0,8.4,2.1,8.3,0.09,0.5,0.17,0.07,0.1,0.8,8.0
02038000,L'ILL A LA WANTZENAU,2013-08-01,25.0,8.1,8.8,430.0,9.0,0.3,2.3,6.3,0.06,0.5,0.128,0.05,0.04,1.5,7.0
02038000,L'ILL A LA WANTZENAU,2013-08-29,21.0,8.2,9.3,420.0,9.0,4.3,1.9,6.1,0.06,0.5,0.145,0.05,0.04,1.2,8.0
02038000,L'ILL A LA WANTZENAU,2013-09-26,18.0,8.2,8.9,430.0,13.0,0.5,1.9,7.5,0.04,0.5,0.123,0.05,0.03,1.4,8.0
02038000,L'ILL A LA WANTZENAU,2013-10-24,14.0,7.9,9.2,380.0,19.0,6.5,3.6,8.9,0.08,0.5,0.156,0.05,0.05,1.5,11.0
02038000,L'ILL A LA WANTZENAU,2013-11-21,7.7,7.9,10.8,380.0,13.0,6.6,3.0,9.3,0.07,0.5,0.194,0.08,0.07,1.5,9.0
02038000,L'ILL A LA WANTZENAU,2013-12-18,5.6,,11.5,,,,1.7,,,,,,,1.6,
02040800,LA MODER A WIMMENAU,2013-01-22,5.7,7.4,11.1,112.0,15.0,,1.85,,0.109,0.7,,,,2.0,8.0
02040800,LA MODER A WIMMENAU,2013-02-19,5.6,7.4,12.2,125.0,13.0,,2.0,,0.09,0.6,,,,2.0,8.0
02040800,LA MODER A WIMMENAU,2013-03-19,6.5,7.4,11.4,131.0,17.0,,2.58,,0.1,0.7,,,,2.0,11.0
02040800,LA MODER A WIMMENAU,2013-04-16,11.4,7.4,9.8,125.0,16.0,,2.1,,0.082,0.9,,,,2.1,7.0
02040800,LA MODER A WIMMENAU,2013-05-14,10.9,7.7,10.1,126.0,17.0,,3.37,,0.091,1.2,,,,2.1,16.0
02040800,LA MODER A WIMMENAU,2013-06-11,12.4,7.9,9.4,118.0,9.0,,4.73,,0.102,0.9,,,,2.0,13.0
02040800,LA MODER A WIMMENAU,2013-07-09,14.4,7.8,9.3,114.0,5.0,,2.79,,0.098,0.6,,,,2.0,9.0
02040800,LA MODER A WIMMENAU,2013-08-07,14.9,7.3,8.2,120.0,20.0,,2.51,,0.156,0.9,,,,2.0,13.0
02040800,LA MODER A WIMMENAU,2013-09-03,11.8,7.9,8.9,116.0,9.0,,1.55,,0.13,0.5,,,,2.0,5.0
02040800,LA MODER A WIMMENAU,2013-10-01,10.7,7.6,9.4,124.0,14.0,,1.65,,0.134,0.5,,,,2.0,9.0
02040800,LA MODER A WIMMENAU,2013-10-30,8.9,7.2,10.2,121.0,13.0,,2.89,,0.132,0.5,,,,2.4,9.0
02040800,LA MODER A WIMMENAU,2013-11-26,5.3,7.7,11.6,131.0,15.0,,2.22,,0.107,0.5,,,,2.0,8.0
02041000,LA MODER A INGWILLER,2013-01-22,4.4,7.1,11.0,145.0,17.0,1.5,2.2,7.0,0.14,0.5,0.29,0.13,0.04,0.6,13.0
02041000,LA MODER A INGWILLER,2013-02-19,3.7,7.3,11.0,136.0,20.0,6.0,2.0,6.6,0.16,0.5,0.27,0.12,0.03,1.5,18.0
02041000,LA MODER A INGWILLER,2013-03-18,5.7,7.2,10.6,135.0,19.0,3.9,4.4,5.7,0.14,0.6,0.25,0.11,0.03,1.6,18.0
02041000,LA MODER A INGWILLER,2013-05-14,10.4,8.2,9.3,132.0,12.0,5.8,4.4,5.2,0.14,0.5,0.44,0.08,0.04,1.6,15.0
02041000,LA MODER A INGWILLER,2013-06-11,13.0,6.85,9.2,124.0,10.0,3.6,5.5,4.1,0.16,0.8,0.31,0.19,0.05,2.0,20.0
02041000,LA MODER A INGWILLER,2013-07-08,15.5,7.1,6.7,120.0,6.9,4.4,3.2,4.4,0.15,0.5,0.3,0.05,0.04,0.5,12.0
02041000,LA MODER A INGWILLER,2013-08-06,17.0,7.8,7.7,120.0,8.0,4.0,2.0,4.4,0.17,0.5,0.351,0.06,0.06,0.8,10.0
02041000,LA MODER A INGWILLER,2013-09-02,13.0,7.35,9.4,120.0,11.0,5.6,1.6,4.0,0.15,0.5,0.251,0.08,0.06,0.5,5.0
02041000,LA MODER A INGWILLER,2013-10-01,12.0,7.3,8.7,130.0,11.0,6.3,2.1,3.9,0.15,0.5,0.372,0.08,0.04,1.8,8.0
02041000,LA MODER A INGWILLER,2013-10-28,12.0,7.3,9.2,140.0,12.0,6.0,5.6,3.8,0.21,0.8,0.337,0.15,0.05,2.2,23.0
02041000,LA MODER A INGWILLER,2013-11-26,5.6,8.0,13.1,140.0,11.0,5.7,2.5,5.6,0.15,0.5,0.267,0.1,0.04,2.3,7.0
02041000,LA MODER A INGWILLER,2013-12-19,6.2,,11.5,,,,2.1,,,,,,,1.2,
02041300,LE ROTHBACH A ROTHBACH,2013-01-22,4.3,6.9,11.8,168.0,8.0,,2.54,,0.129,0.7,,,,2.0,9.0
02041300,LE ROTHBACH A ROTHBACH,2013-02-19,4.2,7.7,13.1,139.0,15.0,,2.54,,0.103,0.6,,,,2.1,10.0
02041300,LE ROTHBACH A ROTHBACH,2013-03-19,5.5,7.4,10.7,156.0,13.0,,3.24,,0.108,0.7,,,,2.3,11.0
02041300,LE ROTHBACH A ROTHBACH,2013-04-16,13.0,7.6,9.8,145.0,14.0,,2.81,,0.088,1.0,,,,2.0,9.0
02041300,LE ROTHBACH A ROTHBACH,2013-05-14,11.3,7.6,9.8,134.0,12.0,,4.16,,0.108,1.0,,,,2.3,14.0
02041300,LE ROTHBACH A ROTHBACH,2013-06-11,12.4,7.6,9.6,137.0,12.0,,5.4,,0.109,1.3,,,,2.0,13.0
02041300,LE ROTHBACH A ROTHBACH,2013-07-09,15.7,7.7,8.9,122.0,5.0,,3.65,,0.13,1.1,,,,2.0,12.0
02041300,LE ROTHBACH A ROTHBACH,2013-08-07,16.5,7.5,7.3,156.0,57.0,,5.04,,0.5,1.5,,,,6.4,32.0
02041300,LE ROTHBACH A ROTHBACH,2013-09-03,12.8,6.6,9.0,123.0,6.0,,2.19,,0.147,0.5,,,,2.0,5.0
02041300,LE ROTHBACH A ROTHBACH,2013-10-01,11.4,7.4,9.8,136.0,18.0,,2.43,,0.152,0.5,,,,2.0,10.0
02041300,LE ROTHBACH A ROTHBACH,2013-10-30,8.8,7.6,10.4,138.0,8.0,,4.24,,0.128,0.5,,,,2.6,11.0
02041300,LE ROTHBACH A ROTHBACH,2013-11-26,4.8,7.8,12.2,180.0,13.0,,3.01,,0.141,0.8,,,,2.7,10.0
02041650,LA ZINSEL DU NORD A ZINSWILLER,2013-01-22,3.7,7.5,11.2,117.0,5.1,1.8,1.8,4.0,0.04,0.5,0.08,0.12,0.03,0.5,5.0
02041650,LA ZINSEL DU NORD A ZINSWILLER,2013-02-19,3.5,7.8,11.5,110.0,4.3,3.6,2.0,4.2,0.05,0.5,0.09,0.07,0.02,2.7,8.0
02041650,LA ZINSEL DU NORD A ZINSWILLER,2013-03-18,4.6,7.45,10.6,116.0,9.2,3.4,3.4,3.7,0.04,0.6,0.06,0.07,0.01,2.3,16.0
02041650,LA ZINSEL DU NORD A ZINSWILLER,2013-04-16,15.0,7.55,10.2,111.0,12.0,3.7,3.8,1.8,0.05,0.5,0.03,0.05,0.02,0.9,11.0
02041650,LA ZINSEL DU NORD A ZINSWILLER,2013-05-14,12.8,7.2,8.6,101.0,17.0,4.8,4.0,2.5,0.05,0.5,0.04,0.05,0.02,2.0,21.0
02041650,LA ZINSEL DU NORD A ZINSWILLER,2013-06-11,15.4,7.05,8.6,103.0,19.0,7.6,4.3,2.3,0.07,0.6,0.05,0.09,0.04,1.7,21.0
02041650,LA ZINSEL DU NORD A ZINSWILLER,2013-07-08,18.9,7.15,6.1,90.0,14.0,5.2,3.0,2.2,0.05,0.5,0.06,0.05,0.03,0.5,12.0
02041650,LA ZINSEL DU NORD A ZINSWILLER,2013-08-06,21.0,7.1,7.5,87.0,23.0,11.7,2.9,1.4,0.06,0.5,0.069,0.05,0.02,0.9,19.0
02041650,LA ZINSEL DU NORD A ZINSWILLER,2013-09-02,14.0,7.5,8.5,87.0,12.0,7.6,2.1,1.3,0.05,0.5,0.101,0.05,0.02,0.9,13.0
02041650,LA ZINSEL DU NORD A ZINSWILLER,2013-10-01,13.0,7.5,9.1,94.0,5.0,2.8,3.0,1.6,0.04,0.5,0.068,0.05,0.02,2.1,9.0
02041650,LA ZINSEL DU NORD A ZINSWILLER,2013-10-28,13.0,7.2,9.5,130.0,8.0,6.8,4.5,2.8,0.07,0.5,0.088,0.06,0.04,1.8,13.0
02041650,LA ZINSEL DU NORD A ZINSWILLER,2013-11-26,4.6,7.4,11.9,110.0,4.0,2.9,2.4,3.4,0.05,0.5,0.111,0.07,0.04,2.0,5.0
02041650,LA ZINSEL DU NORD A ZINSWILLER,2013-12-19,4.7,,12.6,,,,1.8,,,,,,,0.7,
02041700,LE FALKENSTEINBACH A NIEDERBRONN-LES-BAINS,2013-01-22,5.0,7.3,11.9,128.0,11.0,,2.25,,0.067,0.7,,,,2.1,7.0
02041700,LE FALKENSTEINBACH A NIEDERBRONN-LES-BAINS,2013-02-19,4.3,8.0,12.8,126.0,10.0,,2.23,,0.069,0.6,,,,2.4,8.0
02041700,LE FALKENSTEINBACH A NIEDERBRONN-LES-BAINS,2013-03-19,6.1,7.8,11.7,136.0,8.0,,2.7,,0.066,0.5,,,,2.6,11.0
02041700,LE FALKENSTEINBACH A NIEDERBRONN-LES-BAINS,2013-04-16,12.6,7.4,10.1,128.0,13.0,,2.33,,0.05,1.1,,,,2.2,11.0
02041700,LE FALKENSTEINBACH A NIEDERBRONN-LES-BAINS,2013-05-14,11.5,8.4,9.7,131.0,13.0,,3.55,,0.056,0.8,,,,2.3,10.0
02041700,LE FALKENSTEINBACH A NIEDERBRONN-LES-BAINS,2013-06-11,13.6,7.4,9.3,130.0,7.0,,4.94,,0.084,0.8,,,,2.0,13.0
02041700,LE FALKENSTEINBACH A NIEDERBRONN-LES-BAINS,2013-07-09,16.2,7.8,8.7,118.0,9.0,,3.31,,0.098,0.7,,,,2.1,13.0
02041700,LE FALKENSTEINBACH A NIEDERBRONN-LES-BAINS,2013-08-07,17.9,7.9,8.1,116.0,21.0,,3.79,,0.162,1.4,,,,2.8,23.0
02041700,LE FALKENSTEINBACH A NIEDERBRONN-LES-BAINS,2013-09-03,13.0,7.8,9.5,115.0,8.0,,2.19,,0.097,0.5,,,,2.0,6.0
02041700,LE FALKENSTEINBACH A NIEDERBRONN-LES-BAINS,2013-10-01,11.6,7.8,9.8,122.0,10.0,,2.23,,0.08,0.5,,,,2.0,8.0
02041700,LE FALKENSTEINBACH A NIEDERBRONN-LES-BAINS,2013-10-30,9.2,7.8,10.6,105.0,7.0,,3.68,,0.071,0.5,,,,2.7,7.0
02041700,LE FALKENSTEINBACH A NIEDERBRONN-LES-BAINS,2013-11-26,3.4,7.2,11.5,134.0,6.0,,2.69,,0.055,0.5,,,,2.5,7.0
02041750,LE SCHWARZBACH A REICHSHOFFEN,2013-01-24,2.1,7.9,12.7,160.0,2.3,1.8,2.8,3.6,0.03,0.5,0.08,0.09,0.02,1.1,8.0
02041750,LE SCHWARZBACH A REICHSHOFFEN,2013-02-21,3.2,7.9,10.8,159.0,6.3,4.3,3.5,3.6,0.04,0.5,0.08,0.06,0.01,1.6,8.0
02041750,LE SCHWARZBACH A REICHSHOFFEN,2013-03-21,5.7,7.7,9.8,156.0,13.0,10.0,4.7,3.8,0.05,0.5,0.09,0.08,0.02,2.0,7.0
02041750,LE SCHWARZBACH A REICHSHOFFEN,2013-04-18,14.7,7.9,11.5,165.0,12.0,6.3,4.9,1.7,0.04,0.5,0.03,0.05,0.02,2.6,20.0
02041750,LE SCHWARZBACH A REICHSHOFFEN,2013-05-16,13.3,7.8,9.0,166.0,7.3,0.51,6.2,2.4,0.04,0.5,0.04,0.05,0.02,1.8,27.0
02041750,LE SCHWARZBACH A REICHSHOFFEN,2013-06-13,16.6,7.5,9.2,151.0,9.8,7.2,5.4,2.0,0.04,0.6,0.02,0.07,0.04,1.3,14.0
02041750,LE SCHWARZBACH A REICHSHOFFEN,2013-07-11,20.0,7.4,6.2,153.0,15.0,11.0,4.5,1.5,0.07,0.7,0.06,0.11,0.05,2.4,15.0
02041750,LE SCHWARZBACH A REICHSHOFFEN,2013-08-08,20.0,7.7,9.4,160.0,29.0,6.6,3.3,1.0,0.06,0.7,0.021,0.19,0.03,2.2,15.0
02041750,LE SCHWARZBACH A REICHSHOFFEN,2013-09-05,18.0,7.8,8.3,140.0,14.0,8.7,3.0,0.6,0.04,0.5,0.023,0.05,0.01,3.7,13.0
02041750,LE SCHWARZBACH A REICHSHOFFEN,2013-10-03,13.0,7.5,8.9,140.0,12.0,2.4,4.1,1.2,0.04,0.5,0.022,0.05,0.02,1.5,11.0
02041750,LE SCHWARZBACH A REICHSHOFFEN,2013-10-30,11.0,7.5,9.6,160.0,14.0,7.1,5.9,2.4,0.06,0.5,0.096,0.05,0.02,3.5,15.0
02041750,LE SCHWARZBACH A REICHSHOFFEN,2013-11-28,3.5,7.6,14.2,160.0,4.0,4.3,5.0,2.9,0.04,0.5,0.078,0.13,0.02,1.8,11.0
02041850,LE FALKENSTEINBACH A GUNDERSHOFFEN,2013-01-22,3.9,7.6,12.4,371.0,7.0,,2.7,,0.083,0.7,,,,2.8,7.0
02041850,LE FALKENSTEINBACH A GUNDERSHOFFEN,2013-02-19,5.0,7.9,12.8,311.0,10.0,,2.96,,0.094,0.6,,,,2.6,9.0
02041850,LE FALKENSTEINBACH A GUNDERSHOFFEN,2013-03-19,5.9,7.4,11.7,281.0,33.0,,4.53,,0.196,1.1,,,,4.3,20.0
02041850,LE FALKENSTEINBACH A GUNDERSHOFFEN,2013-04-16,14.1,7.9,9.7,308.0,16.0,,3.58,,0.073,0.9,,,,2.9,11.0
02041850,LE FALKENSTEINBACH A GUNDERSHOFFEN,2013-05-14,13.8,8.0,9.8,278.0,32.0,,4.54,,0.113,1.0,,,,3.0,15.0
02041850,LE FALKENSTEINBACH A GUNDERSHOFFEN,2013-06-11,14.8,7.9,8.8,272.0,19.0,,5.12,,0.149,1.4,,,,3.6,17.0
02041850,LE FALKENSTEINBACH A GUNDERSHOFFEN,2013-07-09,19.6,8.0,8.1,225.0,21.0,,4.18,,0.131,1.3,,,,2.3,15.0
02041850,LE FALKENSTEINBACH A GUNDERSHOFFEN,2013-08-07,19.1,7.5,7.9,216.0,61.0,,4.77,,0.205,2.1,,,,5.9,29.0
02041850,LE FALKENSTEINBACH A GUNDERSHOFFEN,2013-09-03,15.6,7.8,9.1,267.0,16.0,,2.95,,0.123,0.6,,,,2.6,8.0
02041850,LE FALKENSTEINBACH A GUNDERSHOFFEN,2013-10-01,12.8,7.7,9.5,288.0,15.0,,3.68,,0.106,0.6,,,,2.4,13.0
02041850,LE FALKENSTEINBACH A GUNDERSHOFFEN,2013-10-30,10.9,7.9,10.0,346.0,14.0,,6.31,,0.107,0.5,,,,3.2,13.0
02041850,LE FALKENSTEINBACH A GUNDERSHOFFEN,2013-11-26,5.0,7.6,11.9,4.0,8.0,,4.27,,0.099,0.7,,,,2.8,11.0
02041950,LA ZINSEL DU NORD A HAGUENAU,2013-01-23,3.2,7.75,10.9,346.0,11.0,5.0,3.1,7.8,0.1,0.6,0.18,0.18,0.11,0.5,13.0
02041950,LA ZINSEL DU NORD A HAGUENAU,2013-02-20,3.9,8.05,10.9,276.0,13.0,6.5,3.5,7.5,0.14,0.5,0.18,0.13,0.08,1.5,6.0
02041950,LA ZINSEL DU NORD A HAGUENAU,2013-03-20,6.3,7.2,9.9,293.0,34.0,10.0,4.3,8.6,0.08,1.0,0.15,0.11,0.08,3.6,22.0
02041950,LA ZINSEL DU NORD A HAGUENAU,2013-04-17,14.0,7.65,9.1,292.0,22.0,4.5,4.5,4.9,0.09,0.7,0.17,0.11,0.11,2.6,13.0
02041950,LA ZINSEL DU NORD A HAGUENAU,2013-05-16,13.1,7.7,9.0,251.0,41.0,0.56,5.0,5.0,0.11,0.8,0.18,0.14,0.1,2.1,35.0
02041950,LA ZINSEL DU NORD A HAGUENAU,2013-06-12,16.0,7.35,8.6,261.0,26.0,10.0,5.2,4.8,0.12,0.6,0.16,0.07,0.12,1.0,23.0
02041950,LA ZINSEL DU NORD A HAGUENAU,2013-07-10,18.7,7.75,6.6,245.0,33.0,11.0,3.6,4.7,0.15,0.6,0.25,0.09,0.2,1.6,18.0
02041950,LA ZINSEL DU NORD A HAGUENAU,2013-08-07,20.0,7.5,11.1,250.0,46.0,7.3,3.5,4.4,0.12,0.8,0.25,0.05,0.07,2.3,19.0
02041950,LA ZINSEL DU NORD A HAGUENAU,2013-09-04,16.0,7.85,8.6,220.0,28.0,9.9,2.8,3.7,0.1,0.5,0.216,0.06,0.08,1.8,14.0
02041950,LA ZINSEL DU NORD A HAGUENAU,2013-10-02,12.0,7.7,8.9,270.0,14.0,7.7,3.2,5.3,0.11,0.5,0.307,0.08,0.06,1.8,12.0
02041950,LA ZINSEL DU NORD A HAGUENAU,2013-10-30,11.0,7.9,7.9,300.0,21.0,9.0,4.8,6.0,0.11,0.6,0.234,0.05,0.06,3.2,15.0
02041950,LA ZINSEL DU NORD A HAGUENAU,2013-11-27,3.6,8.0,13.9,300.0,10.0,5.0,4.3,6.1,0.09,0.5,0.177,0.13,0.07,2.2,11.0
02042000,LA MODER A SCHWEIGHOUSE-SUR-MODER (A),2013-01-23,3.2,7.75,12.0,446.0,16.0,8.3,3.4,9.9,0.13,0.5,0.19,0.22,0.11,0.5,12.0
02042000,LA MODER A SCHWEIGHOUSE-SUR-MODER (A),2013-02-20,4.4,8.2,10.8,369.0,16.0,9.8,3.3,13.0,0.16,0.5,0.18,0.12,0.06,1.7,10.0
02042000,LA MODER A SCHWEIGHOUSE-SUR-MODER (A),2013-03-20,6.1,7.9,9.4,392.0,41.0,15.0,4.2,16.0,0.15,0.8,0.22,0.17,0.09,3.4,23.0
02042000,LA MODER A SCHWEIGHOUSE-SUR-MODER (A),2013-04-17,14.1,7.8,10.0,363.0,17.0,4.9,4.1,9.0,0.12,0.7,0.12,0.05,0.09,2.5,11.0
02042000,LA MODER A SCHWEIGHOUSE-SUR-MODER (A),2013-05-16,12.3,7.7,10.0,325.0,26.0,0.74,4.7,9.3,0.16,0.8,0.3,0.21,0.13,2.1,29.0
02042000,LA MODER A SCHWEIGHOUSE-SUR-MODER (A),2013-06-12,14.9,7.65,8.9,326.0,28.0,13.0,5.0,11.0,0.17,0.8,0.26,0.09,0.16,0.5,17.0
02042000,LA MODER A SCHWEIGHOUSE-SUR-MODER (A),2013-07-10,18.0,7.65,6.2,305.0,20.0,9.2,3.5,7.2,0.16,0.5,0.29,0.05,0.14,1.2,15.0
02042000,LA MODER A SCHWEIGHOUSE-SUR-MODER (A),2013-08-07,19.0,7.5,6.6,270.0,39.0,11.6,3.2,6.3,0.25,0.6,0.403,0.1,0.13,1.2,17.0
02042000,LA MODER A SCHWEIGHOUSE-SUR-MODER (A),2013-09-04,16.0,7.75,8.5,260.0,22.0,9.0,2.7,5.1,0.15,0.5,0.266,0.05,0.05,1.5,12.0
02042000,LA MODER A SCHWEIGHOUSE-SUR-MODER (A),2013-10-02,12.0,7.8,9.7,210.0,14.0,7.3,3.6,3.6,0.2,0.5,0.206,0.07,0.08,1.6,12.0
02042000,LA MODER A SCHWEIGHOUSE-SUR-MODER (A),2013-10-30,11.0,8.0,9.1,400.0,29.0,10.0,5.1,9.8,0.15,0.9,0.369,0.05,0.06,3.1,14.0
02042000,LA MODER A SCHWEIGHOUSE-SUR-MODER (A),2013-11-27,3.9,8.1,13.7,330.0,9.0,6.6,4.1,6.8,0.11,0.5,0.198,0.12,0.07,2.2,9.0
02042500,LA MODER A BISCHWILLER,2013-01-23,3.5,7.9,12.7,512.0,19.0,10.0,3.5,11.0,0.14,1.4,0.2,0.41,0.11,0.5,18.0
02042500,LA MODER A BISCHWILLER,2013-02-19,3.5,8.05,12.8,371.0,24.0,9.7,3.9,12.0,0.15,0.7,0.23,0.28,0.08,2.1,14.0
02042500,LA MODER A BISCHWILLER,2013-03-19,6.4,8.1,11.8,395.0,63.0,15.0,5.3,15.0,0.19,1.3,0.24,0.41,0.12,2.6,23.0
02042500,LA MODER A BISCHWILLER,2013-04-16,13.9,7.8,10.1,373.0,23.0,8.1,5.4,8.0,0.13,0.6,0.18,0.09,0.09,4.2,15.0
02042500,LA MODER A BISCHWILLER,2013-05-15,12.9,7.8,9.7,339.0,29.0,3.9,5.4,8.6,0.2,1.0,0.3,0.17,0.16,2.8,30.0
02042500,LA MODER A BISCHWILLER,2013-06-11,15.1,7.75,9.4,336.0,27.0,7.7,5.7,9.9,0.15,1.1,0.28,0.21,0.19,0.9,24.0
02042500,LA MODER A BISCHWILLER,2013-07-09,19.4,7.7,9.1,319.0,34.0,11.0,4.1,7.0,0.19,0.7,0.31,0.16,0.24,1.4,19.0
02042500,LA MODER A BISCHWILLER,2013-08-06,21.0,7.8,8.0,330.0,34.0,12.5,2.6,6.1,0.22,0.5,0.312,0.08,0.1,1.3,17.0
02042500,LA MODER A BISCHWILLER,2013-09-03,16.0,8.0,7.5,300.0,25.0,15.1,3.2,5.3,0.42,0.6,0.268,0.21,0.12,1.5,13.0
02042500,LA MODER A BISCHWILLER,2013-10-01,13.0,8.0,9.1,360.0,19.0,9.5,3.8,5.7,0.16,0.7,0.288,0.1,0.07,2.2,13.0
02042500,LA MODER A BISCHWILLER,2013-10-29,13.0,8.1,9.5,380.0,53.0,45.9,6.9,10.2,0.19,1.3,0.234,0.06,0.08,3.0,17.0
02042500,LA MODER A BISCHWILLER,2013-11-26,5.3,7.6,10.3,350.0,17.0,10.4,4.5,11.1,0.15,0.6,0.23,0.21,0.11,2.8,12.0
02042555,LE KESSELGRABEN A ROHRWILLER,2013-01-23,4.7,7.8,10.2,777.0,11.0,,4.11,,0.078,1.1,,,,2.2,10.0
02042555,LE KESSELGRABEN A ROHRWILLER,2013-02-19,4.4,7.8,10.0,759.0,13.0,,4.01,,0.083,0.8,,,,2.0,11.0
02042555,LE KESSELGRABEN A ROHRWILLER,2013-03-19,6.8,7.8,10.2,691.0,9.0,,4.92,,0.105,1.0,,,,2.9,12.0
02042555,LE KESSELGRABEN A ROHRWILLER,2013-04-16,14.2,7.9,8.3,721.0,4.0,,5.11,,0.086,1.5,,,,2.3,13.0
02042555,LE KESSELGRABEN A ROHRWILLER,2013-05-15,13.7,8.1,8.8,615.0,7.0,,6.58,,0.097,0.6,,,,3.7,18.0
02042555,LE KESSELGRABEN A ROHRWILLER,2013-06-12,16.0,8.3,8.0,718.0,6.0,,4.8,,0.092,0.7,,,,2.0,10.0
02042555,LE KESSELGRABEN A ROHRWILLER,2013-07-09,18.9,7.8,6.0,684.0,5.0,,4.0,,0.109,1.6,,,,2.0,9.0
02042555,LE KESSELGRABEN A ROHRWILLER,2013-08-07,19.2,7.4,2.8,544.0,39.0,,7.96,,0.497,5.3,,,,10.0,25.0
02042555,LE KESSELGRABEN A ROHRWILLER,2013-09-03,15.5,7.9,6.9,698.0,6.0,,3.24,,0.083,0.5,,,,2.0,7.0
02042555,LE KESSELGRABEN A ROHRWILLER,2013-10-01,12.4,8.0,7.4,760.0,5.0,,3.37,,0.119,0.7,,,,2.0,7.0
02042555,LE KESSELGRABEN A ROHRWILLER,2013-10-30,10.8,7.6,7.4,610.0,7.0,,5.21,,0.096,0.5,,,,2.1,12.0
02042555,LE KESSELGRABEN A ROHRWILLER,2013-11-26,5.9,7.6,8.9,752.0,8.0,,5.16,,0.124,0.7,,,,2.0,11.0
02043000,LA ZORN A SAVERNE,2013-01-22,4.4,7.0,12.4,171.0,5.0,,1.83,,0.074,0.7,,,,2.0,5.0
02043000,LA ZORN A SAVERNE,2013-02-20,5.0,8.1,12.3,136.0,15.0,,2.18,,0.077,0.6,,,,2.0,12.0
02043000,LA ZORN A SAVERNE,2013-03-20,6.1,7.8,11.8,147.0,7.0,,2.17,,0.071,0.7,,,,2.1,8.0
02043000,LA ZORN A SAVERNE,2013-04-17,13.1,8.2,10.9,123.0,4.0,,1.76,,0.065,0.5,,,,2.3,6.0
02043000,LA ZORN A SAVERNE,2013-05-14,10.7,7.9,10.7,130.0,7.0,,2.34,,0.062,0.7,,,,2.2,6.0
02043000,LA ZORN A SAVERNE,2013-06-11,12.6,7.9,10.5,112.0,8.0,,2.48,,0.066,0.6,,,,2.0,9.0
02043000,LA ZORN A SAVERNE,2013-07-11,16.9,8.2,9.6,102.0,5.0,,2.39,,0.075,0.6,,,,2.0,5.0
02043000,LA ZORN A SAVERNE,2013-08-08,16.0,7.4,6.6,120.0,7.0,,2.63,,0.119,0.5,,,,2.0,7.0
02043000,LA ZORN A SAVERNE,2013-09-02,15.1,8.5,9.5,111.0,6.0,,2.21,,0.096,0.5,,,,2.0,5.0
02043000,LA ZORN A SAVERNE,2013-10-04,11.8,7.7,10.1,120.0,3.0,,1.83,,0.078,0.6,,,,2.0,6.0
02043000,LA ZORN A SAVERNE,2013-10-29,11.6,7.9,10.3,120.0,16.0,,4.17,,0.108,0.5,,,,2.3,15.0
02043000,LA ZORN A SAVERNE,2013-11-27,3.9,7.8,12.8,123.0,6.0,,2.33,,0.065,0.5,,,,2.7,6.0
02043300,LA ZINSEL DU SUD A ECKARTSWILLER (OBERHOF),2013-01-22,3.8,7.7,11.7,761.0,7.0,,2.55,,0.108,0.7,,,,2.0,6.0
02043300,LA ZINSEL DU SUD A ECKARTSWILLER (OBERHOF),2013-02-20,4.6,7.9,11.9,440.0,8.0,,3.19,,0.086,0.6,,,,2.0,8.0
02043300,LA ZINSEL DU SUD A ECKARTSWILLER (OBERHOF),2013-03-20,5.9,7.8,11.4,449.0,20.0,,4.15,,0.109,0.8,,,,2.7,14.0
02043300,LA ZINSEL DU SUD A ECKARTSWILLER (OBERHOF),2013-04-17,12.8,8.2,9.2,418.0,7.0,,2.85,,0.106,0.6,,,,2.5,13.0
02043300,LA ZINSEL DU SUD A ECKARTSWILLER (OBERHOF),2013-05-14,11.2,8.3,9.7,419.0,16.0,,3.6,,0.106,1.3,,,,2.6,11.0
02043300,LA ZINSEL DU SUD A ECKARTSWILLER (OBERHOF),2013-06-11,13.9,8.3,9.0,426.0,8.0,,3.76,,0.138,0.6,,,,2.0,8.0
02043300,LA ZINSEL DU SUD A ECKARTSWILLER (OBERHOF),2013-07-11,17.1,8.4,7.9,376.0,7.0,,3.69,,0.14,0.6,,,,2.0,8.0
02043300,LA ZINSEL DU SUD A ECKARTSWILLER (OBERHOF),2013-08-08,17.5,7.7,7.6,357.0,12.0,,4.78,,0.199,0.8,,,,2.4,11.0
02043300,LA ZINSEL DU SUD A ECKARTSWILLER (OBERHOF),2013-09-02,14.8,8.6,8.4,377.0,8.0,,2.46,,0.152,0.5,,,,2.5,5.0
02043300,LA ZINSEL DU SUD A ECKARTSWILLER (OBERHOF),2013-10-04,11.8,7.8,9.4,408.0,5.0,,2.42,,0.132,0.5,,,,2.0,5.0
02043300,LA ZINSEL DU SUD A ECKARTSWILLER (OBERHOF),2013-10-29,12.0,8.2,9.4,369.0,27.0,,6.34,,0.154,0.9,,,,2.6,14.0
02043300,LA ZINSEL DU SUD A ECKARTSWILLER (OBERHOF),2013-11-27,3.4,8.0,11.7,466.0,6.0,,3.62,,0.108,0.6,,,,2.9,7.0
02043500,LA ZINSEL DU SUD A HATTMATT,2013-01-21,2.7,7.2,11.2,504.0,7.3,2.7,2.8,13.0,0.12,0.5,0.25,0.18,0.08,0.8,11.0
02043500,LA ZINSEL DU SUD A HATTMATT,2013-02-18,4.3,8.0,6.5,465.0,16.0,15.0,3.8,13.0,0.12,0.6,0.24,0.18,0.07,0.8,10.0
02043500,LA ZINSEL DU SUD A HATTMATT,2013-03-18,5.3,8.0,12.6,521.0,110.0,50.0,6.3,17.0,0.18,1.9,0.26,0.37,0.11,2.5,45.0
02043500,LA ZINSEL DU SUD A HATTMATT,2013-04-15,12.3,8.05,11.1,409.0,6.8,1.6,3.9,8.4,0.1,0.5,0.19,0.05,0.06,1.1,18.0
02043500,LA ZINSEL DU SUD A HATTMATT,2013-05-14,11.3,7.9,9.8,419.0,11.0,8.1,4.1,9.6,0.11,0.7,0.28,0.08,0.09,2.0,17.0
02043500,LA ZINSEL DU SUD A HATTMATT,2013-06-10,14.9,7.7,9.3,391.0,16.0,7.9,4.4,9.6,0.15,0.7,0.41,0.1,0.14,1.3,12.0
02043500,LA ZINSEL DU SUD A HATTMATT,2013-07-08,17.4,7.95,9.0,375.0,10.0,4.6,3.1,6.7,0.14,0.5,0.33,0.05,0.05,0.5,12.0
02043500,LA ZINSEL DU SUD A HATTMATT,2013-08-05,18.0,7.75,8.0,330.0,7.0,3.4,2.5,4.9,0.16,0.5,0.441,0.05,0.05,0.9,5.0
02043500,LA ZINSEL DU SUD A HATTMATT,2013-09-02,14.0,7.85,8.9,320.0,6.0,3.2,2.2,4.6,0.15,0.5,0.281,0.05,0.04,1.1,7.0
02043500,LA ZINSEL DU SUD A HATTMATT,2013-09-30,13.0,7.75,7.9,370.0,6.0,4.2,2.6,5.0,0.16,0.5,0.399,0.05,0.03,1.9,6.0
02043500,LA ZINSEL DU SUD A HATTMATT,2013-10-28,13.0,7.9,9.1,380.0,210.0,0.1,8.8,10.9,0.25,2.4,0.318,0.05,0.09,5.3,52.0
02043500,LA ZINSEL DU SUD A HATTMATT,2013-11-25,6.3,8.3,10.8,420.0,18.0,8.9,4.4,11.9,0.11,0.5,0.249,0.13,0.07,1.7,14.0
02043500,LA ZINSEL DU SUD A HATTMATT,2013-12-18,3.5,,13.4,,,,2.5,,,,,,,1.7,
02043600,LA ZORN A STEINBOURG,2013-01-21,,,,,,,,9.4,,,,,,,
02043600,LA ZORN A STEINBOURG,2013-02-18,4.8,7.85,11.9,320.0,8.8,10.0,3.3,9.2,0.11,0.5,0.19,0.11,0.04,1.1,14.0
02043600,LA ZORN A STEINBOURG,2013-03-18,,,,,,,,12.0,,,,,,,
02043600,LA ZORN A STEINBOURG,2013-04-15,12.6,7.95,11.6,285.0,4.8,2.1,3.1,6.1,0.09,0.5,0.18,0.07,0.05,0.7,11.0
02043600,LA ZORN A STEINBOURG,2013-05-14,,,,,,,,6.7,,,,,,,
02043600,LA ZORN A STEINBOURG,2013-06-10,13.5,7.85,10.0,220.0,11.0,6.5,3.1,5.7,0.1,0.5,0.25,0.08,0.05,0.7,10.0
02043600,LA ZORN A STEINBOURG,2013-07-08,16.5,7.75,8.8,235.0,9.1,4.6,2.7,5.1,0.12,0.5,0.25,0.05,0.05,0.5,10.0
02043600,LA ZORN A STEINBOURG,2013-08-05,19.0,7.2,8.9,230.0,7.0,2.5,2.3,3.7,0.18,0.5,0.408,0.05,0.05,1.2,8.0
02043600,LA ZORN A STEINBOURG,2013-09-02,,,,,,,,3.5,,,,,,,
02043600,LA ZORN A STEINBOURG,2013-09-30,13.0,7.9,9.3,240.0,6.0,3.3,2.3,4.0,0.12,0.5,0.298,0.05,0.04,1.8,6.0
02043600,LA ZORN A STEINBOURG,2013-10-28,,,,,,,,8.6,,,,,,,
02043600,LA ZORN A STEINBOURG,2013-11-25,6.3,8.3,9.6,270.0,9.0,6.2,3.4,8.7,0.09,0.5,0.271,0.16,0.05,1.5,11.0
02043660,LA MOSSEL A OTTERSWILLER,2013-01-22,4.4,7.7,11.1,794.0,8.0,,2.81,,0.28,0.8,,,,2.1,12.0
02043660,LA MOSSEL A OTTERSWILLER,2013-02-20,5.1,8.2,11.7,632.0,9.0,,2.79,,0.109,0.6,,,,2.0,8.0
02043660,LA MOSSEL A OTTERSWILLER,2013-03-20,6.2,7.9,11.6,641.0,7.0,,2.89,,0.11,0.8,,,,2.2,9.0
02043660,LA MOSSEL A OTTERSWILLER,2013-04-17,13.8,8.1,9.4,665.0,5.0,,2.72,,0.196,1.0,,,,2.6,13.0
02043660,LA MOSSEL A OTTERSWILLER,2013-05-14,11.6,8.1,8.8,668.0,8.0,,2.72,,0.17,0.9,,,,2.4,6.0
02043660,LA MOSSEL A OTTERSWILLER,2013-06-11,13.9,8.1,8.2,634.0,7.0,,2.7,,0.197,0.8,,,,2.0,5.0
02043660,LA MOSSEL A OTTERSWILLER,2013-07-11,11.2,8.2,7.3,628.0,22.0,,2.96,,0.282,0.6,,,,2.0,9.0
02043660,LA MOSSEL A OTTERSWILLER,2013-08-08,18.1,7.8,6.4,612.0,18.0,,5.08,,0.283,1.3,,,,3.3,16.0
02043660,LA MOSSEL A OTTERSWILLER,2013-09-02,15.2,8.0,8.3,693.0,12.0,,2.38,,0.278,0.5,,,,2.0,5.0
02043660,LA MOSSEL A OTTERSWILLER,2013-10-04,11.7,7.9,8.7,724.0,10.0,,2.54,,0.5,0.5,,,,2.0,8.0
02043660,LA MOSSEL A OTTERSWILLER,2013-10-29,12.5,7.8,8.7,578.0,27.0,,6.0,,0.172,0.9,,,,2.6,12.0
02043660,LA MOSSEL A OTTERSWILLER,2013-11-27,4.1,7.8,11.6,706.0,7.0,,3.42,,0.122,0.6,,,,2.6,6.0
02043700,LA ZORN A HOCHFELDEN,2013-01-22,3.6,7.7,12.1,643.0,39.0,,2.59,,0.122,0.9,,,,2.4,8.0
02043700,LA ZORN A HOCHFELDEN,2013-02-20,6.2,8.1,12.1,396.0,12.0,,2.99,,0.097,0.7,,,,2.0,9.0
02043700,LA ZORN A HOCHFELDEN,2013-03-20,6.5,7.5,11.5,406.0,13.0,,3.5,,0.124,0.8,,,,2.6,11.0
02043700,LA ZORN A HOCHFELDEN,2013-04-17,15.8,8.2,10.6,368.0,7.0,,2.89,,0.107,0.8,,,,2.9,12.0
02043700,LA ZORN A HOCHFELDEN,2013-05-14,11.8,8.1,9.8,367.0,19.0,,3.3,,0.13,1.0,,,,2.4,7.0
02043700,LA ZORN A HOCHFELDEN,2013-06-11,14.6,8.1,9.6,319.0,13.0,,3.21,,0.12,0.5,,,,2.0,6.0
02043700,LA ZORN A HOCHFELDEN,2013-07-11,19.1,8.4,8.7,315.0,12.0,,3.17,,0.149,0.9,,,,2.0,6.0
02043700,LA ZORN A HOCHFELDEN,2013-08-08,19.3,7.8,7.9,329.0,15.0,,4.54,,0.206,0.9,,,,2.3,13.0
02043700,LA ZORN A HOCHFELDEN,2013-09-02,17.8,8.8,10.2,312.0,8.0,,2.82,,0.144,0.5,,,,2.2,6.0
02043700,LA ZORN A HOCHFELDEN,2013-10-04,12.2,7.8,9.4,342.0,10.0,,2.52,,0.145,0.5,,,,2.0,6.0
02043700,LA ZORN A HOCHFELDEN,2013-10-29,12.7,8.1,9.3,332.0,49.0,,7.21,,0.2,1.1,,,,2.8,22.0
02043700,LA ZORN A HOCHFELDEN,2013-11-27,4.2,7.8,12.2,396.0,10.0,,3.54,,0.094,0.7,,,,3.1,7.0
02043750,LE ROHRBACH A HOCHFELDEN,2013-01-22,4.9,7.9,11.0,1245.0,54.0,,3.76,,0.409,2.1,,,,7.8,36.0
02043750,LE ROHRBACH A HOCHFELDEN,2013-02-20,5.4,8.2,11.9,1009.0,48.0,,2.73,,0.171,0.7,,,,2.4,9.0
02043750,LE ROHRBACH A HOCHFELDEN,2013-03-20,9.0,8.0,11.4,977.0,44.0,,3.44,,0.23,1.4,,,,3.5,14.0
02043750,LE ROHRBACH A HOCHFELDEN,2013-04-17,15.3,8.6,12.5,1000.0,26.0,,2.85,,0.087,0.9,,,,3.0,13.0
02043750,LE ROHRBACH A HOCHFELDEN,2013-05-14,12.1,8.3,9.8,1020.0,69.0,,2.79,,0.217,0.6,,,,3.2,9.0
02043750,LE ROHRBACH A HOCHFELDEN,2013-06-11,14.4,8.3,9.4,995.0,72.0,,3.75,,0.275,1.1,,,,2.7,8.0
02043750,LE ROHRBACH A HOCHFELDEN,2013-07-11,17.0,8.9,9.8,1005.0,21.0,,3.21,,0.244,0.6,,,,2.0,9.0
02043750,LE ROHRBACH A HOCHFELDEN,2013-08-08,17.7,8.0,7.2,935.0,55.0,,6.18,,0.342,1.7,,,,5.0,24.0
02043750,LE ROHRBACH A HOCHFELDEN,2013-09-02,15.8,8.7,8.6,1128.0,120.0,,2.49,,0.291,0.5,,,,2.4,8.0
02043750,LE ROHRBACH A HOCHFELDEN,2013-10-04,11.9,8.0,7.2,1144.0,12.0,,3.55,,0.145,0.6,,,,3.5,11.0
02043750,LE ROHRBACH A HOCHFELDEN,2013-10-29,12.5,8.2,9.7,869.0,50.0,,4.09,,0.135,0.8,,,,2.9,21.0
02043750,LE ROHRBACH A HOCHFELDEN,2013-11-27,5.2,8.0,12.1,1053.0,45.0,,3.21,,0.073,0.5,,,,2.9,7.0
02043800,LA ZORN A WALTENHEIM-SUR-ZORN,2013-01-22,3.4,7.7,12.3,710.0,13.0,,2.53,,0.132,1.0,,,,2.3,7.0
02043800,LA ZORN A WALTENHEIM-SUR-ZORN,2013-02-20,4.8,8.1,12.3,485.0,18.0,,2.88,,0.105,0.6,,,,2.0,9.0
02043800,LA ZORN A WALTENHEIM-SUR-ZORN,2013-03-20,6.6,7.6,11.6,468.0,19.0,,3.57,,0.137,1.1,,,,2.8,13.0
02043800,LA ZORN A WALTENHEIM-SUR-ZORN,2013-04-17,16.5,8.3,10.5,464.0,10.0,,3.0,,0.111,1.1,,,,2.8,12.0
02043800,LA ZORN A WALTENHEIM-SUR-ZORN,2013-05-14,12.2,8.2,10.0,454.0,23.0,,3.07,,0.142,1.3,,,,2.4,10.0
02043800,LA ZORN A WALTENHEIM-SUR-ZORN,2013-06-11,14.9,8.2,9.3,448.0,43.0,,3.7,,0.162,0.9,,,,2.0,7.0
02043800,LA ZORN A WALTENHEIM-SUR-ZORN,2013-07-11,17.7,8.5,8.7,428.0,24.0,,3.22,,0.165,0.9,,,,2.0,8.0
02043800,LA ZORN A WALTENHEIM-SUR-ZORN,2013-08-08,19.5,7.7,8.3,358.0,30.0,,4.28,,0.206,1.1,,,,2.4,13.0
02043800,LA ZORN A WALTENHEIM-SUR-ZORN,2013-09-02,17.4,8.5,9.4,412.0,13.0,,3.03,,0.16,0.5,,,,2.0,6.0
02043800,LA ZORN A WALTENHEIM-SUR-ZORN,2013-10-04,12.5,7.9,9.6,437.0,12.0,,2.64,,0.137,0.5,,,,2.0,6.0
02043800,LA ZORN A WALTENHEIM-SUR-ZORN,2013-10-29,12.8,8.1,9.4,394.0,68.0,,7.63,,0.24,1.1,,,,3.5,21.0
02043800,LA ZORN A WALTENHEIM-SUR-ZORN,2013-11-27,4.5,8.2,12.5,499.0,16.0,,3.46,,0.09,0.7,,,,2.9,7.0
02044000,LA ZORN A BIETLENHEIM,2013-01-22,3.0,8.1,13.0,717.0,12.0,2.4,2.7,16.0,0.13,0.5,0.32,0.05,0.12,0.6,5.0
02044000,LA ZORN A BIETLENHEIM,2013-02-18,5.0,8.2,12.5,553.0,21.0,14.0,3.4,18.0,0.13,0.6,0.25,0.18,0.08,1.9,12.0
02044000,LA ZORN A BIETLENHEIM,2013-03-19,6.3,8.2,10.9,541.0,21.0,14.0,4.2,18.0,0.13,1.0,0.34,0.38,0.14,2.6,14.0
02044000,LA ZORN A BIETLENHEIM,2013-04-15,14.6,8.05,10.9,488.0,12.0,1.1,4.0,14.0,0.11,0.6,0.24,0.12,0.16,1.2,12.0
02044000,LA ZORN A BIETLENHEIM,2013-05-15,13.2,8.05,9.8,493.0,32.0,7.0,3.6,16.0,0.17,0.9,0.33,0.08,0.16,1.8,11.0
02044000,LA ZORN A BIETLENHEIM,2013-06-10,15.2,7.75,8.9,475.0,63.0,13.0,4.1,19.0,0.19,0.8,0.34,0.15,0.23,1.4,13.0
02044000,LA ZORN A BIETLENHEIM,2013-07-09,20.8,7.95,6.6,455.0,5.8,13.0,2.9,13.0,0.19,0.5,0.4,0.05,0.11,0.9,10.0
02044000,LA ZORN A BIETLENHEIM,2013-08-05,23.0,7.8,8.5,440.0,14.0,12.0,3.3,9.9,0.2,0.5,0.394,0.12,0.09,1.3,8.0
02044000,LA ZORN A BIETLENHEIM,2013-09-03,17.0,7.9,8.9,440.0,22.0,12.5,2.8,8.9,0.15,0.5,0.346,0.06,0.06,1.2,10.0
02044000,LA ZORN A BIETLENHEIM,2013-09-30,14.0,8.0,10.1,440.0,14.0,9.6,3.0,9.3,0.15,0.5,0.353,0.14,0.06,2.4,8.0
02044000,LA ZORN A BIETLENHEIM,2013-10-29,13.0,8.0,8.3,420.0,83.0,45.3,7.0,12.7,0.21,1.4,0.3,0.06,0.1,3.7,24.0
02044000,LA ZORN A BIETLENHEIM,2013-11-25,6.5,8.3,10.1,500.0,28.0,18.3,4.4,15.4,0.14,0.6,0.252,0.13,0.1,2.1,16.0
02044400,LE LANDGRABEN A DRUSENHEIM,2013-01-23,4.3,7.9,11.4,739.0,16.0,,2.44,,0.14,0.8,,,,2.7,7.0
02044400,LE LANDGRABEN A DRUSENHEIM,2013-02-19,5.8,8.1,12.1,562.0,26.0,,2.79,,0.126,0.6,,,,2.1,8.0
02044400,LE LANDGRABEN A DRUSENHEIM,2013-03-19,6.7,7.9,11.2,522.0,27.0,,3.72,,0.171,1.0,,,,3.3,12.0
02044400,LE LANDGRABEN A DRUSENHEIM,2013-04-16,13.9,7.9,8.3,606.0,8.0,,2.45,,0.071,1.0,,,,2.4,7.0
02044400,LE LANDGRABEN A DRUSENHEIM,2013-05-15,14.1,8.5,8.0,520.0,15.0,,2.76,,0.091,1.0,,,,2.9,9.0
02044400,LE LANDGRABEN A DRUSENHEIM,2013-06-12,16.2,8.2,7.7,605.0,33.0,,3.1,,0.119,0.9,,,,2.0,8.0
02044400,LE LANDGRABEN A DRUSENHEIM,2013-07-09,18.2,8.2,7.2,581.0,11.0,,2.57,,0.109,0.9,,,,2.0,6.0
02044400,LE LANDGRABEN A DRUSENHEIM,2013-08-07,18.7,7.7,6.7,612.0,6.0,,2.71,,0.09,1.3,,,,2.0,6.0
02044400,LE LANDGRABEN A DRUSENHEIM,2013-09-03,15.4,7.8,8.2,615.0,2.0,,2.21,,0.065,0.5,,,,2.0,5.0
02044400,LE LANDGRABEN A DRUSENHEIM,2013-10-01,13.5,7.8,8.2,624.0,9.0,,2.17,,0.074,0.5,,,,2.0,5.0
02044400,LE LANDGRABEN A DRUSENHEIM,2013-10-30,11.8,8.0,8.5,455.0,32.0,,3.27,,0.168,0.6,,,,2.7,13.0
02044400,LE LANDGRABEN A DRUSENHEIM,2013-11-26,4.9,7.7,10.3,603.0,16.0,,3.76,,0.107,0.5,,,,2.0,8.0
02045000,LA MODER A DRUSENHEIM,2013-01-23,,,,,,,,11.0,,,,,,,
02045000,LA MODER A DRUSENHEIM,2013-02-19,4.3,7.85,11.5,447.0,29.0,13.0,3.7,12.0,0.17,0.6,0.25,0.25,0.1,1.9,18.0
02045000,LA MODER A DRUSENHEIM,2013-03-19,,,,,,,,15.0,,,,,,,
02045000,LA MODER A DRUSENHEIM,2013-04-16,14.1,7.85,9.7,440.0,19.0,5.5,5.8,10.0,0.12,0.9,0.2,0.12,0.13,2.3,13.0
02045000,LA MODER A DRUSENHEIM,2013-05-15,,,,,,,,12.0,,,,,,,
02045000,LA MODER A DRUSENHEIM,2013-06-11,14.8,7.85,8.7,425.0,44.0,18.0,5.2,12.0,0.19,1.1,0.3,0.25,0.2,1.8,22.0
02045000,LA MODER A DRUSENHEIM,2013-07-09,19.7,7.8,7.4,405.0,31.0,12.0,3.6,8.5,0.2,0.5,0.35,0.08,0.19,0.9,15.0
02045000,LA MODER A DRUSENHEIM,2013-08-06,22.0,7.6,7.5,380.0,23.0,8.3,3.2,7.4,0.17,0.5,0.362,0.17,0.17,1.5,13.0
02045000,LA MODER A DRUSENHEIM,2013-09-03,,,,,,,,6.8,,,,,,,
02045000,LA MODER A DRUSENHEIM,2013-10-01,13.0,7.7,8.8,390.0,15.0,8.2,3.7,6.4,0.14,0.6,0.304,0.1,0.09,1.7,9.0
02045000,LA MODER A DRUSENHEIM,2013-10-29,,,,,,,,10.4,,,,,,,
02045000,LA MODER A DRUSENHEIM,2013-11-26,5.9,8.0,13.1,410.0,20.0,10.0,4.5,13.0,0.13,0.5,0.236,0.18,0.12,2.8,13.0
02045050,LA MODER A AUENHEIM,2013-01-23,4.3,7.95,11.5,660.0,28.0,13.0,2.8,13.0,0.14,0.6,0.21,0.37,0.12,0.5,15.0
02045050,LA MODER A AUENHEIM,2013-02-19,4.7,8.0,12.3,526.0,26.0,12.0,3.4,13.0,0.15,0.6,0.24,0.21,0.09,1.7,10.0
02045050,LA MODER A AUENHEIM,2013-03-19,6.5,8.0,11.5,462.0,45.0,16.0,4.1,14.0,0.17,0.9,0.3,0.27,0.13,2.1,14.0
02045050,LA MODER A AUENHEIM,2013-04-16,14.4,7.85,9.5,480.0,18.0,5.1,6.5,9.7,0.11,0.6,0.18,0.08,0.11,1.2,13.0
02045050,LA MODER A AUENHEIM,2013-05-15,14.1,7.75,10.1,465.0,27.0,2.8,4.3,11.0,0.2,1.0,0.34,0.12,0.17,2.1,30.0
02045050,LA MODER A AUENHEIM,2013-06-11,16.6,7.85,7.6,468.0,39.0,6.2,4.5,12.0,0.16,0.8,0.26,0.17,0.2,2.0,17.0
02045050,LA MODER A AUENHEIM,2013-07-09,20.5,7.8,6.6,494.0,12.0,6.8,3.2,7.8,0.15,0.5,0.29,0.06,0.15,2.2,11.0
02045050,LA MODER A AUENHEIM,2013-08-06,23.0,7.7,6.3,450.0,7.0,4.9,2.9,6.4,0.14,0.5,0.345,0.06,0.12,0.6,9.0
02045050,LA MODER A AUENHEIM,2013-09-03,17.0,7.75,6.6,450.0,7.0,5.0,2.9,6.2,0.12,0.5,0.304,0.1,0.13,1.6,8.0
02045050,LA MODER A AUENHEIM,2013-10-01,14.0,7.9,8.2,470.0,11.0,6.3,3.1,6.0,0.1,0.5,0.306,0.06,0.07,0.9,7.0
02045050,LA MODER A AUENHEIM,2013-10-29,13.0,7.9,7.6,440.0,54.0,31.4,6.2,10.2,0.21,1.2,0.272,0.07,0.11,2.9,18.0
02045050,LA MODER A AUENHEIM,2013-11-26,6.2,8.0,11.2,510.0,18.0,14.7,4.2,12.4,0.12,0.5,0.224,0.15,0.12,2.3,8.0
02045150,LA SAUER A LEMBACH,2013-01-24,3.8,7.2,11.9,134.0,12.0,4.0,2.1,3.8,0.08,0.5,0.14,0.15,0.03,1.1,9.0
02045150,LA SAUER A LEMBACH,2013-02-21,3.9,8.4,12.2,113.0,8.8,2.4,2.2,3.5,0.06,0.5,0.1,0.12,0.01,1.6,16.0
02045150,LA SAUER A LEMBACH,2013-03-21,6.2,7.7,10.2,110.0,11.0,2.5,2.7,3.0,0.07,0.7,0.14,0.08,0.02,1.5,5.0
02045150,LA SAUER A LEMBACH,2013-04-18,13.4,7.7,11.8,118.0,11.0,4.3,3.0,2.1,0.07,0.5,0.09,0.06,0.02,1.9,11.0
02045150,LA SAUER A LEMBACH,2013-05-16,12.1,7.9,9.5,125.0,12.0,0.6,4.1,2.8,0.07,0.5,0.11,0.05,0.02,1.5,24.0
02045150,LA SAUER A LEMBACH,2013-06-13,15.9,7.2,9.9,123.0,7.7,2.8,3.7,3.2,0.09,0.5,0.12,0.05,0.05,1.0,8.0
02045150,LA SAUER A LEMBACH,2013-07-11,17.0,7.5,7.5,116.0,5.6,1.3,3.1,2.0,0.11,0.5,0.21,0.05,0.03,0.9,10.0
02045150,LA SAUER A LEMBACH,2013-08-08,18.0,7.05,11.7,120.0,6.0,3.0,2.7,2.4,0.13,0.5,0.282,0.05,0.02,1.4,11.0
02045150,LA SAUER A LEMBACH,2013-09-05,16.0,7.55,7.2,110.0,8.0,2.0,2.4,2.8,0.08,0.5,0.137,0.05,0.02,3.1,8.0
02045150,LA SAUER A LEMBACH,2013-10-03,11.0,7.5,7.9,110.0,4.0,1.1,2.5,2.3,0.05,0.5,0.101,0.05,0.02,1.1,9.0
02045150,LA SAUER A LEMBACH,2013-10-30,9.7,7.4,10.5,110.0,4.0,1.7,2.8,2.7,0.07,0.5,0.138,0.05,0.02,4.0,6.0
02045150,LA SAUER A LEMBACH,2013-11-28,4.6,7.9,15.0,120.0,4.0,2.3,2.4,3.5,0.04,0.5,0.089,0.13,0.03,1.8,11.0
02045200,LA SAUER A GUNSTETT,2013-01-23,4.2,7.8,11.7,279.0,6.8,4.1,2.2,6.7,0.05,0.5,0.15,0.13,0.04,0.5,6.0
02045200,LA SAUER A GUNSTETT,2013-02-20,4.6,8.05,11.0,256.0,7.9,5.2,2.3,6.3,0.09,0.5,0.12,0.07,0.03,1.3,5.0
02045200,LA SAUER A GUNSTETT,2013-03-20,5.4,7.9,9.7,251.0,41.0,12.0,3.4,6.4,0.1,0.9,0.17,0.15,0.04,3.4,11.0
02045200,LA SAUER A GUNSTETT,2013-04-17,13.3,7.9,10.2,264.0,8.3,1.7,3.2,4.0,0.07,0.5,0.13,0.05,0.04,2.3,6.0
02045200,LA SAUER A GUNSTETT,2013-05-16,12.4,7.8,10.1,239.0,15.0,1.7,3.4,4.3,0.07,0.5,0.12,0.05,0.03,1.6,20.0
02045200,LA SAUER A GUNSTETT,2013-06-12,14.7,7.7,9.3,231.0,16.0,8.4,3.4,4.7,0.08,0.6,0.11,0.05,0.04,0.6,12.0
02045200,LA SAUER A GUNSTETT,2013-07-10,18.1,7.65,6.7,211.0,14.0,5.7,2.9,3.4,0.08,0.5,0.14,0.05,0.03,1.0,9.0
02045200,LA SAUER A GUNSTETT,2013-08-07,19.0,7.45,11.2,200.0,19.0,6.8,3.3,3.5,0.15,0.9,0.238,0.32,0.11,2.6,15.0
02045200,LA SAUER A GUNSTETT,2013-09-04,16.0,7.85,8.8,170.0,11.0,4.5,2.3,2.7,0.07,0.5,0.158,0.05,0.03,1.6,8.0
02045200,LA SAUER A GUNSTETT,2013-10-02,12.0,7.8,8.9,170.0,10.0,5.0,2.8,2.7,0.06,0.5,0.111,0.05,0.03,1.7,7.0
02045200,LA SAUER A GUNSTETT,2013-10-30,11.0,7.9,8.5,280.0,16.0,4.5,3.7,5.2,0.09,0.5,0.193,0.11,0.03,3.5,10.0
02045200,LA SAUER A GUNSTETT,2013-11-27,4.1,8.1,13.8,280.0,7.0,4.7,2.6,5.8,0.08,0.5,0.22,0.12,0.05,2.0,5.0
02045250,LA SAUER A BETSCHDORF,2013-01-23,3.2,7.7,12.3,380.0,7.0,,2.78,,0.143,1.1,,,,2.9,6.0
02045250,LA SAUER A BETSCHDORF,2013-02-21,3.2,7.9,12.7,330.0,10.0,,2.84,,0.111,0.7,,,,2.6,8.0
02045250,LA SAUER A BETSCHDORF,2013-03-21,5.4,7.9,11.8,369.0,42.0,,5.69,,0.158,1.5,,,,3.1,22.0
02045250,LA SAUER A BETSCHDORF,2013-04-18,14.0,7.9,8.7,332.0,16.0,,3.53,,0.128,1.1,,,,2.7,11.0
02045250,LA SAUER A BETSCHDORF,2013-05-15,12.2,8.1,9.6,290.0,41.0,,3.53,,0.112,1.3,,,,2.9,16.0
02045250,LA SAUER A BETSCHDORF,2013-06-12,14.8,8.1,8.9,295.0,29.0,,4.22,,0.128,1.0,,,,2.0,13.0
02045250,LA SAUER A BETSCHDORF,2013-07-12,17.1,8.3,8.7,233.0,24.0,,3.42,,0.146,0.7,,,,2.6,12.0
02045250,LA SAUER A BETSCHDORF,2013-08-09,18.1,7.6,8.2,221.0,28.0,,3.2,,0.162,1.0,,,,2.0,15.0
02045250,LA SAUER A BETSCHDORF,2013-09-04,16.0,7.7,8.7,208.0,16.0,,2.65,,0.155,0.5,,,,2.5,8.0
02045250,LA SAUER A BETSCHDORF,2013-10-03,11.1,7.9,10.0,228.0,13.0,,2.62,,0.133,0.8,,,,2.5,8.0
02045250,LA SAUER A BETSCHDORF,2013-10-31,8.6,7.9,10.6,381.0,9.0,,4.86,,0.189,0.5,,,,2.0,10.0
02045250,LA SAUER A BETSCHDORF,2013-11-28,3.3,7.8,12.6,369.0,8.0,,3.46,,0.135,0.7,,,,2.5,8.0
02045275,LE HALBMUHLBACH A WALBOURG,2013-01-23,3.4,7.7,11.7,553.0,3.0,,3.66,,0.112,0.7,,,,2.3,7.0
02045275,LE HALBMUHLBACH A WALBOURG,2013-02-21,3.2,8.2,12.1,442.0,5.0,,2.92,,0.085,0.6,,,,2.0,7.0
02045275,LE HALBMUHLBACH A WALBOURG,2013-03-21,5.9,7.2,11.5,349.0,38.0,,4.2,,0.151,1.4,,,,3.4,18.0
02045275,LE HALBMUHLBACH A WALBOURG,2013-04-18,13.8,7.6,5.9,612.0,2.0,,7.19,,0.237,1.6,,,,8.0,27.0
02045275,LE HALBMUHLBACH A WALBOURG,2013-05-15,12.2,7.8,8.4,404.0,14.0,,3.93,,0.165,1.2,,,,3.2,12.0
02045275,LE HALBMUHLBACH A WALBOURG,2013-06-12,15.0,8.1,8.4,403.0,16.0,,4.13,,0.122,0.8,,,,2.8,12.0
02045275,LE HALBMUHLBACH A WALBOURG,2013-07-12,17.2,8.4,7.8,906.0,14.0,,3.68,,0.192,0.6,,,,2.2,9.0
02045275,LE HALBMUHLBACH A WALBOURG,2013-08-09,18.1,7.6,7.5,709.0,21.0,,3.31,,0.201,0.9,,,,2.0,12.0
02045275,LE HALBMUHLBACH A WALBOURG,2013-09-04,17.0,7.9,8.0,1114.0,37.0,,2.48,,0.192,0.5,,,,2.0,8.0
02045275,LE HALBMUHLBACH A WALBOURG,2013-10-03,10.2,7.8,9.1,905.0,13.0,,2.74,,0.768,0.7,,,,2.3,9.0
02045275,LE HALBMUHLBACH A WALBOURG,2013-10-31,9.1,8.0,9.0,631.0,7.0,,4.78,,0.192,0.8,,,,2.3,10.0
02045275,LE HALBMUHLBACH A WALBOURG,2013-11-28,3.8,7.7,12.0,682.0,8.0,,3.13,,0.094,0.7,,,,2.4,6.0
02045283,LE HALBMUHLBACH A HAGUENAU (CARREFOUR PARADE),2013-01-23,2.3,7.85,12.1,529.0,4.0,4.7,5.6,9.0,0.11,0.5,0.2,0.13,0.06,0.5,20.0
02045283,LE HALBMUHLBACH A HAGUENAU (CARREFOUR PARADE),2013-02-20,4.0,8.05,11.2,481.0,6.1,6.1,4.6,7.2,0.13,0.5,0.16,0.08,0.05,1.5,5.0
02045283,LE HALBMUHLBACH A HAGUENAU (CARREFOUR PARADE),2013-03-20,5.5,7.95,9.4,353.0,35.0,8.4,5.4,8.8,0.06,0.7,0.17,0.21,0.08,3.3,22.0
02045283,LE HALBMUHLBACH A HAGUENAU (CARREFOUR PARADE),2013-04-17,16.0,8.5,12.5,475.0,6.6,3.4,6.1,5.3,0.16,0.6,0.24,0.05,0.15,2.9,11.0
02045283,LE HALBMUHLBACH A HAGUENAU (CARREFOUR PARADE),2013-05-16,12.9,7.8,9.3,485.0,15.0,0.82,5.3,7.2,0.22,0.6,0.6,0.22,0.26,1.8,21.0
02045283,LE HALBMUHLBACH A HAGUENAU (CARREFOUR PARADE),2013-06-12,15.6,7.7,8.2,392.0,14.0,5.1,5.5,5.0,0.13,0.6,0.24,0.14,0.11,1.2,18.0
02045283,LE HALBMUHLBACH A HAGUENAU (CARREFOUR PARADE),2013-07-10,19.5,7.85,6.3,782.0,13.0,7.0,3.5,3.8,0.56,0.5,1.8,0.05,0.04,0.5,12.0
02045283,LE HALBMUHLBACH A HAGUENAU (CARREFOUR PARADE),2013-08-07,20.0,7.7,10.9,730.0,19.0,8.2,3.1,3.3,0.37,0.5,0.962,0.05,0.02,1.2,11.0
02045283,LE HALBMUHLBACH A HAGUENAU (CARREFOUR PARADE),2013-09-04,17.0,7.95,8.8,1000.0,7.0,3.3,2.5,3.2,0.13,0.5,0.337,0.05,0.01,1.5,8.0
02045283,LE HALBMUHLBACH A HAGUENAU (CARREFOUR PARADE),2013-10-02,12.0,7.9,8.9,1300.0,4.0,2.2,3.3,3.1,0.14,0.5,0.391,0.05,0.01,1.3,11.0
02045283,LE HALBMUHLBACH A HAGUENAU (CARREFOUR PARADE),2013-10-30,12.0,8.0,7.5,590.0,11.0,7.0,5.5,8.3,0.27,0.7,0.8,0.12,0.18,2.8,12.0
02045283,LE HALBMUHLBACH A HAGUENAU (CARREFOUR PARADE),2013-11-27,3.7,8.1,12.8,520.0,6.0,4.3,4.7,6.8,0.1,0.5,0.196,0.06,0.07,1.7,9.0
02045350,L'EBERBACH A WALBOURG,2013-01-23,,,,,,,,23.0,,,,,,,
02045350,L'EBERBACH A WALBOURG,2013-02-20,3.1,8.3,11.1,623.0,8.2,6.9,4.3,23.0,0.14,0.6,0.18,0.24,0.1,1.9,6.0
02045350,L'EBERBACH A WALBOURG,2013-03-20,,,,,,,,26.0,,,,,,,
02045350,L'EBERBACH A WALBOURG,2013-04-17,13.5,8.4,13.2,642.0,7.0,1.8,4.9,18.0,0.11,0.7,0.17,0.05,0.1,3.1,10.0
02045350,L'EBERBACH A WALBOURG,2013-05-16,,,,,,,,22.0,,,,,,,
02045350,L'EBERBACH A WALBOURG,2013-06-12,14.9,8.05,8.2,721.0,18.0,2.6,5.4,18.0,0.14,0.7,0.3,0.05,0.12,0.5,18.0
02045350,L'EBERBACH A WALBOURG,2013-07-10,18.3,8.05,5.5,774.0,7.9,3.8,5.5,14.0,0.26,0.7,0.66,0.05,0.08,0.5,13.0
02045350,L'EBERBACH A WALBOURG,2013-08-07,19.0,7.75,7.0,510.0,28.0,11.1,9.1,17.6,0.47,2.2,1.08,1.2,0.61,5.6,37.0
02045350,L'EBERBACH A WALBOURG,2013-09-04,,,,,,,,5.7,,,,,,,
02045350,L'EBERBACH A WALBOURG,2013-10-02,11.0,8.2,9.2,750.0,5.0,6.4,5.3,12.7,0.25,0.8,0.637,0.05,0.04,1.4,21.0
02045350,L'EBERBACH A WALBOURG,2013-10-30,,,,,,,,16.3,,,,,,,
02045350,L'EBERBACH A WALBOURG,2013-11-27,3.3,8.2,13.6,680.0,3.0,3.3,4.7,18.2,0.1,0.5,0.181,0.06,0.09,1.1,9.0
02045425,LE BRUMBACH A HAGUENAU,2013-01-23,3.2,7.0,11.4,244.0,4.0,,10.2,,0.027,0.7,,,,2.4,23.0
02045425,LE BRUMBACH A HAGUENAU,2013-02-21,3.4,7.4,11.5,196.0,6.0,,13.5,,0.025,0.7,,,,2.0,30.0
02045425,LE BRUMBACH A HAGUENAU,2013-03-21,5.1,7.5,11.2,203.0,10.0,,14.4,,0.04,1.1,,,,2.6,39.0
02045425,LE BRUMBACH A HAGUENAU,2013-04-18,13.3,7.2,8.9,175.0,9.0,,7.61,,0.035,1.2,,,,2.0,36.0
02045425,LE BRUMBACH A HAGUENAU,2013-05-15,11.4,7.3,9.0,180.0,10.0,,14.6,,0.035,1.1,,,,2.3,37.0
02045425,LE BRUMBACH A HAGUENAU,2013-06-12,14.2,7.3,8.2,156.0,15.0,,20.3,,0.045,1.4,,,,3.0,50.0
02045425,LE BRUMBACH A HAGUENAU,2013-07-12,15.7,7.6,8.4,178.0,4.0,,11.0,,0.033,0.6,,,,2.3,23.0
02045425,LE BRUMBACH A HAGUENAU,2013-08-09,17.5,7.2,7.2,175.0,5.0,,8.34,,0.031,0.8,,,,2.0,22.0
02045425,LE BRUMBACH A HAGUENAU,2013-09-04,17.2,7.7,7.8,149.0,4.0,,7.07,,0.023,0.5,,,,2.0,17.0
02045425,LE BRUMBACH A HAGUENAU,2013-10-03,12.3,7.3,7.4,221.0,5.0,,8.74,,0.028,0.8,,,,2.2,23.0
02045425,LE BRUMBACH A HAGUENAU,2013-10-31,7.9,7.4,9.4,203.0,2.0,,15.0,,0.051,0.6,,,,2.7,33.0
02045425,LE BRUMBACH A HAGUENAU,2013-11-28,3.3,7.7,11.7,185.0,3.0,,15.5,,0.033,0.7,,,,2.3,33.0
02045500,L'EBERBACH A LEUTENHEIM,2013-01-24,3.6,7.7,11.2,484.0,26.0,11.0,7.6,5.5,0.11,0.8,0.12,0.19,0.05,1.3,22.0
02045500,L'EBERBACH A LEUTENHEIM,2013-02-20,4.8,7.65,10.5,434.0,12.0,13.0,8.0,4.5,0.15,0.6,0.07,0.22,0.04,1.1,13.0
02045500,L'EBERBACH A LEUTENHEIM,2013-03-20,5.4,7.75,11.6,324.0,35.0,24.0,11.0,6.7,0.08,0.9,0.2,0.11,0.04,2.7,30.0
02045500,L'EBERBACH A LEUTENHEIM,2013-04-17,13.6,7.45,8.4,370.0,13.0,11.0,11.0,3.1,0.08,0.7,0.09,0.09,0.04,2.1,29.0
02045500,L'EBERBACH A LEUTENHEIM,2013-05-16,11.9,7.5,8.2,446.0,11.0,2.2,9.5,4.4,0.09,0.7,0.13,0.09,0.05,0.9,38.0
02045500,L'EBERBACH A LEUTENHEIM,2013-06-12,13.8,7.35,7.8,394.0,18.0,13.0,14.0,2.7,0.1,0.8,0.09,0.12,0.06,1.1,11.0
02045500,L'EBERBACH A LEUTENHEIM,2013-07-10,16.4,7.5,7.5,522.0,12.0,7.9,6.0,2.5,0.1,0.7,0.08,0.09,0.09,0.7,19.0
02045500,L'EBERBACH A LEUTENHEIM,2013-08-07,20.0,7.3,6.3,430.0,15.0,13.1,5.3,2.3,0.19,0.7,0.144,0.23,0.18,1.9,21.0
02045500,L'EBERBACH A LEUTENHEIM,2013-09-04,15.0,7.6,7.3,460.0,8.0,8.0,4.5,2.5,0.15,0.5,0.165,0.14,0.09,0.5,14.0
02045500,L'EBERBACH A LEUTENHEIM,2013-10-02,11.0,7.6,5.7,450.0,8.0,7.8,5.2,2.5,0.15,0.5,0.17,0.09,0.07,1.5,14.0
02045500,L'EBERBACH A LEUTENHEIM,2013-10-30,11.0,7.6,8.3,410.0,17.0,5.6,9.8,4.8,0.12,0.9,0.188,0.05,0.03,2.7,27.0
02045500,L'EBERBACH A LEUTENHEIM,2013-11-27,4.3,7.7,13.1,410.0,12.0,9.4,10.1,3.9,0.1,0.6,0.08,0.12,0.03,2.1,22.0
02046000,LA SAUER A BEINHEIM,2013-01-24,2.9,7.9,11.8,452.0,14.0,4.6,4.7,6.9,0.12,0.8,0.22,0.26,0.08,1.0,15.0
02046000,LA SAUER A BEINHEIM,2013-02-20,4.5,7.9,11.7,427.0,13.0,9.4,5.3,6.6,0.13,0.5,0.13,0.21,0.05,1.2,10.0
02046000,LA SAUER A BEINHEIM,2013-03-20,5.7,7.9,12.1,348.0,29.0,17.0,7.8,9.0,0.1,0.8,0.12,0.13,0.06,3.2,25.0
02046000,LA SAUER A BEINHEIM,2013-04-17,14.6,7.7,9.1,375.0,15.0,5.7,8.0,5.1,0.11,0.8,0.05,0.05,0.08,2.5,20.0
02046000,LA SAUER A BEINHEIM,2013-05-16,13.1,7.65,8.8,399.0,23.0,10.0,5.9,5.6,0.12,0.7,0.22,0.07,0.09,1.3,24.0
02046000,LA SAUER A BEINHEIM,2013-06-12,15.1,7.4,8.5,377.0,18.0,10.0,8.2,4.8,0.14,0.6,0.19,0.08,0.09,0.5,29.0
02046000,LA SAUER A BEINHEIM,2013-07-10,18.2,7.65,8.4,443.0,17.0,9.0,3.9,4.3,0.13,0.5,0.23,0.05,0.08,3.9,15.0
02046000,LA SAUER A BEINHEIM,2013-08-07,20.0,7.6,6.9,380.0,16.0,10.3,3.5,3.7,0.12,0.6,0.264,0.05,0.05,1.0,13.0
02046000,LA SAUER A BEINHEIM,2013-09-04,16.0,7.8,8.6,390.0,10.0,5.6,2.9,3.3,0.12,0.5,0.248,0.05,0.04,1.2,9.0
02046000,LA SAUER A BEINHEIM,2013-10-02,12.0,7.8,6.4,390.0,7.0,5.0,3.3,5.5,0.1,0.5,0.225,0.05,0.03,1.6,7.0
02046000,LA SAUER A BEINHEIM,2013-10-30,11.0,7.9,7.2,410.0,17.0,7.7,7.6,6.7,0.12,0.6,0.241,0.05,0.06,2.9,19.0
02046000,LA SAUER A BEINHEIM,2013-11-27,4.1,7.8,13.2,440.0,14.0,10.9,6.2,5.8,0.09,0.5,0.147,0.12,0.06,2.1,13.0
02046400,LE SELTZBACH A SOULTZ-SOUS-FORETS,2013-01-23,3.3,8.0,11.6,860.0,51.0,,4.1,,0.303,1.0,,,,3.6,13.0
02046400,LE SELTZBACH A SOULTZ-SOUS-FORETS,2013-02-21,2.6,8.1,11.7,776.0,26.0,,3.57,,0.209,1.7,,,,4.0,10.0
02046400,LE SELTZBACH A SOULTZ-SOUS-FORETS,2013-03-21,5.1,7.7,11.6,1351.0,37.0,,5.53,,0.135,1.4,,,,3.2,18.0
02046400,LE SELTZBACH A SOULTZ-SOUS-FORETS,2013-04-18,12.4,8.1,9.5,771.0,9.0,,4.06,,0.1,1.1,,,,2.4,8.0
02046400,LE SELTZBACH A SOULTZ-SOUS-FORETS,2013-05-15,12.2,7.9,9.1,768.0,9.0,,4.03,,0.178,2.4,,,,2.3,11.0
02046400,LE SELTZBACH A SOULTZ-SOUS-FORETS,2013-06-12,14.5,8.4,8.6,848.0,18.0,,4.44,,0.169,1.0,,,,2.0,8.0
02046400,LE SELTZBACH A SOULTZ-SOUS-FORETS,2013-07-12,16.4,8.4,4.6,1213.0,26.0,,5.41,,0.776,1.1,,,,2.4,13.0
02046400,LE SELTZBACH A SOULTZ-SOUS-FORETS,2013-08-09,18.2,7.5,4.4,733.0,35.0,,6.25,,0.764,1.7,,,,2.4,18.0
02046400,LE SELTZBACH A SOULTZ-SOUS-FORETS,2013-09-04,17.8,7.7,4.4,1159.0,26.0,,5.66,,1.25,1.4,,,,2.4,13.0
02046400,LE SELTZBACH A SOULTZ-SOUS-FORETS,2013-10-03,10.7,7.8,6.8,1150.0,18.0,,5.01,,0.786,1.2,,,,2.3,13.0
02046400,LE SELTZBACH A SOULTZ-SOUS-FORETS,2013-10-31,8.9,7.9,10.6,777.0,23.0,,4.73,,0.157,0.6,,,,2.0,11.0
02046400,LE SELTZBACH A SOULTZ-SOUS-FORETS,2013-11-28,4.5,7.9,11.5,817.0,39.0,,3.95,,0.147,1.0,,,,3.4,11.0
02046500,LE WINTZENBACH A HOFFEN,2013-01-23,3.0,7.8,11.5,728.0,10.0,,2.82,,0.094,0.8,,,,2.4,6.0
02046500,LE WINTZENBACH A HOFFEN,2013-02-21,3.1,8.1,12.4,679.0,4.0,,2.51,,0.064,0.7,,,,2.1,5.0
02046500,LE WINTZENBACH A HOFFEN,2013-03-21,5.1,8.0,11.2,572.0,72.0,,5.12,,0.219,1.5,,,,3.0,17.0
02046500,LE WINTZENBACH A HOFFEN,2013-04-18,13.2,7.9,9.2,656.0,2.0,,2.91,,0.053,1.1,,,,2.3,11.0
02046500,LE WINTZENBACH A HOFFEN,2013-05-15,12.0,8.1,9.0,667.0,10.0,,2.97,,0.085,0.6,,,,2.3,8.0
02046500,LE WINTZENBACH A HOFFEN,2013-06-12,14.7,8.3,8.6,678.0,18.0,,3.19,,0.107,1.2,,,,2.0,8.0
02046500,LE WINTZENBACH A HOFFEN,2013-07-12,15.4,7.9,7.5,650.0,26.0,,3.36,,0.191,0.6,,,,2.1,7.0
02046500,LE WINTZENBACH A HOFFEN,2013-08-09,17.5,7.7,5.6,563.0,22.0,,4.47,,0.301,0.9,,,,2.0,12.0
02046500,LE WINTZENBACH A HOFFEN,2013-09-04,15.3,7.7,6.6,617.0,19.0,,3.03,,0.233,0.5,,,,2.0,7.0
02046500,LE WINTZENBACH A HOFFEN,2013-10-03,9.3,7.8,8.6,707.0,10.0,,3.32,,0.181,0.6,,,,2.1,7.0
02046500,LE WINTZENBACH A HOFFEN,2013-10-31,8.8,8.0,10.4,681.0,12.0,,3.17,,0.068,0.5,,,,2.0,6.0
02046500,LE WINTZENBACH A HOFFEN,2013-11-28,4.2,7.9,11.1,730.0,6.0,,2.79,,0.059,0.6,,,,2.0,5.0
02046600,LE HAUSAUERBACH A HUNSPACH,2013-01-23,3.1,7.9,12.1,678.0,7.0,,3.21,,0.173,0.7,,,,2.1,7.0
02046600,LE HAUSAUERBACH A HUNSPACH,2013-02-21,3.2,8.4,13.1,532.0,8.0,,3.27,,0.127,0.5,,,,2.2,6.0
02046600,LE HAUSAUERBACH A HUNSPACH,2013-03-21,5.3,7.5,12.3,430.0,57.0,,5.58,,0.256,1.4,,,,2.5,19.0
02046600,LE HAUSAUERBACH A HUNSPACH,2013-04-18,13.3,8.0,10.2,570.0,9.0,,3.84,,0.148,1.1,,,,2.0,7.0
02046600,LE HAUSAUERBACH A HUNSPACH,2013-05-15,12.0,8.1,10.2,515.0,8.0,,3.78,,0.165,0.7,,,,2.2,9.0
02046600,LE HAUSAUERBACH A HUNSPACH,2013-06-12,14.8,8.2,8.9,520.0,16.0,,4.32,,0.178,0.9,,,,2.0,10.0
02046600,LE HAUSAUERBACH A HUNSPACH,2013-07-12,15.8,8.4,8.4,519.0,29.0,,4.21,,0.592,0.6,,,,2.2,10.0
02046600,LE HAUSAUERBACH A HUNSPACH,2013-08-09,17.6,7.8,7.4,463.0,19.0,,4.61,,0.581,0.9,,,,2.0,12.0
02046600,LE HAUSAUERBACH A HUNSPACH,2013-09-04,16.3,7.9,7.9,540.0,33.0,,3.47,,0.944,0.8,,,,2.5,8.0
02046600,LE HAUSAUERBACH A HUNSPACH,2013-10-03,10.4,7.8,9.2,592.0,21.0,,3.42,,0.302,0.7,,,,2.5,8.0
02046600,LE HAUSAUERBACH A HUNSPACH,2013-10-31,9.0,8.1,10.6,585.0,8.0,,4.98,,0.136,0.6,,,,2.0,9.0
02046600,LE HAUSAUERBACH A HUNSPACH,2013-11-28,3.7,7.8,12.1,597.0,5.0,,3.54,,0.136,0.6,,,,2.7,6.0
02046800,LE SELTZBACH A HATTEN,2013-01-23,3.2,8.1,12.2,851.0,14.0,,3.16,,0.193,0.7,,,,2.4,6.0
02046800,LE SELTZBACH A HATTEN,2013-02-21,3.4,8.2,12.2,675.0,7.0,,3.09,,0.129,0.6,,,,2.2,6.0
02046800,LE SELTZBACH A HATTEN,2013-03-21,5.3,7.4,11.9,543.0,100.0,,5.36,,0.282,1.5,,,,3.6,22.0
02046800,LE SELTZBACH A HATTEN,2013-04-18,12.6,8.1,9.4,671.0,5.0,,3.69,,0.136,1.4,,,,2.4,7.0
02046800,LE SELTZBACH A HATTEN,2013-05-15,12.2,8.2,9.6,664.0,9.0,,3.6,,0.152,0.9,,,,2.4,13.0
02046800,LE SELTZBACH A HATTEN,2013-06-12,15.5,8.3,8.7,667.0,14.0,,4.25,,0.166,0.9,,,,2.0,8.0
02046800,LE SELTZBACH A HATTEN,2013-07-12,17.1,8.6,7.6,763.0,34.0,,4.18,,0.378,0.7,,,,2.1,10.0
02046800,LE SELTZBACH A HATTEN,2013-08-09,18.5,7.7,6.4,566.0,25.0,,5.87,,0.454,1.4,,,,2.0,16.0
02046800,LE SELTZBACH A HATTEN,2013-09-04,16.4,7.8,7.3,694.0,17.0,,3.68,,0.963,0.6,,,,2.0,7.0
02046800,LE SELTZBACH A HATTEN,2013-10-03,10.6,7.9,8.69,802.0,10.0,,4.92,,0.372,0.8,,,,2.3,8.0
02046800,LE SELTZBACH A HATTEN,2013-10-31,9.7,7.9,10.5,696.0,9.0,,4.5,,0.154,0.5,,,,2.0,9.0
02046800,LE SELTZBACH A HATTEN,2013-11-28,3.6,7.9,12.5,739.0,6.0,,3.48,,0.118,0.6,,,,2.5,6.0
02047000,LE SELTZBACH A NIEDERROEDERN,2013-01-24,2.9,8.25,12.6,813.0,23.0,3.1,3.1,19.0,0.15,0.7,0.36,0.36,0.1,2.0,7.0
02047000,LE SELTZBACH A NIEDERROEDERN,2013-02-20,4.2,8.25,12.4,704.0,20.0,8.4,3.1,21.0,0.22,0.8,0.26,0.4,0.1,1.5,7.0
02047000,LE SELTZBACH A NIEDERROEDERN,2013-03-20,6.0,8.15,12.5,576.0,71.0,26.0,4.8,20.0,0.06,1.2,0.18,0.46,0.1,4.8,19.0
02047000,LE SELTZBACH A NIEDERROEDERN,2013-04-17,14.2,8.2,11.9,678.0,5.0,1.3,4.1,18.0,0.12,0.8,0.27,0.35,0.21,3.0,13.0
02047000,LE SELTZBACH A NIEDERROEDERN,2013-05-16,12.8,7.9,9.3,702.0,13.0,0.84,3.8,18.0,0.17,0.8,0.46,0.34,0.27,2.1,17.0
02047000,LE SELTZBACH A NIEDERROEDERN,2013-06-12,15.3,7.9,8.8,710.0,18.0,8.9,3.9,20.0,0.21,0.9,0.49,0.4,0.34,0.8,16.0
02047000,LE SELTZBACH A NIEDERROEDERN,2013-07-10,18.6,7.9,7.4,764.0,17.0,8.0,3.6,16.0,0.36,1.1,0.91,0.62,0.83,2.4,10.0
02047000,LE SELTZBACH A NIEDERROEDERN,2013-08-07,20.0,7.6,5.5,510.0,31.0,8.9,4.7,8.4,0.42,1.8,1.01,0.81,0.64,4.2,22.0
02047000,LE SELTZBACH A NIEDERROEDERN,2013-09-04,17.0,7.85,7.1,680.0,8.0,4.9,3.7,12.7,0.46,1.0,0.806,0.57,0.65,2.5,12.0
02047000,LE SELTZBACH A NIEDERROEDERN,2013-10-02,12.0,8.0,8.4,720.0,8.0,4.7,3.5,14.9,0.33,0.5,0.931,0.21,0.25,2.1,12.0
02047000,LE SELTZBACH A NIEDERROEDERN,2013-10-30,11.0,8.1,9.9,720.0,18.0,11.6,4.4,16.9,0.15,0.7,0.364,0.21,0.14,3.3,12.0
02047000,LE SELTZBACH A NIEDERROEDERN,2013-11-27,4.7,8.2,12.0,690.0,9.0,4.8,3.4,18.7,0.14,0.6,0.282,0.26,0.13,2.0,5.0
02047500,LA LAUTER A WEILER,2013-01-24,4.5,7.7,11.4,210.0,13.0,7.2,1.7,5.9,0.08,0.5,0.18,0.07,0.03,0.6,8.0
02047500,LA LAUTER A WEILER,2013-02-21,4.4,7.7,11.7,158.0,13.0,5.1,1.7,5.6,0.08,0.5,0.21,0.05,0.02,1.3,5.0
02047500,LA LAUTER A WEILER,2013-03-21,6.4,8.35,7.4,175.0,28.0,11.0,2.6,5.3,0.15,0.6,0.23,0.09,0.03,2.4,14.0
02047500,LA LAUTER A WEILER,2013-04-18,12.6,7.6,11.5,153.0,14.0,6.4,2.5,4.1,0.1,0.5,0.17,0.05,0.02,1.3,13.0
02047500,LA LAUTER A WEILER,2013-05-16,11.1,7.6,9.7,165.0,14.0,1.0,2.4,5.2,0.08,0.5,0.16,0.05,0.03,1.5,19.0
02047500,LA LAUTER A WEILER,2013-06-13,14.5,7.45,9.6,150.0,15.0,4.9,2.5,4.7,0.09,0.5,0.15,0.05,0.02,0.5,8.0
02047500,LA LAUTER A WEILER,2013-07-11,14.8,7.35,7.4,153.0,16.0,4.9,1.9,4.4,0.08,0.5,0.2,0.05,0.02,0.6,9.0
02047500,LA LAUTER A WEILER,2013-08-08,16.0,7.25,12.1,150.0,37.0,33.9,2.4,4.7,0.08,0.5,0.219,0.05,0.03,0.9,11.0
02047500,LA LAUTER A WEILER,2013-09-05,14.0,7.55,8.9,160.0,19.0,8.5,1.9,4.0,0.13,0.5,0.243,0.05,0.02,3.4,8.0
02047500,LA LAUTER A WEILER,2013-10-03,9.9,7.7,8.7,150.0,10.0,1.7,1.9,4.1,0.08,0.5,0.172,0.05,0.02,0.5,6.0
02047500,LA LAUTER A WEILER,2013-10-30,9.7,7.6,10.4,160.0,9.0,5.6,2.6,4.3,0.1,0.5,0.211,0.05,0.01,3.6,8.0
02047500,LA LAUTER A WEILER,2013-11-28,4.7,7.7,14.0,160.0,11.0,6.7,2.0,5.3,0.08,0.5,0.155,0.05,0.02,1.6,8.0
02047660,LA LAUTER A WISSEMBOURG (AVAL STEP),2013-01-23,3.9,7.9,11.7,295.0,16.0,,2.16,,0.129,0.6,,,,2.2,5.0
02047660,LA LAUTER A WISSEMBOURG (AVAL STEP),2013-02-21,4.5,7.8,12.1,205.0,17.0,,2.09,,0.113,0.5,,,,2.0,8.0
02047660,LA LAUTER A WISSEMBOURG (AVAL STEP),2013-03-21,6.5,7.4,11.1,220.0,42.0,,3.57,,0.201,1.5,,,,3.2,18.0
02047660,LA LAUTER A WISSEMBOURG (AVAL STEP),2013-04-18,13.8,7.7,8.8,201.0,29.0,,2.4,,0.128,1.6,,,,2.3,6.0
02047660,LA LAUTER A WISSEMBOURG (AVAL STEP),2013-05-15,12.6,7.8,9.3,178.0,30.0,,2.94,,0.154,0.9,,,,2.3,13.0
02047660,LA LAUTER A WISSEMBOURG (AVAL STEP),2013-06-12,15.2,7.6,8.8,182.0,28.0,,3.83,,0.115,1.1,,,,2.0,13.0
02047660,LA LAUTER A WISSEMBOURG (AVAL STEP),2013-07-12,15.8,8.2,8.6,167.0,36.0,,2.85,,0.147,0.6,,,,2.1,14.0
02047660,LA LAUTER A WISSEMBOURG (AVAL STEP),2013-08-09,16.1,7.6,8.8,176.0,42.0,,2.51,,0.165,0.8,,,,2.0,15.0
02047660,LA LAUTER A WISSEMBOURG (AVAL STEP),2013-09-04,14.8,7.4,9.0,159.0,27.0,,1.92,,0.164,0.5,,,,2.0,7.0
02047660,LA LAUTER A WISSEMBOURG (AVAL STEP),2013-10-03,10.0,7.9,10.2,179.0,16.0,,1.97,,0.136,0.6,,,,2.3,7.0
02047660,LA LAUTER A WISSEMBOURG (AVAL STEP),2013-10-31,8.7,7.9,10.4,167.0,14.0,,3.74,,0.14,0.5,,,,2.7,9.0
02047660,LA LAUTER A WISSEMBOURG (AVAL STEP),2013-11-28,3.5,7.6,12.1,210.0,13.0,,2.61,,0.086,0.7,,,,2.8,8.0
02047750,LA LAUTER A LAUTERBOURG (B),2013-01-24,3.1,8.05,13.1,339.0,21.0,4.3,1.5,8.4,0.1,0.9,0.23,0.09,0.05,1.2,19.0
02047750,LA LAUTER A LAUTERBOURG (B),2013-02-20,4.5,8.2,12.8,258.0,14.0,6.9,2.9,8.1,0.16,0.5,0.2,0.11,0.05,1.3,6.0
02047750,LA LAUTER A LAUTERBOURG (B),2013-03-20,6.1,7.95,12.1,295.0,60.0,13.0,4.4,7.8,0.17,0.9,0.26,0.16,0.06,3.9,25.0
02047750,LA LAUTER A LAUTERBOURG (B),2013-04-17,14.8,7.95,10.9,271.0,21.0,5.8,3.9,6.2,0.14,0.6,0.25,0.09,0.12,1.7,22.0
02047750,LA LAUTER A LAUTERBOURG (B),2013-05-16,12.9,7.7,10.2,245.0,29.0,1.0,3.9,6.4,0.14,0.6,0.28,0.06,0.06,1.4,28.0
02047750,LA LAUTER A LAUTERBOURG (B),2013-06-12,14.5,7.6,9.3,227.0,42.0,7.5,4.5,6.0,0.15,0.5,0.19,0.05,0.05,0.9,24.0
02047750,LA LAUTER A LAUTERBOURG (B),2013-07-10,17.6,7.8,10.5,207.0,31.0,11.0,2.5,5.3,0.16,0.5,0.29,0.05,0.06,0.5,13.0
02047750,LA LAUTER A LAUTERBOURG (B),2013-08-07,19.0,7.5,9.0,230.0,34.0,5.8,3.8,5.0,0.37,1.1,0.76,0.47,0.2,3.0,23.0
02047750,LA LAUTER A LAUTERBOURG (B),2013-09-04,16.0,8.05,9.9,190.0,20.0,8.5,2.2,3.8,0.14,0.8,0.326,0.05,0.03,0.7,10.0
02047750,LA LAUTER A LAUTERBOURG (B),2013-10-02,11.0,7.8,10.1,200.0,15.0,7.1,2.5,4.4,0.2,0.5,0.284,0.05,0.04,1.6,12.0
02047750,LA LAUTER A LAUTERBOURG (B),2013-10-30,11.0,7.9,10.1,300.0,13.0,2.9,5.5,6.6,0.14,0.5,0.312,0.07,0.07,3.2,16.0
02047750,LA LAUTER A LAUTERBOURG (B),2013-11-27,4.0,8.0,13.6,280.0,19.0,9.5,3.8,7.7,0.13,0.5,0.212,0.19,0.08,2.6,11.0
02048960,LE RUISSEAU DE LA COLLINE DE FRESSE A FRESSE-SUR-MOSELLE,2013-01-07,4.5,6.6,12.4,25.0,2.0,0.43,1.6,1.6,0.01,0.5,0.02,0.05,0.01,3.1,5.0
02048960,LE RUISSEAU DE LA COLLINE DE FRESSE A FRESSE-SUR-MOSELLE,2013-02-04,3.3,6.8,12.0,21.0,6.3,1.0,1.3,2.6,0.01,0.5,0.03,0.05,0.01,2.0,9.0
02048960,LE RUISSEAU DE LA COLLINE DE FRESSE A FRESSE-SUR-MOSELLE,2013-03-04,1.9,7.0,12.6,45.0,2.0,0.27,1.1,1.4,0.01,0.5,0.015,0.05,0.01,1.9,7.0
02048960,LE RUISSEAU DE LA COLLINE DE FRESSE A FRESSE-SUR-MOSELLE,2013-04-02,2.1,7.1,11.9,23.0,2.0,0.7,1.2,1.2,0.01,0.5,0.02,0.05,0.01,1.4,5.0
02048960,LE RUISSEAU DE LA COLLINE DE FRESSE A FRESSE-SUR-MOSELLE,2013-04-29,7.1,6.85,13.6,25.0,2.0,0.24,1.4,1.0,0.01,0.5,0.02,0.05,0.01,2.7,5.0
02048960,LE RUISSEAU DE LA COLLINE DE FRESSE A FRESSE-SUR-MOSELLE,2013-05-27,6.5,6.9,11.5,37.0,2.0,0.33,1.4,1.2,0.01,0.5,0.018,0.05,0.01,0.5,5.0
02048960,LE RUISSEAU DE LA COLLINE DE FRESSE A FRESSE-SUR-MOSELLE,2013-06-24,11.0,7.0,11.0,24.0,2.0,0.5,1.9,0.6,0.01,0.5,0.028,0.05,0.01,0.8,5.0
02048960,LE RUISSEAU DE LA COLLINE DE FRESSE A FRESSE-SUR-MOSELLE,2013-07-22,14.0,7.0,7.6,26.0,2.0,0.5,1.4,1.0,0.02,0.5,0.026,0.05,0.01,0.5,16.0
02048960,LE RUISSEAU DE LA COLLINE DE FRESSE A FRESSE-SUR-MOSELLE,2013-08-19,13.0,6.9,10.0,32.0,3.0,1.5,1.3,1.1,0.02,0.5,0.03,0.05,0.01,0.8,15.0
02048960,LE RUISSEAU DE LA COLLINE DE FRESSE A FRESSE-SUR-MOSELLE,2013-09-16,11.0,7.1,7.9,36.0,4.0,1.2,2.9,3.6,0.02,0.5,0.024,0.05,0.01,0.5,5.0
02048960,LE RUISSEAU DE LA COLLINE DE FRESSE A FRESSE-SUR-MOSELLE,2013-10-14,9.7,6.9,9.9,26.0,10.0,2.4,2.7,2.1,0.01,0.5,0.015,0.05,0.01,0.6,12.0
02048960,LE RUISSEAU DE LA COLLINE DE FRESSE A FRESSE-SUR-MOSELLE,2013-11-12,6.6,6.7,11.6,24.0,3.0,1.3,1.5,1.7,0.01,0.5,0.015,0.05,0.02,1.3,5.0
02048980,LA MOSELLE A RAMONCHAMP,2013-02-11,2.3,6.9,12.5,67.0,2.0,0.5,1.5,2.9,0.03,0.5,0.06,0.09,0.01,1.7,8.0
02048980,LA MOSELLE A RAMONCHAMP,2013-04-08,5.0,7.1,9.7,71.0,2.0,0.18,1.5,2.4,0.01,0.5,0.04,0.05,0.01,1.5,5.0
02048980,LA MOSELLE A RAMONCHAMP,2013-06-03,7.8,7.0,10.9,60.0,2.0,0.42,2.1,1.8,0.02,0.5,0.03,0.05,0.01,0.6,6.0
02048980,LA MOSELLE A RAMONCHAMP,2013-07-29,16.0,6.55,9.9,100.0,2.0,1.2,2.6,5.5,0.09,0.7,0.226,0.14,0.08,3.4,9.0
02048980,LA MOSELLE A RAMONCHAMP,2013-09-23,11.0,6.9,10.1,62.0,2.0,0.4,1.8,3.2,0.01,0.5,0.039,0.05,0.01,0.7,5.0
02048980,LA MOSELLE A RAMONCHAMP,2013-11-18,6.3,6.8,10.3,81.0,2.0,0.8,1.5,3.0,0.01,0.5,0.039,0.05,0.01,1.5,5.0
02049000,LA MOSELLE A SAULX,2013-01-07,6.1,6.95,12.3,55.0,2.0,0.71,1.7,3.1,0.01,0.5,0.04,0.05,0.01,0.6,5.0
02049000,LA MOSELLE A SAULX,2013-02-04,3.7,6.8,12.1,50.0,8.3,2.3,1.4,2.6,0.02,0.5,0.03,0.05,0.01,1.9,8.0
02049000,LA MOSELLE A SAULX,2013-03-04,3.2,7.2,12.4,71.0,2.0,0.35,1.3,4.0,0.03,0.5,0.05,0.09,0.01,1.9,5.0
02049000,LA MOSELLE A SAULX,2013-04-02,4.2,7.05,10.9,59.0,2.0,0.23,1.5,2.7,0.01,0.5,0.04,0.05,0.01,1.2,6.0
02049000,LA MOSELLE A SAULX,2013-04-29,7.8,7.0,13.4,55.0,2.0,0.23,1.6,2.4,0.01,0.5,0.03,0.05,0.01,1.9,5.0
02049000,LA MOSELLE A SAULX,2013-05-27,7.2,7.1,11.4,64.0,2.0,0.61,1.7,2.3,0.01,0.5,0.04,0.05,0.01,0.5,5.0
02049000,LA MOSELLE A SAULX,2013-06-24,12.0,7.1,10.3,71.0,2.0,1.0,1.8,3.8,0.05,0.5,0.136,0.06,0.02,0.8,5.0
02049000,LA MOSELLE A SAULX,2013-07-22,16.0,7.05,6.9,89.0,2.0,0.4,1.5,5.4,0.08,0.5,0.193,0.05,0.03,0.5,5.0
02049000,LA MOSELLE A SAULX,2013-08-19,16.0,6.9,10.1,86.0,2.0,0.4,1.3,5.3,0.08,0.5,0.093,0.05,0.01,0.7,5.0
02049000,LA MOSELLE A SAULX,2013-09-16,12.0,7.75,8.7,58.0,7.0,3.1,4.1,3.5,0.02,0.5,0.057,0.05,0.01,0.9,14.0
02049000,LA MOSELLE A SAULX,2013-10-14,10.0,7.1,9.7,46.0,9.0,4.2,2.8,2.4,0.04,0.5,0.043,0.05,0.01,1.5,14.0
02049000,LA MOSELLE A SAULX,2013-11-12,6.8,6.7,12.2,42.0,3.0,1.3,1.9,2.5,0.02,0.5,0.031,0.05,0.01,1.2,5.0
02049500,LA MOSELOTTE A SAULXURES-SUR-MOSELOTTE,2013-01-07,4.6,7.9,12.4,50.0,2.0,0.67,2.3,1.7,0.02,0.6,0.04,0.1,0.01,0.5,5.0
02049500,LA MOSELOTTE A SAULXURES-SUR-MOSELOTTE,2013-02-04,3.7,6.95,12.3,45.0,2.4,1.2,2.0,2.0,0.01,0.5,0.03,0.05,0.01,2.3,7.0
02049500,LA MOSELOTTE A SAULXURES-SUR-MOSELOTTE,2013-03-04,2.7,7.55,12.5,91.0,2.0,0.49,1.8,2.3,0.02,0.5,0.04,0.51,0.01,2.6,5.0
02049500,LA MOSELOTTE A SAULXURES-SUR-MOSELOTTE,2013-04-02,3.1,7.25,11.2,67.0,2.0,0.23,1.8,1.7,0.01,0.5,0.02,0.19,0.01,1.5,6.0
02049500,LA MOSELOTTE A SAULXURES-SUR-MOSELOTTE,2013-04-29,6.8,7.1,12.7,50.0,2.0,0.45,2.6,1.3,0.01,0.5,0.04,0.08,0.01,2.2,11.0
02049500,LA MOSELOTTE A SAULXURES-SUR-MOSELOTTE,2013-05-27,7.3,7.1,11.2,47.0,2.0,0.5,2.3,1.3,0.01,0.5,0.03,0.07,0.01,0.5,6.0
02049500,LA MOSELOTTE A SAULXURES-SUR-MOSELOTTE,2013-06-24,12.0,7.1,10.0,74.0,2.0,0.1,2.5,2.1,0.02,0.5,0.039,0.32,0.04,2.0,8.0
02049500,LA MOSELOTTE A SAULXURES-SUR-MOSELOTTE,2013-07-22,15.0,7.05,6.9,73.0,2.0,0.5,1.6,1.5,0.01,0.5,0.015,0.05,0.01,0.5,9.0
02049500,LA MOSELOTTE A SAULXURES-SUR-MOSELOTTE,2013-08-19,16.0,7.2,9.7,97.0,3.0,1.1,1.9,3.7,0.05,0.5,0.063,0.44,0.14,1.6,5.0
02049500,LA MOSELOTTE A SAULXURES-SUR-MOSELOTTE,2013-09-16,12.0,7.5,7.7,57.0,5.0,1.7,5.4,1.9,0.03,0.5,0.03,0.05,0.01,0.5,12.0
02049500,LA MOSELOTTE A SAULXURES-SUR-MOSELOTTE,2013-10-14,8.6,7.0,10.4,40.0,18.0,8.4,4.2,1.2,0.05,0.5,0.043,0.05,0.01,1.2,23.0
02049500,LA MOSELOTTE A SAULXURES-SUR-MOSELOTTE,2013-11-12,5.4,6.9,9.8,39.0,3.0,0.9,2.7,1.5,0.02,0.5,0.048,0.05,0.01,1.3,8.0
02049900,LA CLEURIE A CLEURIE,2013-01-07,5.4,6.85,11.7,59.0,2.0,1.4,3.6,2.3,0.03,0.5,0.06,0.06,0.01,0.5,8.0
02049900,LA CLEURIE A CLEURIE,2013-02-04,3.0,7.0,12.0,56.0,7.9,2.8,3.8,2.0,0.02,0.5,0.07,0.05,0.01,2.2,14.0
02049900,LA CLEURIE A CLEURIE,2013-03-04,2.7,7.6,12.6,102.0,2.0,0.76,3.1,2.7,0.08,0.5,0.17,0.1,0.01,2.3,8.0
02049900,LA CLEURIE A CLEURIE,2013-04-02,3.0,7.25,12.5,85.0,2.0,1.2,3.5,2.1,0.08,0.5,0.11,0.08,0.02,1.4,12.0
02049900,LA CLEURIE A CLEURIE,2013-04-29,8.0,7.1,12.8,77.0,2.0,0.71,4.5,1.6,0.04,0.5,0.1,0.05,0.01,1.5,13.0
02049900,LA CLEURIE A CLEURIE,2013-05-27,7.4,7.05,11.7,61.0,2.2,1.9,4.1,1.6,0.04,0.5,0.07,0.07,0.01,0.7,8.0
02049900,LA CLEURIE A CLEURIE,2013-06-24,12.0,7.3,10.9,130.0,3.0,1.7,5.3,2.0,0.17,0.8,0.32,0.25,0.02,1.4,15.0
02049900,LA CLEURIE A CLEURIE,2013-07-22,16.0,8.2,7.6,220.0,2.0,1.0,3.7,2.7,0.17,0.5,0.321,0.08,0.02,0.5,13.0
02049900,LA CLEURIE A CLEURIE,2013-08-19,14.0,7.15,10.3,120.0,2.0,0.6,2.5,5.1,0.07,0.5,0.146,0.05,0.01,0.9,5.0
02049900,LA CLEURIE A CLEURIE,2013-09-16,12.0,7.0,7.9,95.0,4.0,2.8,8.6,1.8,0.07,0.5,0.13,0.09,0.02,0.7,21.0
02049900,LA CLEURIE A CLEURIE,2013-10-14,11.0,7.0,10.0,52.0,9.0,7.3,7.1,1.2,0.05,0.6,0.065,0.05,0.01,1.3,24.0
02049900,LA CLEURIE A CLEURIE,2013-11-12,6.7,7.0,12.7,41.0,5.0,2.1,4.5,1.8,0.03,0.5,0.038,0.06,0.01,1.8,13.0
02050000,LA MOSELOTTE A AUTRIVE,2013-01-07,6.2,6.9,11.2,60.0,2.0,1.0,2.7,2.6,0.02,0.5,0.06,0.1,0.01,0.5,5.0
02050000,LA MOSELOTTE A AUTRIVE,2013-02-04,2.8,7.0,11.7,47.0,4.9,1.7,2.4,2.2,0.01,0.5,0.04,0.05,0.01,1.8,6.0
02050000,LA MOSELOTTE A AUTRIVE,2013-03-04,2.8,7.45,12.2,88.0,2.0,0.66,2.2,3.2,0.04,0.5,0.09,0.19,0.02,1.3,8.0
02050000,LA MOSELOTTE A AUTRIVE,2013-04-02,2.9,7.3,11.9,69.0,2.0,0.46,2.1,2.5,0.03,0.5,0.05,0.09,0.01,1.1,7.0
02050000,LA MOSELOTTE A AUTRIVE,2013-04-29,8.6,7.15,13.4,59.0,2.0,1.1,2.9,1.8,0.02,0.5,0.05,0.05,0.01,1.4,9.0
02050000,LA MOSELOTTE A AUTRIVE,2013-05-27,7.8,7.0,11.1,56.0,2.0,0.66,3.0,1.8,0.01,0.5,0.03,0.06,0.01,0.8,5.0
02050000,LA MOSELOTTE A AUTRIVE,2013-06-24,13.0,7.1,9.8,80.0,2.0,0.8,3.0,2.7,0.03,0.5,0.093,0.1,0.03,0.7,11.0
02050000,LA MOSELOTTE A AUTRIVE,2013-07-22,19.0,7.05,8.8,150.0,2.0,0.6,2.9,4.5,0.09,0.8,0.236,0.37,0.05,1.8,7.0
02050000,LA MOSELOTTE A AUTRIVE,2013-08-19,16.0,7.15,9.8,110.0,2.0,0.5,1.8,3.8,0.03,0.5,0.072,0.05,0.02,0.7,5.0
02050000,LA MOSELOTTE A AUTRIVE,2013-09-16,12.0,7.1,8.0,60.0,6.0,4.2,6.0,2.2,0.05,0.5,0.071,0.05,0.01,1.0,13.0
02050000,LA MOSELOTTE A AUTRIVE,2013-10-14,10.0,7.2,9.7,48.0,13.0,6.0,4.4,1.6,0.05,0.5,0.047,0.05,0.01,1.2,22.0
02050000,LA MOSELOTTE A AUTRIVE,2013-11-12,6.5,6.6,10.9,45.0,4.0,1.7,3.3,2.1,0.02,0.5,0.023,0.05,0.01,1.2,10.0
02051000,LA MOSELLE A ELOYES,2013-01-07,6.6,7.15,14.7,65.0,2.0,0.88,2.2,3.3,0.02,0.5,0.05,0.08,0.01,0.5,5.0
02051000,LA MOSELLE A ELOYES,2013-02-04,3.0,7.2,12.1,60.0,5.5,2.5,2.1,2.6,0.01,0.5,0.04,0.05,0.01,1.9,11.0
02051000,LA MOSELLE A ELOYES,2013-03-04,5.2,7.25,12.0,92.0,2.0,0.46,1.9,4.1,0.04,0.5,0.06,0.13,0.02,1.7,5.0
02051000,LA MOSELLE A ELOYES,2013-04-02,3.4,7.2,10.8,76.0,2.0,0.29,2.0,3.0,0.02,0.5,0.05,0.06,0.01,1.4,8.0
02051000,LA MOSELLE A ELOYES,2013-04-29,8.8,7.1,13.1,66.0,2.0,0.87,2.8,2.4,0.01,0.5,0.04,0.1,0.01,1.2,8.0
02051000,LA MOSELLE A ELOYES,2013-05-27,7.9,7.15,11.3,85.0,2.9,0.6,2.5,1.9,0.02,0.5,0.06,0.07,0.01,0.6,6.0
02051000,LA MOSELLE A ELOYES,2013-06-24,15.0,7.35,10.0,91.0,4.0,1.0,2.7,3.3,0.04,0.5,0.104,0.05,0.02,0.8,13.0
02051000,LA MOSELLE A ELOYES,2013-07-22,23.0,,8.4,150.0,5.0,3.5,2.4,3.8,0.03,0.5,0.033,0.05,0.02,1.2,20.0
02051000,LA MOSELLE A ELOYES,2013-08-19,16.0,7.4,10.1,140.0,15.0,1.2,2.1,5.5,0.03,0.5,0.071,0.05,0.03,1.2,6.0
02051000,LA MOSELLE A ELOYES,2013-09-16,13.0,7.2,8.8,71.0,13.0,9.6,5.2,2.6,0.05,0.5,0.083,0.06,0.02,1.8,18.0
02051000,LA MOSELLE A ELOYES,2013-10-14,11.0,7.2,9.6,85.0,10.0,5.1,4.5,3.9,0.05,0.5,0.095,0.05,0.01,1.4,18.0
02051000,LA MOSELLE A ELOYES,2013-11-12,6.4,6.9,13.9,48.0,4.0,2.2,2.8,2.5,0.02,0.5,0.053,0.05,0.01,1.0,8.0
02051600,LE NEUNE A LAVELINE-DEVANT-BRUYERE,2013-01-07,,,,,,,,8.2,,,,,,,
02051600,LE NEUNE A LAVELINE-DEVANT-BRUYERE,2013-02-04,4.0,7.2,10.6,86.0,12.0,9.4,3.6,8.2,0.03,0.5,0.08,0.05,0.01,2.2,7.0
02051600,LE NEUNE A LAVELINE-DEVANT-BRUYERE,2013-03-04,,,,,,,,7.3,,,,,,,
02051600,LE NEUNE A LAVELINE-DEVANT-BRUYERE,2013-04-02,3.9,7.5,12.3,108.0,5.6,1.5,2.5,7.9,0.26,0.5,0.07,0.05,0.09,1.6,11.0
02051600,LE NEUNE A LAVELINE-DEVANT-BRUYERE,2013-04-29,,,,,,,,7.0,,,,,,,
02051600,LE NEUNE A LAVELINE-DEVANT-BRUYERE,2013-05-27,8.7,7.3,11.0,89.0,12.0,4.8,4.0,6.2,0.03,0.5,0.08,0.1,0.05,0.9,13.0
02051600,LE NEUNE A LAVELINE-DEVANT-BRUYERE,2013-06-24,,,,,,,,5.6,,,,,,,
02051600,LE NEUNE A LAVELINE-DEVANT-BRUYERE,2013-07-22,22.0,,7.8,150.0,4.0,2.1,3.4,5.2,0.1,0.5,0.225,0.05,0.04,0.5,16.0
02051600,LE NEUNE A LAVELINE-DEVANT-BRUYERE,2013-08-19,,,,,,,,4.7,,,,,,,
02051600,LE NEUNE A LAVELINE-DEVANT-BRUYERE,2013-09-16,12.0,7.0,7.4,120.0,9.0,2.7,8.0,4.0,0.07,0.6,0.14,0.08,0.03,1.3,22.0
02051600,LE NEUNE A LAVELINE-DEVANT-BRUYERE,2013-10-14,,,,,,,,5.4,,,,,,,
02051600,LE NEUNE A LAVELINE-DEVANT-BRUYERE,2013-11-12,6.5,7.1,11.9,80.0,8.0,4.5,4.7,7.5,0.04,0.5,0.07,0.05,0.01,1.3,17.0
02051820,LE BARBA A DOCELLES,2013-01-07,6.2,7.35,12.3,60.0,23.0,15.0,2.9,4.3,0.02,0.7,0.04,0.05,0.01,0.5,8.0
02051820,LE BARBA A DOCELLES,2013-02-04,4.0,6.95,11.9,53.0,5.1,2.5,2.5,4.5,0.01,0.5,0.04,0.05,0.01,1.5,15.0
02051820,LE BARBA A DOCELLES,2013-03-04,2.9,7.0,12.6,60.0,2.0,1.2,2.2,4.3,0.02,0.5,0.03,0.05,0.01,1.5,5.0
02051820,LE BARBA A DOCELLES,2013-04-02,3.0,7.3,12.7,54.0,6.1,2.0,2.1,3.8,0.01,0.5,0.04,0.05,0.01,2.0,24.0
02051820,LE BARBA A DOCELLES,2013-04-29,8.0,7.25,13.3,56.0,4.4,1.6,3.5,3.3,0.03,0.5,0.05,0.05,0.01,0.8,9.0
02051820,LE BARBA A DOCELLES,2013-05-27,9.0,7.25,11.8,75.0,7.0,3.3,3.3,3.3,0.02,0.5,0.04,0.06,0.01,0.5,8.0
02051820,LE BARBA A DOCELLES,2013-06-24,14.0,7.3,10.8,50.0,9.0,3.6,4.3,2.9,0.03,2.3,0.039,0.05,0.01,0.7,16.0
02051820,LE BARBA A DOCELLES,2013-07-22,19.0,7.3,7.4,54.0,4.0,1.9,2.6,3.7,0.03,0.5,0.043,0.05,0.01,0.9,6.0
02051820,LE BARBA A DOCELLES,2013-08-19,16.0,7.5,9.7,63.0,2.0,1.3,2.5,3.7,0.03,0.5,0.064,0.05,0.02,0.7,6.0
02051820,LE BARBA A DOCELLES,2013-09-16,12.0,7.35,8.0,58.0,6.0,3.2,6.6,2.8,0.03,0.5,0.053,0.05,0.01,0.9,16.0
02051820,LE BARBA A DOCELLES,2013-10-14,10.0,7.4,8.7,47.0,7.0,4.0,5.3,2.8,0.03,0.5,0.033,0.05,0.01,0.7,21.0
02051820,LE BARBA A DOCELLES,2013-11-12,6.8,7.2,12.9,47.0,5.0,2.6,3.3,3.8,0.01,0.5,0.041,0.05,0.01,1.5,14.0
02052000,LA VOLOGNE A JARMENIL,2013-01-07,6.6,7.15,12.3,91.0,5.7,3.1,3.3,5.2,0.03,0.5,0.07,0.07,0.01,0.5,5.0
02052000,LA VOLOGNE A JARMENIL,2013-02-04,2.8,7.1,11.7,91.0,6.4,5.2,3.1,6.5,0.03,0.6,0.07,0.06,0.01,2.1,16.0
02052000,LA VOLOGNE A JARMENIL,2013-03-04,3.2,7.2,12.6,112.0,2.5,2.0,2.9,5.6,0.04,0.5,0.07,0.08,0.03,2.5,5.0
02052000,LA VOLOGNE A JARMENIL,2013-04-02,3.9,7.3,12.0,103.0,2.9,1.0,2.7,4.8,0.02,0.5,0.08,0.05,0.02,1.5,12.0
02052000,LA VOLOGNE A JARMENIL,2013-04-29,9.0,7.2,13.7,95.0,4.4,2.1,4.3,4.1,0.03,0.5,0.07,0.06,0.02,2.0,10.0
02052000,LA VOLOGNE A JARMENIL,2013-05-27,8.6,7.2,11.4,81.0,11.0,3.6,3.5,3.9,0.03,0.5,0.05,0.06,0.02,0.7,8.0
02052000,LA VOLOGNE A JARMENIL,2013-06-24,14.0,7.3,10.2,110.0,6.0,2.5,4.1,3.9,0.03,0.5,0.077,0.05,0.02,1.4,15.0
02052000,LA VOLOGNE A JARMENIL,2013-07-22,22.0,7.9,7.5,150.0,3.0,1.7,3.4,4.5,0.07,0.5,0.172,0.05,0.06,0.5,17.0
02052000,LA VOLOGNE A JARMENIL,2013-08-19,18.0,7.35,9.9,150.0,3.0,1.6,3.3,4.5,0.19,0.5,0.22,0.08,0.06,1.2,9.0
02052000,LA VOLOGNE A JARMENIL,2013-09-16,13.0,7.2,7.4,110.0,13.0,6.0,6.5,2.9,0.07,0.6,0.129,0.08,0.02,1.6,23.0
02052000,LA VOLOGNE A JARMENIL,2013-10-14,11.0,7.3,9.0,62.0,6.0,2.5,3.0,2.5,0.05,0.5,0.109,0.05,0.01,1.1,14.0
02052000,LA VOLOGNE A JARMENIL,2013-11-12,6.8,7.1,12.9,70.0,22.0,5.0,4.2,4.0,0.02,0.5,0.05,0.05,0.01,1.5,18.0
02052500,LA MOSELLE A ARCHETTES,2013-01-14,,,,,,,,4.9,,,,,,,
02052500,LA MOSELLE A ARCHETTES,2013-02-11,2.7,7.5,12.2,82.0,2.6,1.2,2.3,4.1,0.06,0.5,0.06,0.08,0.01,1.7,14.0
02052500,LA MOSELLE A ARCHETTES,2013-03-11,,,,,,,,3.2,,,,,,,
02052500,LA MOSELLE A ARCHETTES,2013-04-08,6.2,7.3,10.7,95.0,2.0,0.54,2.3,4.5,0.01,0.5,0.05,0.05,0.02,1.7,5.0
02052500,LA MOSELLE A ARCHETTES,2013-05-06,,,,,,,,3.1,,,,,,,
02052500,LA MOSELLE A ARCHETTES,2013-06-03,8.1,6.95,11.0,72.0,3.2,1.9,3.3,2.4,0.03,0.5,0.04,0.05,0.01,1.0,11.0
02052500,LA MOSELLE A ARCHETTES,2013-07-01,,,,,,,,3.7,,,,,,,
02052500,LA MOSELLE A ARCHETTES,2013-07-29,16.0,7.05,10.3,140.0,3.0,4.4,3.2,4.9,0.04,0.5,0.089,0.09,0.04,3.1,10.0
02052500,LA MOSELLE A ARCHETTES,2013-08-26,,,,,,,,4.4,,,,,,,
02052500,LA MOSELLE A ARCHETTES,2013-09-23,12.0,7.0,10.0,82.0,5.0,0.8,3.0,3.3,0.03,0.5,0.036,0.05,0.02,0.7,11.0
02052500,LA MOSELLE A ARCHETTES,2013-10-21,,,,,,,,2.5,,,,,,,
02052500,LA MOSELLE A ARCHETTES,2013-11-18,6.6,7.0,13.2,180.0,9.0,2.2,2.9,4.6,0.04,0.5,0.1,0.05,0.02,1.5,5.0
02054000,LA MOSELLE A GOLBEY,2013-01-08,6.6,7.35,11.3,77.0,4.7,1.9,2.5,4.7,0.03,0.5,0.06,0.07,0.01,1.6,5.0
02054000,LA MOSELLE A GOLBEY,2013-02-05,4.8,7.55,12.4,75.0,7.5,4.3,3.0,3.5,0.03,0.5,0.06,0.07,0.01,1.5,10.0
02054000,LA MOSELLE A GOLBEY,2013-03-05,5.2,7.7,11.9,106.0,2.7,1.1,2.2,5.4,0.04,0.5,0.1,0.08,0.02,1.9,5.0
02054000,LA MOSELLE A GOLBEY,2013-04-03,3.9,7.45,10.8,94.0,2.7,0.53,2.3,5.2,0.03,0.5,0.04,0.05,0.02,1.2,5.0
02054000,LA MOSELLE A GOLBEY,2013-04-29,8.7,8.2,9.5,81.0,4.2,1.2,3.9,2.7,0.02,0.5,0.04,0.05,0.01,1.8,10.0
02054000,LA MOSELLE A GOLBEY,2013-05-28,10.4,7.25,10.6,75.0,3.5,1.7,2.8,2.9,0.02,0.5,0.04,0.05,0.02,0.5,11.0
02054000,LA MOSELLE A GOLBEY,2013-06-25,14.0,7.4,10.1,310.0,4.0,1.9,3.5,6.7,0.05,0.5,0.076,0.06,0.02,0.8,9.0
02054000,LA MOSELLE A GOLBEY,2013-07-23,21.0,7.35,6.5,140.0,4.0,0.9,2.7,5.1,0.05,0.5,0.061,0.05,0.03,0.5,13.0
02054000,LA MOSELLE A GOLBEY,2013-08-20,18.0,6.9,7.1,140.0,3.0,1.6,2.3,5.3,0.03,0.6,0.045,0.05,0.04,1.1,8.0
02054000,LA MOSELLE A GOLBEY,2013-09-17,13.0,7.3,7.4,88.0,13.0,5.9,5.2,3.0,0.06,0.5,0.099,0.06,0.02,1.3,23.0
02054000,LA MOSELLE A GOLBEY,2013-10-15,11.0,7.3,8.7,61.0,9.0,1.6,4.4,3.0,0.05,0.5,0.06,0.05,0.01,1.1,13.0
02054000,LA MOSELLE A GOLBEY,2013-11-13,8.0,7.1,12.5,60.0,4.0,2.6,3.0,3.3,0.02,0.5,0.044,0.05,0.01,1.4,15.0
02054100,LA MOSELLE A CHAVELOT,2013-01-08,6.7,7.6,11.4,89.0,2.4,2.0,2.8,4.8,0.03,0.8,0.08,0.11,0.01,1.5,5.0
02054100,LA MOSELLE A CHAVELOT,2013-02-05,5.0,7.45,11.3,82.0,2.0,5.3,3.1,3.2,0.04,0.5,0.06,0.06,0.01,1.2,8.0
02054100,LA MOSELLE A CHAVELOT,2013-03-05,5.2,7.8,11.9,127.0,2.0,0.99,2.6,5.4,0.04,0.5,0.09,0.17,0.03,1.9,5.0
02054100,LA MOSELLE A CHAVELOT,2013-04-03,6.1,7.3,11.0,113.0,2.2,0.75,2.8,4.4,0.06,0.5,0.07,0.13,0.02,1.4,6.0
02054100,LA MOSELLE A CHAVELOT,2013-04-29,9.0,7.5,9.3,95.0,3.8,0.83,4.2,2.7,0.03,0.5,0.08,0.06,0.01,1.9,12.0
02054100,LA MOSELLE A CHAVELOT,2013-05-28,11.0,7.3,10.4,86.0,3.6,1.1,2.9,2.9,0.03,0.5,0.05,0.08,0.02,0.6,9.0
02054100,LA MOSELLE A CHAVELOT,2013-06-25,15.0,7.55,10.2,130.0,4.0,2.3,4.1,4.4,0.06,0.5,0.083,0.05,0.03,0.8,12.0
02054100,LA MOSELLE A CHAVELOT,2013-07-23,23.0,7.4,6.1,220.0,5.0,5.1,4.4,5.0,0.12,0.5,0.196,0.1,0.04,1.0,18.0
02054100,LA MOSELLE A CHAVELOT,2013-08-20,19.0,7.15,6.3,240.0,7.0,1.8,3.6,8.0,0.08,0.8,0.17,0.12,0.05,1.9,16.0
02054100,LA MOSELLE A CHAVELOT,2013-09-17,13.0,7.75,5.8,100.0,14.0,5.5,5.6,3.2,0.07,0.5,0.118,0.06,0.02,1.4,19.0
02054100,LA MOSELLE A CHAVELOT,2013-10-15,11.0,7.3,9.0,77.0,28.0,6.8,4.5,2.4,0.08,0.5,0.105,0.08,0.02,2.2,14.0
02054100,LA MOSELLE A CHAVELOT,2013-11-13,8.1,7.7,9.8,78.0,4.0,2.7,3.2,3.3,0.02,0.5,0.055,0.05,0.02,1.3,7.0
02054500,LA MOSELLE A CHATEL-NOMEXY,2013-01-08,6.8,7.3,10.9,108.0,4.0,2.4,2.7,5.1,0.03,0.6,0.08,0.11,0.02,1.3,5.0
02054500,LA MOSELLE A CHATEL-NOMEXY,2013-02-05,4.7,8.05,12.0,90.0,14.0,9.5,3.2,3.9,0.04,0.6,0.07,0.06,0.01,1.4,9.0
02054500,LA MOSELLE A CHATEL-NOMEXY,2013-03-05,4.9,7.8,11.9,162.0,2.0,1.2,2.4,5.5,0.04,0.5,0.09,0.21,0.03,2.1,7.0
02054500,LA MOSELLE A CHATEL-NOMEXY,2013-04-03,6.1,7.7,11.4,142.0,2.0,0.71,2.8,4.5,0.05,0.5,0.05,0.09,0.02,1.4,6.0
02054500,LA MOSELLE A CHATEL-NOMEXY,2013-04-29,9.2,7.7,10.5,123.0,7.2,4.8,4.8,4.4,0.04,0.5,0.08,0.09,0.02,1.9,15.0
02054500,LA MOSELLE A CHATEL-NOMEXY,2013-05-28,10.3,7.4,10.8,108.0,4.3,1.9,3.0,3.4,0.03,0.5,0.05,0.05,0.03,0.5,8.0
02054500,LA MOSELLE A CHATEL-NOMEXY,2013-06-25,16.0,7.5,10.5,160.0,6.0,2.5,3.6,4.5,0.06,0.5,0.095,0.07,0.05,0.7,10.0
02054500,LA MOSELLE A CHATEL-NOMEXY,2013-07-23,23.0,7.6,9.9,250.0,5.0,1.1,3.6,4.6,0.09,0.5,0.202,0.05,0.06,0.5,12.0
02054500,LA MOSELLE A CHATEL-NOMEXY,2013-08-20,18.0,7.35,8.3,310.0,3.0,1.4,3.3,5.2,0.08,0.5,0.186,0.06,0.08,1.1,7.0
02054500,LA MOSELLE A CHATEL-NOMEXY,2013-09-17,13.0,7.45,7.2,130.0,13.0,7.5,4.9,3.4,0.08,0.5,0.135,0.06,0.03,1.2,17.0
02054500,LA MOSELLE A CHATEL-NOMEXY,2013-10-15,12.0,7.4,8.8,99.0,35.0,15.9,5.6,3.3,0.08,0.6,0.107,0.1,0.02,3.5,24.0
02054500,LA MOSELLE A CHATEL-NOMEXY,2013-11-13,8.6,7.5,12.7,130.0,5.0,2.6,3.1,4.3,0.03,0.5,0.062,0.05,0.01,1.5,15.0
02055500,L'EURON A FROVILLE,2013-01-08,6.6,8.4,8.3,991.0,21.0,21.0,4.4,24.0,0.12,1.1,0.24,0.17,0.14,2.0,14.0
02055500,L'EURON A FROVILLE,2013-02-05,5.6,8.1,10.1,456.0,47.0,0.1,8.0,15.0,0.17,1.6,0.29,0.1,0.03,1.8,38.0
02055500,L'EURON A FROVILLE,2013-03-05,3.9,8.3,12.7,1100.0,24.0,16.0,3.0,22.0,0.07,0.6,0.18,0.09,0.07,2.5,9.0
02055500,L'EURON A FROVILLE,2013-04-03,5.1,8.2,12.0,1232.0,5.9,2.9,2.8,22.0,0.07,0.5,0.12,0.06,0.09,1.6,5.0
02055500,L'EURON A FROVILLE,2013-04-29,9.7,7.8,10.3,778.0,62.0,30.0,8.3,23.0,0.1,1.3,0.21,0.13,0.12,2.5,29.0
02055500,L'EURON A FROVILLE,2013-05-28,10.0,8.05,10.5,1004.0,22.0,6.9,4.6,19.0,0.14,0.7,0.25,0.09,0.17,0.8,11.0
02055500,L'EURON A FROVILLE,2013-06-25,13.0,8.1,10.3,1300.0,18.0,10.0,3.8,19.5,0.13,0.5,0.307,0.05,0.15,0.5,11.0
02055500,L'EURON A FROVILLE,2013-07-23,20.0,8.05,7.9,1700.0,21.0,4.1,2.4,17.5,0.14,0.5,0.328,0.05,0.16,0.5,11.0
02055500,L'EURON A FROVILLE,2013-08-20,16.0,8.05,8.0,1600.0,20.0,12.2,3.5,16.2,0.2,0.5,0.499,0.07,0.16,0.5,9.0
02055500,L'EURON A FROVILLE,2013-09-17,12.0,,12.2,1100.0,83.0,29.9,7.9,29.2,0.22,1.3,0.524,0.08,0.15,2.1,27.0
02055500,L'EURON A FROVILLE,2013-10-15,12.0,8.0,8.2,770.0,140.0,55.3,7.5,14.8,0.17,1.6,0.37,0.08,0.07,2.1,40.0
02055500,L'EURON A FROVILLE,2013-11-13,9.1,8.1,11.7,830.0,37.0,30.0,4.8,19.0,0.13,0.5,0.273,0.05,0.07,1.3,20.0
02055580,LE CANAL DE L'EST BRANCHE SUD A CREVECHAMPS,2013-02-05,5.4,7.6,12.1,172.0,11.0,21.0,4.3,5.1,0.07,0.6,0.12,0.1,0.03,2.0,14.0
02055580,LE CANAL DE L'EST BRANCHE SUD A CREVECHAMPS,2013-04-03,4.9,8.15,11.1,185.0,5.7,2.5,2.9,4.3,0.04,0.5,0.02,,0.03,1.9,6.0
02055580,LE CANAL DE L'EST BRANCHE SUD A CREVECHAMPS,2013-05-22,12.4,7.8,6.9,213.0,7.2,6.1,,,0.06,0.5,,,,0.9,9.0
02055580,LE CANAL DE L'EST BRANCHE SUD A CREVECHAMPS,2013-05-28,13.0,7.85,10.8,195.0,5.8,3.8,3.8,3.7,0.05,0.5,0.08,0.11,0.04,1.1,10.0
02055580,LE CANAL DE L'EST BRANCHE SUD A CREVECHAMPS,2013-06-18,23.1,7.6,9.5,184.0,4.9,2.1,,,0.06,0.6,,,,1.7,10.0
02055580,LE CANAL DE L'EST BRANCHE SUD A CREVECHAMPS,2013-07-23,25.0,7.7,7.8,260.0,8.0,1.9,3.4,3.6,0.06,0.5,0.154,0.05,0.04,0.5,22.0
02055580,LE CANAL DE L'EST BRANCHE SUD A CREVECHAMPS,2013-07-24,24.9,8.1,7.5,276.0,3.5,3.0,,,0.07,0.5,,,,0.6,10.0
02055580,LE CANAL DE L'EST BRANCHE SUD A CREVECHAMPS,2013-08-28,19.9,7.7,8.3,306.0,4.5,12.0,,,0.08,0.5,,,,1.3,11.0
02055580,LE CANAL DE L'EST BRANCHE SUD A CREVECHAMPS,2013-09-17,15.0,7.45,7.3,210.0,9.0,5.5,4.6,3.9,0.08,0.5,0.071,0.11,0.02,1.1,14.0
02055580,LE CANAL DE L'EST BRANCHE SUD A CREVECHAMPS,2013-09-25,17.7,7.8,7.2,168.0,4.3,1.8,,,0.05,0.5,,,,1.3,7.0
02055580,LE CANAL DE L'EST BRANCHE SUD A CREVECHAMPS,2013-10-23,14.4,7.6,9.4,180.0,13.0,7.0,,,0.06,0.5,,,,1.6,5.0
02055580,LE CANAL DE L'EST BRANCHE SUD A CREVECHAMPS,2013-11-13,8.3,7.8,10.0,220.0,17.0,29.0,5.1,3.9,0.1,0.5,0.184,0.06,0.03,1.3,15.0
02056200,LA MOSELLE A TONNOY,2013-01-14,5.9,7.7,11.9,213.0,3.5,3.6,3.0,5.8,0.04,0.5,0.14,0.11,0.04,2.1,14.0
02056200,LA MOSELLE A TONNOY,2013-02-11,2.8,7.7,12.4,201.0,4.8,3.9,3.0,6.8,0.06,0.5,0.12,0.12,0.02,1.9,9.0
02056200,LA MOSELLE A TONNOY,2013-03-11,6.8,7.8,10.9,173.0,9.9,6.8,3.4,4.5,0.04,0.7,0.08,0.11,0.04,0.8,11.0
02056200,LA MOSELLE A TONNOY,2013-04-08,7.3,7.65,11.0,269.0,2.0,0.35,2.9,4.1,0.02,0.5,0.08,0.05,0.04,2.1,5.0
02056200,LA MOSELLE A TONNOY,2013-05-06,12.2,7.5,12.1,211.0,12.0,9.2,4.3,4.7,0.06,0.5,0.12,0.05,0.03,0.6,13.0
02056200,LA MOSELLE A TONNOY,2013-06-03,10.3,7.4,10.1,161.0,8.5,3.4,4.1,2.9,0.04,0.5,0.08,0.05,0.03,1.0,13.0
02056200,LA MOSELLE A TONNOY,2013-07-01,16.0,,10.5,270.0,6.0,2.2,3.6,3.9,0.04,0.5,0.12,0.05,0.04,0.8,10.0
02056200,LA MOSELLE A TONNOY,2013-07-29,17.0,7.6,10.7,430.0,7.0,2.4,3.7,4.6,0.11,0.5,0.281,0.09,0.08,2.0,9.0
02056200,LA MOSELLE A TONNOY,2013-08-26,19.0,7.8,7.3,430.0,3.0,0.7,2.9,3.1,0.07,0.5,0.127,0.06,0.04,0.8,9.0
02056200,LA MOSELLE A TONNOY,2013-09-23,14.0,7.4,10.0,190.0,6.0,3.1,3.7,3.9,0.05,0.5,0.102,0.05,0.02,1.0,12.0
02056200,LA MOSELLE A TONNOY,2013-10-21,12.0,7.6,8.7,140.0,19.0,11.3,4.5,3.7,0.06,0.5,0.12,0.06,0.02,1.0,12.0
02056200,LA MOSELLE A TONNOY,2013-11-18,7.8,7.7,12.9,68.0,4.0,2.0,2.9,3.9,0.02,0.5,0.046,0.05,0.01,1.4,5.0
02057000,LA MOSELLE A MEREVILLE,2013-01-08,6.6,8.4,7.9,190.0,8.2,6.4,2.9,5.8,0.06,0.9,0.11,0.1,0.03,1.5,6.0
02057000,LA MOSELLE A MEREVILLE,2013-02-07,3.3,7.6,10.8,175.0,15.0,9.6,3.2,4.7,0.05,0.5,0.1,0.08,0.02,1.8,12.0
02057000,LA MOSELLE A MEREVILLE,2013-03-07,6.9,7.9,9.8,280.0,6.7,3.3,2.8,15.0,0.03,0.7,0.1,0.07,0.04,1.8,5.0
02057000,LA MOSELLE A MEREVILLE,2013-04-04,6.5,8.3,10.8,263.0,3.3,1.5,3.4,4.2,0.04,0.5,0.03,0.05,0.03,1.7,12.0
02057000,LA MOSELLE A MEREVILLE,2013-05-02,11.5,7.8,10.9,237.0,24.0,19.0,5.2,6.4,0.06,0.6,0.14,0.08,0.05,1.0,21.0
02057000,LA MOSELLE A MEREVILLE,2013-05-29,12.5,7.9,9.4,197.0,6.2,1.6,2.9,3.9,0.05,0.5,0.11,0.05,0.01,0.8,6.0
02057000,LA MOSELLE A MEREVILLE,2013-06-27,16.0,8.0,8.2,300.0,7.0,3.6,3.7,4.3,0.06,0.5,0.137,0.05,0.04,1.0,11.0
02057000,LA MOSELLE A MEREVILLE,2013-07-25,24.0,7.8,6.4,380.0,5.0,2.2,3.1,3.3,0.09,0.5,0.215,0.07,0.04,0.7,11.0
02057000,LA MOSELLE A MEREVILLE,2013-08-22,20.0,8.4,7.1,460.0,3.0,2.0,3.2,2.7,0.07,0.5,0.196,0.05,0.03,0.9,8.0
02057000,LA MOSELLE A MEREVILLE,2013-09-19,13.0,7.8,9.8,140.0,72.0,8.1,5.9,5.2,0.07,1.4,0.175,0.06,0.03,1.4,40.0
02057000,LA MOSELLE A MEREVILLE,2013-10-17,11.0,7.6,10.2,150.0,34.0,18.0,6.9,3.8,0.08,0.7,0.015,0.05,0.01,1.4,27.0
02057000,LA MOSELLE A MEREVILLE,2013-11-14,8.3,7.7,11.3,150.0,10.0,7.3,3.5,4.1,0.04,0.5,0.117,0.07,0.03,1.0,9.0
02057250,LE MADON A MATTAINCOURT,2013-01-08,,,,,,,,20.0,,,,,,,
02057250,LE MADON A MATTAINCOURT,2013-02-05,6.0,8.2,10.7,426.0,93.0,73.0,4.8,12.0,0.12,0.9,0.2,0.06,0.03,1.6,19.0
02057250,LE MADON A MATTAINCOURT,2013-03-05,,,,,,,,17.0,,,,,,,
02057250,LE MADON A MATTAINCOURT,2013-04-02,5.4,8.2,9.7,865.0,7.8,1.8,2.2,16.0,0.02,0.5,0.07,0.05,0.05,1.4,8.0
02057250,LE MADON A MATTAINCOURT,2013-04-29,,,,,,,,21.0,,,,,,,
02057250,LE MADON A MATTAINCOURT,2013-05-28,10.8,8.0,9.5,736.0,14.0,9.8,4.0,16.0,0.09,0.5,0.15,0.05,0.06,0.7,6.0
02057250,LE MADON A MATTAINCOURT,2013-06-26,,,,,,,,14.7,,,,,,,
02057250,LE MADON A MATTAINCOURT,2013-07-23,21.0,8.15,6.7,1100.0,3.0,5.7,2.3,12.4,0.08,0.5,0.197,0.05,0.07,0.5,6.0
02057250,LE MADON A MATTAINCOURT,2013-08-20,,,,,,,,11.5,,,,,,,
02057250,LE MADON A MATTAINCOURT,2013-09-17,12.0,8.1,9.0,810.0,40.0,34.4,6.3,28.8,0.14,1.0,0.384,0.05,0.1,1.0,12.0
02057250,LE MADON A MATTAINCOURT,2013-10-15,,,,,,,,13.8,,,,,,,
02057250,LE MADON A MATTAINCOURT,2013-11-13,9.2,8.0,10.8,590.0,26.0,27.7,3.6,14.6,0.09,0.8,0.181,0.05,0.03,1.5,15.0
02057400,LE MADON A AMBACOURT,2013-01-08,7.4,8.3,11.3,741.0,12.0,10.0,3.2,19.0,0.09,0.7,0.21,0.07,0.08,1.5,5.0
02057400,LE MADON A AMBACOURT,2013-02-05,5.7,7.9,11.4,451.0,69.0,72.0,4.8,15.0,0.13,1.2,0.22,0.07,0.03,1.5,19.0
02057400,LE MADON A AMBACOURT,2013-03-05,4.0,8.2,10.8,863.0,3.5,3.3,2.0,18.0,0.06,0.5,0.16,0.05,0.05,2.2,7.0
02057400,LE MADON A AMBACOURT,2013-04-02,5.2,8.0,10.5,874.0,4.2,1.1,2.3,20.0,0.05,0.5,0.16,0.05,0.04,1.4,6.0
02057400,LE MADON A AMBACOURT,2013-04-29,9.5,8.0,10.0,519.0,52.0,23.0,7.2,21.0,0.1,1.2,0.25,0.18,0.11,2.9,25.0
02057400,LE MADON A AMBACOURT,2013-05-28,11.1,8.2,10.4,719.0,11.0,8.2,3.8,15.0,0.07,0.5,0.18,0.05,0.06,0.7,7.0
02057400,LE MADON A AMBACOURT,2013-06-26,14.0,7.7,7.5,970.0,11.0,3.3,3.9,15.7,0.08,1.0,0.289,0.07,0.11,0.9,12.0
02057400,LE MADON A AMBACOURT,2013-07-23,23.0,7.9,7.4,1100.0,9.0,6.2,2.5,9.7,0.08,0.7,0.152,0.05,0.04,0.5,12.0
02057400,LE MADON A AMBACOURT,2013-08-20,19.0,8.2,9.9,1100.0,7.0,4.1,2.3,9.0,0.1,0.5,0.279,0.05,0.03,0.9,5.0
02057400,LE MADON A AMBACOURT,2013-09-17,13.0,8.25,9.5,840.0,20.0,15.1,4.8,19.5,0.15,0.7,0.375,0.05,0.07,0.8,12.0
02057400,LE MADON A AMBACOURT,2013-10-15,12.0,8.0,9.6,530.0,170.0,12.4,7.4,14.0,0.21,1.5,0.31,0.09,0.06,2.4,33.0
02057400,LE MADON A AMBACOURT,2013-11-13,9.0,8.2,11.8,590.0,24.0,24.6,4.0,13.5,0.1,0.5,0.205,0.05,0.03,1.4,14.0
02057520,LE MADON A CEINTREY,2013-01-08,7.0,8.4,8.5,778.0,13.0,13.0,3.3,21.0,0.1,0.7,0.21,0.07,0.08,1.3,7.0
02057520,LE MADON A CEINTREY,2013-02-05,5.6,8.25,11.5,529.0,77.0,63.0,4.2,14.0,0.13,1.0,0.22,0.06,0.03,1.2,15.0
02057520,LE MADON A CEINTREY,2013-03-05,3.9,8.2,12.2,949.0,4.8,4.1,2.4,17.0,0.07,0.7,0.14,0.05,0.05,1.9,6.0
02057520,LE MADON A CEINTREY,2013-04-02,5.7,8.3,9.1,913.0,3.8,17.0,2.3,15.0,0.05,0.5,0.09,0.05,0.05,1.5,12.0
02057520,LE MADON A CEINTREY,2013-04-29,9.5,8.1,9.8,477.0,99.0,63.0,8.9,24.0,0.12,1.5,0.26,0.13,0.13,3.2,32.0
02057520,LE MADON A CEINTREY,2013-05-28,11.9,8.2,10.3,749.0,12.0,9.3,4.5,15.0,0.09,0.5,0.19,0.05,0.06,0.7,10.0
02057520,LE MADON A CEINTREY,2013-06-26,16.0,7.95,7.0,840.0,16.0,11.0,8.9,16.8,0.18,1.3,0.374,0.12,0.24,1.5,23.0
02057520,LE MADON A CEINTREY,2013-07-23,25.0,8.1,6.0,1200.0,9.0,6.1,3.0,5.6,0.04,0.5,0.118,0.06,0.05,0.5,12.0
02057520,LE MADON A CEINTREY,2013-08-20,20.0,8.1,7.7,1100.0,12.0,9.8,4.6,9.3,0.13,0.7,0.32,0.05,0.04,1.1,12.0
02057520,LE MADON A CEINTREY,2013-09-17,14.0,8.25,8.4,1500.0,16.0,9.2,3.1,8.6,0.13,0.5,0.353,0.06,0.04,0.7,7.0
02057520,LE MADON A CEINTREY,2013-10-15,11.0,8.2,9.2,790.0,39.0,26.6,5.3,15.9,0.13,0.8,0.241,0.05,0.04,2.5,19.0
02057520,LE MADON A CEINTREY,2013-11-13,8.9,8.2,11.6,580.0,31.0,34.9,4.4,13.3,0.12,0.6,0.238,0.05,0.03,1.3,18.0
02057600,LE BRENON A AUTREY,2013-01-08,,,,,,,,22.0,,,,,,,
02057600,LE BRENON A AUTREY,2013-02-05,5.6,8.15,11.1,465.0,71.0,71.0,4.5,15.0,0.16,0.9,0.23,0.09,0.03,1.4,20.0
02057600,LE BRENON A AUTREY,2013-03-05,,,,,,,,15.0,,,,,,,
02057600,LE BRENON A AUTREY,2013-04-02,4.0,8.3,9.0,593.0,3.0,1.1,2.6,22.0,0.02,0.5,0.07,0.05,0.07,1.7,12.0
02057600,LE BRENON A AUTREY,2013-04-29,,,,,,,,20.0,,,,,,,
02057600,LE BRENON A AUTREY,2013-05-28,12.2,8.2,10.4,591.0,6.9,5.2,3.8,12.0,0.09,0.5,0.16,0.05,0.07,1.1,7.0
02057600,LE BRENON A AUTREY,2013-06-26,,,,,,,,10.9,,,,,,,
02057600,LE BRENON A AUTREY,2013-07-23,23.0,8.05,5.0,670.0,3.0,1.9,4.5,3.4,0.11,0.8,0.346,0.05,0.04,0.5,19.0
02057600,LE BRENON A AUTREY,2013-08-20,,,,,,,,3.4,,,,,,,
02057600,LE BRENON A AUTREY,2013-09-17,13.0,8.2,9.0,580.0,19.0,8.8,6.0,12.2,0.18,0.8,0.442,0.05,0.08,1.5,15.0
02057600,LE BRENON A AUTREY,2013-10-15,,,,,,,,16.5,,,,,,,
02057600,LE BRENON A AUTREY,2013-11-13,9.1,8.3,11.6,570.0,29.0,13.7,2.6,13.0,0.12,0.5,0.257,0.1,0.07,1.4,11.0
02058000,LE MADON A XEUILLEY,2013-01-08,6.9,8.2,8.4,738.0,13.0,14.0,3.4,22.0,0.09,0.9,0.21,0.08,0.08,1.7,10.0
02058000,LE MADON A XEUILLEY,2013-02-05,5.3,8.2,11.9,502.0,63.0,69.0,4.3,17.0,0.15,0.9,0.24,0.1,0.04,1.7,18.0
02058000,LE MADON A XEUILLEY,2013-03-05,4.2,8.35,9.7,891.0,4.6,3.8,2.4,17.0,0.05,0.6,0.14,0.06,0.05,2.2,5.0
02058000,LE MADON A XEUILLEY,2013-04-02,5.8,8.3,9.9,856.0,3.3,0.91,2.2,16.0,0.04,0.5,0.09,0.05,0.05,1.9,10.0
02058000,LE MADON A XEUILLEY,2013-04-29,9.7,8.0,10.4,478.0,98.0,69.0,8.7,24.0,0.14,1.5,0.28,0.13,0.13,3.3,32.0
02058000,LE MADON A XEUILLEY,2013-05-28,11.9,8.2,10.5,709.0,12.0,10.0,3.7,15.0,0.08,0.5,0.18,0.05,0.06,0.8,9.0
02058000,LE MADON A XEUILLEY,2013-06-26,16.0,8.0,7.1,760.0,17.0,7.0,8.3,15.7,0.17,1.2,0.359,0.11,0.21,1.5,22.0
02058000,LE MADON A XEUILLEY,2013-07-23,24.0,7.95,6.2,1100.0,4.0,1.3,3.5,5.6,0.06,1.7,0.103,0.07,0.09,0.5,9.0
02058000,LE MADON A XEUILLEY,2013-08-20,20.0,8.15,8.1,1100.0,6.0,2.9,3.3,6.7,0.11,0.5,0.294,0.05,0.04,1.3,8.0
02058000,LE MADON A XEUILLEY,2013-09-17,15.0,8.3,9.2,1400.0,17.0,4.5,3.3,9.6,0.14,0.5,0.351,0.08,0.04,0.9,9.0
02058000,LE MADON A XEUILLEY,2013-10-15,12.0,8.2,10.0,740.0,48.0,37.3,6.0,17.0,0.16,1.1,0.285,0.05,0.05,3.4,20.0
02058000,LE MADON A XEUILLEY,2013-11-13,8.8,8.2,12.0,570.0,55.0,35.5,4.5,13.9,0.13,0.5,0.245,0.05,0.03,1.5,15.0
02059500,LA MOSELLE A PIERRE-LA-TREICHE,2013-01-14,4.7,8.3,11.7,343.0,5.3,5.4,3.1,8.6,0.07,0.5,0.15,0.12,0.05,2.4,5.0
02059500,LA MOSELLE A PIERRE-LA-TREICHE,2013-02-07,4.0,8.0,10.8,263.0,47.0,22.0,2.8,7.3,0.08,0.5,0.13,0.07,0.02,1.6,17.0
02059500,LA MOSELLE A PIERRE-LA-TREICHE,2013-03-07,5.8,8.1,9.5,410.0,5.1,4.7,2.6,12.0,0.06,0.7,0.12,0.08,0.04,1.6,6.0
02059500,LA MOSELLE A PIERRE-LA-TREICHE,2013-04-04,7.0,8.3,10.9,364.0,5.5,2.0,2.5,6.4,0.06,0.5,0.03,0.05,0.03,2.3,16.0
02059500,LA MOSELLE A PIERRE-LA-TREICHE,2013-05-02,10.8,8.1,9.8,366.0,27.0,41.0,6.0,13.0,0.1,1.0,0.22,0.09,0.08,1.5,19.0
02059500,LA MOSELLE A PIERRE-LA-TREICHE,2013-05-29,12.0,8.1,10.0,309.0,9.0,3.6,3.4,5.9,0.06,0.5,0.13,0.05,0.01,0.8,9.0
02059500,LA MOSELLE A PIERRE-LA-TREICHE,2013-06-27,17.0,7.8,7.8,410.0,8.0,4.9,4.4,6.3,0.07,0.6,0.186,0.11,0.08,0.8,14.0
02059500,LA MOSELLE A PIERRE-LA-TREICHE,2013-07-25,24.0,8.05,5.7,450.0,5.0,3.5,3.5,3.0,0.06,0.8,0.117,0.13,0.06,0.5,13.0
02059500,LA MOSELLE A PIERRE-LA-TREICHE,2013-08-22,20.0,8.45,7.7,580.0,9.0,6.8,3.8,1.9,0.04,0.6,0.1,0.05,0.04,1.7,14.0
02059500,LA MOSELLE A PIERRE-LA-TREICHE,2013-09-19,14.0,8.0,9.5,500.0,30.0,7.8,5.0,9.0,0.12,0.7,0.227,0.08,0.06,0.9,15.0
02059500,LA MOSELLE A PIERRE-LA-TREICHE,2013-10-17,12.0,8.0,11.5,220.0,68.0,41.5,8.4,7.5,0.16,1.0,0.17,0.07,0.03,1.9,29.0
02059500,LA MOSELLE A PIERRE-LA-TREICHE,2013-11-14,8.0,8.0,11.8,230.0,15.0,13.0,3.8,5.7,0.06,0.5,0.129,0.05,0.03,1.6,9.0
02060500,LA MOSELLE A GONDREVILLE,2013-01-14,5.0,8.3,11.5,365.0,4.4,4.9,2.9,10.0,0.06,0.5,0.16,0.1,0.06,1.9,5.0
02060500,LA MOSELLE A GONDREVILLE,2013-02-07,4.3,7.9,11.1,270.0,20.0,22.0,3.0,7.5,0.07,0.5,0.13,0.07,0.02,1.3,13.0
02060500,LA MOSELLE A GONDREVILLE,2013-03-07,5.9,8.0,11.0,438.0,7.9,5.5,2.4,10.0,0.06,0.6,0.17,0.08,0.04,1.7,13.0
02060500,LA MOSELLE A GONDREVILLE,2013-04-04,7.5,8.4,12.4,395.0,3.5,0.96,2.5,7.3,0.03,0.5,0.015,0.05,0.03,1.7,9.0
02060500,LA MOSELLE A GONDREVILLE,2013-05-02,10.8,7.9,10.7,386.0,26.0,39.0,5.8,14.0,0.09,0.9,0.22,0.11,0.09,1.5,25.0
02060500,LA MOSELLE A GONDREVILLE,2013-05-29,12.0,7.7,10.0,337.0,9.2,4.5,2.9,6.9,0.06,0.5,0.13,0.05,0.01,0.8,11.0
02060500,LA MOSELLE A GONDREVILLE,2013-06-27,17.0,7.7,7.1,590.0,9.0,2.1,4.3,6.3,0.08,0.7,0.201,0.09,0.09,0.9,10.0
02060500,LA MOSELLE A GONDREVILLE,2013-07-25,24.0,7.8,5.1,440.0,3.0,1.7,3.5,4.1,0.08,0.9,0.172,0.11,0.08,0.5,12.0
02060500,LA MOSELLE A GONDREVILLE,2013-08-22,21.0,8.0,6.9,580.0,3.0,2.8,3.6,3.0,0.06,0.5,0.143,0.09,0.03,0.8,9.0
02060500,LA MOSELLE A GONDREVILLE,2013-09-19,15.0,8.05,9.9,520.0,31.0,12.2,4.6,7.5,0.12,0.6,0.27,0.07,0.05,0.9,16.0
02060500,LA MOSELLE A GONDREVILLE,2013-10-17,12.0,7.8,10.8,230.0,110.0,47.1,8.7,8.0,0.12,1.4,0.389,0.15,0.16,1.9,26.0
02060500,LA MOSELLE A GONDREVILLE,2013-11-14,8.3,7.8,11.9,240.0,15.0,13.5,3.8,6.5,0.06,0.5,0.158,0.08,0.03,1.4,9.0
02060750,LA MOSELLE A LIVERDUN,2013-01-14,4.8,7.85,10.8,376.0,4.7,4.7,2.9,11.0,0.07,0.5,0.2,0.16,0.06,3.6,12.0
02060750,LA MOSELLE A LIVERDUN,2013-02-11,3.0,8.05,11.9,345.0,11.0,7.6,3.6,10.0,,0.5,0.1,0.11,0.03,2.4,10.0
02060750,LA MOSELLE A LIVERDUN,2013-03-11,7.0,8.2,10.0,369.0,6.4,4.5,2.8,8.5,0.04,0.6,0.07,0.09,0.04,0.9,8.0
02060750,LA MOSELLE A LIVERDUN,2013-04-08,7.3,8.6,11.6,410.0,5.3,2.9,2.8,8.9,0.38,0.6,0.018,0.05,0.03,3.3,5.0
02060750,LA MOSELLE A LIVERDUN,2013-05-06,13.2,7.85,11.4,338.0,28.0,44.0,6.3,10.0,0.1,0.8,0.22,0.08,0.07,0.8,21.0
02060750,LA MOSELLE A LIVERDUN,2013-05-22,11.5,7.9,8.1,323.0,91.0,41.0,,,0.14,1.2,,,,2.2,32.0
02060750,LA MOSELLE A LIVERDUN,2013-06-03,12.3,7.8,10.0,280.0,16.0,20.0,5.9,7.2,0.08,0.6,0.12,0.11,0.05,1.2,15.0
02060750,LA MOSELLE A LIVERDUN,2013-06-18,22.0,7.7,9.9,383.0,9.2,3.0,,,0.05,0.8,,,,2.2,11.0
02060750,LA MOSELLE A LIVERDUN,2013-07-01,21.0,7.5,6.5,410.0,8.0,4.2,5.0,7.6,0.08,0.6,0.243,0.09,0.08,0.6,11.0
02060750,LA MOSELLE A LIVERDUN,2013-07-24,26.2,8.7,8.3,446.0,4.8,3.0,,,0.04,0.5,,,,1.2,12.0
02060750,LA MOSELLE A LIVERDUN,2013-07-29,25.0,7.8,8.8,440.0,8.0,6.0,3.5,4.0,0.07,0.6,0.145,0.14,0.06,1.7,8.0
02060750,LA MOSELLE A LIVERDUN,2013-08-26,19.0,8.1,6.7,530.0,5.0,1.9,3.8,3.4,0.06,0.7,0.114,0.17,0.04,0.7,11.0
02060750,LA MOSELLE A LIVERDUN,2013-08-28,20.5,7.9,8.1,562.0,3.8,5.0,,,0.08,0.5,,,,1.5,10.0
02060750,LA MOSELLE A LIVERDUN,2013-09-23,14.0,7.65,9.9,280.0,8.0,7.2,5.6,9.2,0.08,1.0,0.168,0.08,0.04,1.2,16.0
02060750,LA MOSELLE A LIVERDUN,2013-09-25,16.2,7.8,9.1,290.0,4.7,1.0,,,0.07,0.7,,,,1.2,11.0
02060750,LA MOSELLE A LIVERDUN,2013-10-21,13.0,8.0,8.8,290.0,15.0,16.1,4.5,9.0,0.08,0.8,0.16,0.12,0.04,1.3,15.0
02060750,LA MOSELLE A LIVERDUN,2013-10-22,14.5,7.9,10.3,285.0,16.0,13.0,,,0.08,0.5,,,,1.1,19.0
02060750,LA MOSELLE A LIVERDUN,2013-11-18,7.9,7.9,12.6,300.0,48.0,10.1,3.0,7.7,0.06,0.5,0.127,0.07,0.03,1.9,6.0
02061500,LA MEURTHE A FRAIZE,2013-01-14,3.9,8.2,10.5,84.0,2.5,1.6,1.4,3.5,0.02,0.5,0.07,0.05,0.01,2.0,6.0
02061500,LA MEURTHE A FRAIZE,2013-02-11,2.6,7.6,12.2,93.0,3.7,2.0,1.6,3.3,0.04,0.7,0.08,0.05,0.01,3.1,6.0
02061500,LA MEURTHE A FRAIZE,2013-03-11,4.8,7.65,12.0,77.0,4.0,1.4,2.0,2.8,0.04,0.5,0.04,0.06,0.01,0.8,5.0
02061500,LA MEURTHE A FRAIZE,2013-04-08,3.9,7.5,12.0,83.0,2.0,0.22,1.2,2.9,0.01,0.5,0.06,0.05,0.01,1.1,5.0
02061500,LA MEURTHE A FRAIZE,2013-05-06,8.2,7.4,11.0,70.0,3.6,1.5,1.7,2.4,0.03,0.5,0.08,0.05,0.01,0.5,5.0
02061500,LA MEURTHE A FRAIZE,2013-06-03,7.6,7.4,11.2,71.0,8.5,2.4,2.3,2.3,0.03,0.5,0.03,0.05,0.01,1.1,14.0
02061500,LA MEURTHE A FRAIZE,2013-07-01,10.0,6.95,12.0,81.0,3.0,0.5,2.1,2.4,0.02,0.5,0.042,0.05,0.01,0.6,5.0
02061500,LA MEURTHE A FRAIZE,2013-07-29,16.0,7.95,8.5,99.0,5.0,1.1,2.2,3.3,0.04,0.5,0.105,0.05,0.03,1.6,9.0
02061500,LA MEURTHE A FRAIZE,2013-08-26,13.0,7.0,10.1,90.0,3.0,1.4,1.8,2.9,0.06,0.5,0.133,0.09,0.07,1.3,8.0
02061500,LA MEURTHE A FRAIZE,2013-09-23,11.0,8.2,9.7,80.0,3.0,1.0,2.0,2.6,0.03,0.5,0.043,0.05,0.01,0.8,5.0
02061500,LA MEURTHE A FRAIZE,2013-10-21,10.0,7.4,10.5,83.0,5.0,2.4,2.9,2.7,0.03,0.5,0.053,0.05,0.01,1.2,7.0
02061500,LA MEURTHE A FRAIZE,2013-11-18,5.9,7.9,11.8,86.0,4.0,0.6,1.6,2.8,0.02,0.5,0.054,0.06,0.01,1.8,5.0
02061970,LA PETITE MEURTHE A BAN-SUR-MEURTHE-CLEFCY (CLEFCY),2013-01-09,5.0,7.2,12.1,39.0,2.0,0.73,1.8,2.1,0.03,0.5,0.04,0.05,0.01,0.5,5.0
02061970,LA PETITE MEURTHE A BAN-SUR-MEURTHE-CLEFCY (CLEFCY),2013-02-07,3.2,6.85,12.5,46.0,2.7,0.83,1.9,2.0,0.01,0.5,0.04,0.05,0.01,1.2,5.0
02061970,LA PETITE MEURTHE A BAN-SUR-MEURTHE-CLEFCY (CLEFCY),2013-03-06,4.4,8.1,11.6,47.0,2.0,0.51,1.5,2.3,0.01,0.5,0.02,0.05,0.01,2.2,5.0
02061970,LA PETITE MEURTHE A BAN-SUR-MEURTHE-CLEFCY (CLEFCY),2013-04-03,3.6,7.45,12.8,46.0,2.0,0.38,5.0,1.6,0.01,0.5,0.015,0.05,0.01,1.2,7.0
02061970,LA PETITE MEURTHE A BAN-SUR-MEURTHE-CLEFCY (CLEFCY),2013-05-02,8.6,7.3,10.6,45.0,3.2,0.69,2.0,1.4,0.01,0.5,0.03,0.05,0.01,0.8,12.0
02061970,LA PETITE MEURTHE A BAN-SUR-MEURTHE-CLEFCY (CLEFCY),2013-05-30,7.6,7.3,11.2,44.0,2.0,0.61,2.1,1.3,0.02,0.5,0.05,0.05,0.01,0.9,5.0
02061970,LA PETITE MEURTHE A BAN-SUR-MEURTHE-CLEFCY (CLEFCY),2013-06-26,9.8,6.9,10.0,52.0,2.0,0.8,2.7,1.6,0.02,0.5,0.05,0.05,0.01,0.6,7.0
02061970,LA PETITE MEURTHE A BAN-SUR-MEURTHE-CLEFCY (CLEFCY),2013-07-24,14.0,7.05,9.5,53.0,7.0,0.8,1.7,2.0,0.02,0.5,0.033,0.05,0.01,0.6,5.0
02061970,LA PETITE MEURTHE A BAN-SUR-MEURTHE-CLEFCY (CLEFCY),2013-08-21,10.0,7.6,10.3,55.0,2.0,0.9,1.2,2.0,0.01,0.5,0.042,0.05,0.01,0.5,5.0
02061970,LA PETITE MEURTHE A BAN-SUR-MEURTHE-CLEFCY (CLEFCY),2013-09-18,11.0,6.8,8.2,37.0,9.0,2.6,5.3,1.3,0.02,0.5,0.039,0.05,0.01,0.9,15.0
02061970,LA PETITE MEURTHE A BAN-SUR-MEURTHE-CLEFCY (CLEFCY),2013-10-16,9.1,6.8,10.0,42.0,8.0,2.8,5.4,1.9,0.01,0.5,0.032,0.05,0.01,1.2,17.0
02061970,LA PETITE MEURTHE A BAN-SUR-MEURTHE-CLEFCY (CLEFCY),2013-11-14,7.1,6.6,12.4,34.0,4.0,1.4,1.8,1.8,0.01,0.5,0.025,0.05,0.01,0.9,5.0
02063000,LA MEURTHE A GRATIN,2013-01-09,5.2,7.2,12.2,86.0,4.3,3.7,2.1,4.3,0.05,0.9,0.09,0.09,0.02,0.5,5.0
02063000,LA MEURTHE A GRATIN,2013-02-07,5.1,7.2,12.0,94.0,22.0,10.0,2.4,4.1,0.04,0.6,0.09,0.05,0.01,1.2,11.0
02063000,LA MEURTHE A GRATIN,2013-03-06,4.5,8.3,11.0,103.0,5.5,3.8,1.9,4.3,0.02,0.5,0.06,0.05,0.02,2.3,5.0
02063000,LA MEURTHE A GRATIN,2013-04-03,4.6,7.7,12.6,96.0,2.4,1.3,1.6,3.5,0.03,0.5,0.06,0.05,0.01,1.3,5.0
02063000,LA MEURTHE A GRATIN,2013-05-02,10.2,7.6,11.2,96.0,7.4,3.0,2.3,3.0,0.05,0.5,0.1,0.06,0.03,1.1,17.0
02063000,LA MEURTHE A GRATIN,2013-05-30,8.7,7.5,11.2,86.0,14.0,7.3,2.9,3.2,0.03,0.5,0.07,0.05,0.03,1.3,5.0
02063000,LA MEURTHE A GRATIN,2013-06-26,12.0,7.6,9.5,110.0,5.0,2.4,2.8,3.4,0.05,0.5,0.094,0.05,0.03,0.9,8.0
02063000,LA MEURTHE A GRATIN,2013-07-24,18.0,7.7,8.5,130.0,9.0,5.7,3.2,4.7,0.06,0.5,0.166,0.09,0.11,0.7,11.0
02063000,LA MEURTHE A GRATIN,2013-08-21,14.0,7.3,9.2,130.0,5.0,2.8,2.1,4.4,0.07,0.5,0.162,0.06,0.06,0.5,7.0
02063000,LA MEURTHE A GRATIN,2013-09-18,12.0,7.5,8.1,97.0,50.0,18.0,5.2,3.3,0.06,0.7,0.116,0.05,0.02,1.5,22.0
02063000,LA MEURTHE A GRATIN,2013-10-16,11.0,6.8,9.8,74.0,79.0,61.6,6.4,4.5,0.04,0.7,0.097,0.05,0.01,0.9,32.0
02063000,LA MEURTHE A GRATIN,2013-11-14,7.7,7.3,12.3,69.0,9.0,5.4,2.4,3.5,0.03,0.5,0.088,0.05,0.02,1.0,5.0
02064000,LA MEURTHE A LA VOIVRE,2013-01-09,4.9,7.4,12.2,110.0,6.0,5.1,2.2,4.3,0.06,1.1,0.11,0.11,0.02,0.5,5.0
02064000,LA MEURTHE A LA VOIVRE,2013-02-07,4.8,8.0,11.9,121.0,18.0,15.0,2.7,5.7,0.06,0.5,0.13,0.12,0.01,1.2,18.0
02064000,LA MEURTHE A LA VOIVRE,2013-03-06,5.0,8.0,10.7,125.0,5.2,4.6,2.1,4.4,0.05,0.5,0.07,0.13,0.03,2.6,5.0
02064000,LA MEURTHE A LA VOIVRE,2013-04-03,5.6,7.95,12.7,118.0,3.1,2.2,2.2,3.7,0.11,0.5,0.07,0.14,0.03,1.3,6.0
02064000,LA MEURTHE A LA VOIVRE,2013-05-02,10.9,7.5,9.5,120.0,11.0,2.8,2.6,4.7,0.06,0.5,0.1,0.1,0.04,1.2,15.0
02064000,LA MEURTHE A LA VOIVRE,2013-05-30,9.4,8.0,11.2,100.0,12.0,5.7,2.8,3.2,0.04,0.5,0.13,0.12,0.03,1.4,5.0
02064000,LA MEURTHE A LA VOIVRE,2013-06-26,13.0,7.7,9.1,130.0,6.0,2.0,3.0,3.6,0.07,0.5,0.123,0.1,0.06,0.9,10.0
02064000,LA MEURTHE A LA VOIVRE,2013-07-24,19.0,6.5,6.5,170.0,19.0,10.7,4.5,8.2,0.1,0.9,0.13,0.12,0.15,2.9,17.0
02064000,LA MEURTHE A LA VOIVRE,2013-08-21,14.0,7.5,9.0,160.0,5.0,2.6,2.1,4.6,0.09,0.5,0.19,0.09,0.1,0.8,6.0
02064000,LA MEURTHE A LA VOIVRE,2013-09-18,12.0,7.1,5.7,110.0,41.0,7.3,5.3,3.3,0.13,0.8,0.181,0.17,0.04,1.8,24.0
02064000,LA MEURTHE A LA VOIVRE,2013-10-16,11.0,6.7,8.4,84.0,98.0,43.9,6.8,4.6,0.12,0.9,0.115,0.07,0.01,1.9,34.0
02064000,LA MEURTHE A LA VOIVRE,2013-11-14,8.0,7.3,9.8,89.0,9.0,7.0,2.8,3.9,0.04,0.5,0.083,0.09,0.01,1.4,5.0
02064770,LE RABODEAU A MOYENMOUTIER (AMONT),2013-01-09,,,,,,,,5.1,,,,,,,
02064770,LE RABODEAU A MOYENMOUTIER (AMONT),2013-02-07,4.0,7.6,12.4,106.0,18.0,7.6,1.9,5.0,0.04,0.5,0.1,0.06,0.01,1.1,17.0
02064770,LE RABODEAU A MOYENMOUTIER (AMONT),2013-03-06,,,,,,,,4.9,,,,,,,
02064770,LE RABODEAU A MOYENMOUTIER (AMONT),2013-04-03,4.7,7.85,12.9,101.0,2.2,1.1,1.2,4.7,0.06,0.5,0.1,0.05,0.01,1.2,5.0
02064770,LE RABODEAU A MOYENMOUTIER (AMONT),2013-05-02,,,,,,,,3.9,,,,,,,
02064770,LE RABODEAU A MOYENMOUTIER (AMONT),2013-05-30,8.8,7.6,11.2,97.0,9.6,4.6,2.4,4.0,0.12,0.5,0.34,0.05,0.01,1.2,5.0
02064770,LE RABODEAU A MOYENMOUTIER (AMONT),2013-06-26,,,,,,,,3.7,,,,,,,
02064770,LE RABODEAU A MOYENMOUTIER (AMONT),2013-07-24,16.0,7.45,9.5,120.0,7.0,4.1,2.9,3.9,0.16,0.5,0.445,0.05,0.03,0.5,9.0
02064770,LE RABODEAU A MOYENMOUTIER (AMONT),2013-08-21,,,,,,,,4.2,,,,,,,
02064770,LE RABODEAU A MOYENMOUTIER (AMONT),2013-09-18,12.0,7.55,8.0,79.0,62.0,21.1,6.4,3.3,0.07,0.9,0.14,0.07,0.01,1.7,46.0
02064770,LE RABODEAU A MOYENMOUTIER (AMONT),2013-10-16,,,,,,,,4.4,,,,,,,
02064770,LE RABODEAU A MOYENMOUTIER (AMONT),2013-11-14,8.2,7.7,13.0,84.0,8.0,5.1,1.9,4.3,0.06,0.5,0.139,0.12,0.01,1.5,5.0
02065090,LA PLAINE A RAON-SUR-PLAINE,2013-01-09,5.4,7.5,12.2,79.0,2.6,2.0,1.8,3.6,0.03,0.5,0.06,0.05,0.01,0.5,5.0
02065090,LA PLAINE A RAON-SUR-PLAINE,2013-02-07,2.7,7.5,11.9,76.0,9.0,2.6,1.7,3.7,0.02,0.5,0.05,0.05,0.01,1.1,12.0
02065090,LA PLAINE A RAON-SUR-PLAINE,2013-03-06,4.9,8.0,10.0,87.0,2.4,1.4,1.6,5.5,0.03,0.5,0.05,0.06,0.01,2.4,5.0
02065090,LA PLAINE A RAON-SUR-PLAINE,2013-04-03,5.0,7.8,12.3,84.0,2.0,0.6,1.3,2.8,0.02,0.5,0.03,0.05,0.02,1.0,5.0
02065090,LA PLAINE A RAON-SUR-PLAINE,2013-05-02,9.6,7.9,9.6,95.0,2.0,1.3,1.8,2.8,0.02,0.5,0.05,0.05,0.01,0.6,11.0
02065090,LA PLAINE A RAON-SUR-PLAINE,2013-05-30,8.8,7.5,11.1,77.0,8.3,5.0,3.7,2.2,0.03,0.5,0.07,0.05,0.02,1.2,8.0
02065090,LA PLAINE A RAON-SUR-PLAINE,2013-06-26,11.0,7.5,9.4,97.0,2.0,0.7,2.1,2.6,0.03,0.5,0.059,0.05,0.01,0.6,5.0
02065090,LA PLAINE A RAON-SUR-PLAINE,2013-07-24,15.0,7.6,8.9,93.0,2.0,0.9,1.8,2.4,0.02,0.5,0.052,0.05,0.01,0.5,12.0
02065090,LA PLAINE A RAON-SUR-PLAINE,2013-08-21,12.0,7.5,10.3,99.0,3.0,0.8,1.5,2.6,0.02,0.5,0.074,0.05,0.01,0.5,12.0
02065090,LA PLAINE A RAON-SUR-PLAINE,2013-09-18,12.0,7.4,8.0,69.0,14.0,5.8,4.7,3.3,0.02,0.5,0.032,0.05,0.01,0.5,14.0
02065090,LA PLAINE A RAON-SUR-PLAINE,2013-10-16,10.0,6.4,8.4,61.0,21.0,7.6,3.9,3.7,0.03,0.5,0.047,0.05,0.01,1.4,15.0
02065090,LA PLAINE A RAON-SUR-PLAINE,2013-11-14,7.6,7.6,12.3,68.0,3.0,1.8,2.1,3.2,0.02,0.5,0.028,0.05,0.01,1.2,5.0
02065280,LA PLAINE A CELLES-SUR-PLAINE (LA SOYE),2013-01-09,5.6,7.3,12.1,74.0,5.7,2.1,2.0,3.1,0.04,0.5,0.06,0.05,0.01,0.5,6.0
02065280,LA PLAINE A CELLES-SUR-PLAINE (LA SOYE),2013-02-07,3.0,7.5,11.7,69.0,18.0,2.6,2.3,3.2,0.02,0.5,0.05,0.05,0.01,1.1,14.0
02065280,LA PLAINE A CELLES-SUR-PLAINE (LA SOYE),2013-03-06,5.1,7.7,10.5,78.0,3.0,1.4,1.9,2.9,0.01,0.5,0.05,0.05,0.01,2.2,14.0
02065280,LA PLAINE A CELLES-SUR-PLAINE (LA SOYE),2013-04-03,5.0,7.65,12.7,77.0,3.4,0.8,2.7,2.3,0.02,0.5,0.07,0.05,0.01,1.2,5.0
02065280,LA PLAINE A CELLES-SUR-PLAINE (LA SOYE),2013-05-02,9.6,7.85,10.7,82.0,3.5,2.0,2.1,2.6,0.02,0.5,0.07,0.05,0.01,0.8,12.0
02065280,LA PLAINE A CELLES-SUR-PLAINE (LA SOYE),2013-05-30,9.4,7.7,11.1,75.0,8.2,3.0,3.1,2.5,0.03,0.5,0.11,0.05,0.01,1.1,10.0
02065280,LA PLAINE A CELLES-SUR-PLAINE (LA SOYE),2013-06-26,11.0,7.35,9.9,89.0,5.0,1.6,3.0,2.4,0.03,0.5,0.069,0.06,0.01,1.0,7.0
02065280,LA PLAINE A CELLES-SUR-PLAINE (LA SOYE),2013-07-24,15.0,7.4,8.3,89.0,5.0,2.7,2.8,2.3,0.02,0.5,0.053,0.05,0.01,0.5,8.0
02065280,LA PLAINE A CELLES-SUR-PLAINE (LA SOYE),2013-08-21,13.0,7.5,10.5,97.0,10.0,9.4,1.8,2.7,0.04,0.5,0.104,0.06,0.04,0.5,8.0
02065280,LA PLAINE A CELLES-SUR-PLAINE (LA SOYE),2013-09-18,12.0,7.4,7.5,64.0,45.0,18.5,7.1,2.5,0.03,0.7,0.07,0.05,0.01,1.2,30.0
02065280,LA PLAINE A CELLES-SUR-PLAINE (LA SOYE),2013-10-16,9.8,6.7,8.4,51.0,29.0,13.6,6.0,3.1,0.01,0.5,0.015,0.05,0.01,1.6,19.0
02065280,LA PLAINE A CELLES-SUR-PLAINE (LA SOYE),2013-11-14,7.6,7.5,11.5,65.0,9.0,4.3,2.4,2.7,0.02,0.5,0.04,0.05,0.02,1.2,9.0
02065500,LA PLAINE A RAON-L'ETAPE,2013-01-09,5.7,7.3,11.9,91.0,23.0,2.8,3.2,2.8,0.08,1.3,0.17,0.42,0.03,2.0,9.0
02065500,LA PLAINE A RAON-L'ETAPE,2013-02-07,3.8,7.45,11.8,95.0,14.0,9.4,3.5,2.9,0.03,0.5,0.07,0.06,0.01,1.8,16.0
02065500,LA PLAINE A RAON-L'ETAPE,2013-03-06,4.5,7.9,11.7,86.0,2.9,0.1,2.0,4.0,0.04,0.5,0.04,0.07,0.01,2.4,7.0
02065500,LA PLAINE A RAON-L'ETAPE,2013-04-03,5.4,7.7,12.8,80.0,2.0,0.95,1.9,2.1,0.17,0.5,0.02,0.05,0.01,0.9,5.0
02065500,LA PLAINE A RAON-L'ETAPE,2013-05-02,11.3,7.85,9.7,91.0,4.9,1.8,3.2,2.2,0.04,0.6,0.06,0.06,0.02,1.1,20.0
02065500,LA PLAINE A RAON-L'ETAPE,2013-05-30,10.7,7.5,10.6,83.0,2.3,1.6,2.4,3.1,0.03,0.5,0.07,0.05,0.01,1.1,5.0
02065500,LA PLAINE A RAON-L'ETAPE,2013-06-26,15.0,7.5,8.7,88.0,3.0,1.6,3.5,2.0,0.03,0.5,0.058,0.07,0.03,1.0,10.0
02065500,LA PLAINE A RAON-L'ETAPE,2013-07-24,20.0,7.4,8.5,97.0,11.0,3.2,3.0,1.5,0.02,0.5,0.03,0.05,0.02,0.5,9.0
02065500,LA PLAINE A RAON-L'ETAPE,2013-08-21,12.0,7.3,10.5,79.0,9.0,3.0,2.4,1.4,0.01,0.5,0.024,0.06,0.02,1.1,5.0
02065500,LA PLAINE A RAON-L'ETAPE,2013-09-18,13.0,7.8,7.9,88.0,16.0,7.6,5.8,2.1,0.05,0.8,0.081,0.1,0.04,1.0,10.0
02065500,LA PLAINE A RAON-L'ETAPE,2013-10-16,10.0,6.6,9.0,73.0,12.0,9.0,6.3,2.5,0.05,0.5,0.055,0.05,0.01,1.7,22.0
02065500,LA PLAINE A RAON-L'ETAPE,2013-11-14,7.6,7.5,12.4,69.0,5.0,4.3,3.6,2.5,0.02,0.5,0.06,0.05,0.02,1.1,6.0
02066000,LA MEURTHE A THIAVILLE,2013-01-09,5.7,7.4,11.9,112.0,8.0,4.4,2.2,4.4,0.06,0.7,0.11,0.11,0.03,0.7,5.0
02066000,LA MEURTHE A THIAVILLE,2013-02-07,3.6,8.65,12.3,115.0,27.0,13.0,3.5,3.9,0.04,0.5,0.09,0.08,0.01,1.6,13.0
02066000,LA MEURTHE A THIAVILLE,2013-03-07,6.2,8.0,11.0,128.0,10.0,6.1,2.3,4.2,0.06,0.6,0.13,0.11,0.03,1.9,5.0
02066000,LA MEURTHE A THIAVILLE,2013-04-04,4.4,8.3,11.5,90.0,10.0,1.6,2.5,2.9,0.07,0.5,0.05,0.2,0.02,1.7,15.0
02066000,LA MEURTHE A THIAVILLE,2013-05-30,9.4,7.3,9.3,109.0,13.0,6.0,3.7,3.2,0.09,0.6,0.17,0.09,0.03,2.0,11.0
02066000,LA MEURTHE A THIAVILLE,2013-06-27,13.0,7.9,7.0,90.0,8.0,3.2,4.7,2.1,0.06,0.7,0.068,0.14,0.02,1.7,17.0
02066000,LA MEURTHE A THIAVILLE,2013-07-25,19.0,7.4,7.4,160.0,13.0,6.8,3.8,3.2,0.12,0.6,0.192,0.05,0.09,0.8,17.0
02066000,LA MEURTHE A THIAVILLE,2013-08-22,14.0,7.4,9.8,130.0,8.0,3.3,2.3,3.1,0.07,0.5,0.152,0.11,0.09,1.0,10.0
02066000,LA MEURTHE A THIAVILLE,2013-09-19,12.0,7.35,9.4,140.0,28.0,7.4,6.1,4.2,0.09,0.7,0.096,0.1,0.04,1.9,24.0
02066000,LA MEURTHE A THIAVILLE,2013-10-17,11.0,7.2,8.8,,37.0,20.1,5.4,0.5,0.08,0.5,0.228,0.07,0.05,0.7,21.0
02066000,LA MEURTHE A THIAVILLE,2013-11-14,8.1,7.3,11.4,97.0,14.0,5.2,3.1,3.4,0.05,0.5,0.081,0.05,0.02,2.2,15.0
02067000,LA MEURTHE A AZERAILLES,2013-01-09,5.6,7.4,11.8,114.0,6.0,4.4,2.5,4.6,0.07,0.9,0.11,0.1,0.03,0.5,8.0
02067000,LA MEURTHE A AZERAILLES,2013-02-07,3.7,8.1,12.8,128.0,17.0,15.0,3.2,4.4,0.06,0.5,0.11,0.08,0.02,2.1,14.0
02067000,LA MEURTHE A AZERAILLES,2013-03-07,7.0,7.8,11.6,136.0,8.0,3.1,2.5,4.5,0.04,0.6,0.1,0.13,0.03,1.8,4.8
02067000,LA MEURTHE A AZERAILLES,2013-04-04,5.1,7.9,9.3,139.0,6.2,2.4,2.3,5.4,0.05,0.5,0.04,0.11,0.03,2.0,15.0
02067000,LA MEURTHE A AZERAILLES,2013-05-02,11.0,7.6,10.4,128.0,12.0,6.3,3.4,3.4,0.06,0.5,0.12,0.08,0.04,1.2,18.0
02067000,LA MEURTHE A AZERAILLES,2013-05-30,10.3,7.65,10.4,107.0,17.0,7.5,3.8,3.3,0.06,0.5,0.17,0.06,0.04,1.7,11.0
02067000,LA MEURTHE A AZERAILLES,2013-06-27,14.0,7.9,7.8,140.0,8.0,3.1,3.6,3.2,0.02,0.6,0.048,0.05,0.04,1.7,11.0
02067000,LA MEURTHE A AZERAILLES,2013-08-22,15.0,7.4,9.3,130.0,10.0,5.4,2.4,3.1,0.06,0.5,0.146,0.05,0.08,1.4,11.0
02067000,LA MEURTHE A AZERAILLES,2013-09-19,13.0,7.9,8.6,110.0,30.0,16.1,6.0,3.7,0.06,0.7,0.128,0.05,0.04,1.3,25.0
02067000,LA MEURTHE A AZERAILLES,2013-10-17,11.0,7.2,8.9,82.0,26.0,14.1,5.9,4.6,0.08,0.6,0.104,0.05,0.01,1.4,19.0
02067000,LA MEURTHE A AZERAILLES,2013-11-14,8.0,7.9,11.6,95.0,12.0,9.9,3.2,3.6,0.04,0.5,0.089,0.05,0.02,1.7,19.0
02067150,LA MEURTHE A SAINT-CLEMENT,2013-01-14,4.1,7.9,8.9,138.0,9.6,6.7,2.7,4.8,0.05,0.5,0.12,0.14,0.04,2.4,10.0
02067150,LA MEURTHE A SAINT-CLEMENT,2013-02-11,2.8,7.7,12.2,124.0,16.0,11.0,2.7,4.7,0.06,0.5,0.1,0.08,0.02,2.5,11.0
02067150,LA MEURTHE A SAINT-CLEMENT,2013-03-11,6.9,7.95,11.0,134.0,15.0,7.5,2.8,4.2,0.05,0.6,0.08,0.08,0.03,0.5,8.0
02067150,LA MEURTHE A SAINT-CLEMENT,2013-04-08,6.1,7.5,10.8,153.0,5.9,1.6,2.2,3.4,0.05,0.5,0.08,0.05,0.04,1.9,5.0
02067150,LA MEURTHE A SAINT-CLEMENT,2013-05-06,12.1,7.5,9.8,129.0,22.0,11.0,3.6,4.1,0.09,0.5,0.24,0.06,0.04,0.5,14.0
02067150,LA MEURTHE A SAINT-CLEMENT,2013-07-01,15.0,7.4,10.1,140.0,16.0,7.1,4.2,2.7,0.05,0.5,0.076,0.05,0.04,1.2,10.0
02067150,LA MEURTHE A SAINT-CLEMENT,2013-07-29,20.0,7.8,6.5,190.0,11.0,5.3,2.7,4.2,0.09,0.5,0.297,0.14,0.18,1.4,11.0
02067150,LA MEURTHE A SAINT-CLEMENT,2013-08-26,15.0,7.8,9.9,140.0,28.0,2.6,3.1,4.0,0.09,0.5,0.144,0.14,0.13,1.5,11.0
02067150,LA MEURTHE A SAINT-CLEMENT,2013-09-23,13.0,7.8,8.2,130.0,10.0,4.9,3.4,3.8,0.05,0.5,0.087,0.06,0.04,1.0,8.0
02067150,LA MEURTHE A SAINT-CLEMENT,2013-10-21,12.0,7.6,9.5,110.0,40.0,18.3,5.5,3.0,0.06,0.5,0.116,0.05,0.03,1.2,15.0
02067150,LA MEURTHE A SAINT-CLEMENT,2013-11-18,6.9,7.6,11.1,130.0,10.0,5.9,2.7,3.8,0.04,0.5,0.077,0.05,0.04,1.6,5.0
02067400,LE VACON A BARBAS,2013-01-10,4.7,8.0,10.6,435.0,14.0,14.0,3.6,18.0,0.05,0.5,0.11,0.08,0.08,1.5,11.0
02067400,LE VACON A BARBAS,2013-02-07,3.9,7.9,12.8,269.0,41.0,41.0,5.6,14.0,0.06,0.7,0.12,0.08,0.02,1.1,24.0
02067400,LE VACON A BARBAS,2013-03-07,6.2,8.1,11.5,373.0,15.0,18.0,3.4,13.0,0.06,0.7,0.14,0.06,0.05,1.4,7.0
02067400,LE VACON A BARBAS,2013-04-04,3.6,8.2,11.1,532.0,9.0,2.6,2.7,12.0,0.04,0.5,0.04,0.06,0.06,1.7,11.0
02067400,LE VACON A BARBAS,2013-05-02,10.1,7.8,11.2,355.0,22.0,0.26,5.5,15.0,0.04,0.7,0.13,0.08,0.06,1.1,25.0
02067400,LE VACON A BARBAS,2013-05-30,9.9,7.55,9.9,298.0,42.0,39.0,7.7,12.0,0.07,1.1,0.14,0.05,0.06,1.6,24.0
02067400,LE VACON A BARBAS,2013-06-27,13.0,7.7,6.4,560.0,16.0,7.3,3.7,11.3,0.06,0.7,0.17,0.05,0.06,0.9,8.0
02067400,LE VACON A BARBAS,2013-07-25,19.0,7.9,6.9,520.0,21.0,17.3,5.5,8.0,0.1,0.8,0.207,0.06,0.06,0.6,21.0
02067400,LE VACON A BARBAS,2013-08-22,15.0,8.0,8.4,640.0,21.0,16.2,3.8,7.8,0.1,0.5,0.213,0.05,0.03,1.1,14.0
02067400,LE VACON A BARBAS,2013-09-19,14.0,7.65,8.1,390.0,31.0,33.7,8.2,32.3,0.07,1.1,0.134,0.05,0.06,1.1,24.0
02067400,LE VACON A BARBAS,2013-10-17,12.0,7.5,7.6,280.0,51.0,41.1,9.3,17.1,0.09,1.3,0.266,0.05,0.09,0.9,29.0
02067400,LE VACON A BARBAS,2013-11-14,8.1,8.0,10.9,360.0,17.0,15.9,4.7,11.1,0.05,0.5,0.095,0.05,0.04,1.3,9.0
02067800,LA VEZOUZE A THIEBAUMENIL,2013-01-10,5.2,8.1,11.3,393.0,15.0,10.0,3.1,12.0,0.1,0.7,0.21,0.11,0.09,1.5,10.0
02067800,LA VEZOUZE A THIEBAUMENIL,2013-02-12,3.1,8.1,12.7,335.0,24.0,14.0,3.5,11.0,0.08,0.5,0.13,0.09,0.05,1.1,6.0
02067800,LA VEZOUZE A THIEBAUMENIL,2013-03-07,6.5,7.85,11.6,406.0,12.0,9.5,2.6,9.3,0.09,0.7,0.19,0.08,0.05,1.7,5.0
02067800,LA VEZOUZE A THIEBAUMENIL,2013-04-04,5.9,8.1,10.4,434.0,5.9,2.2,2.3,6.4,0.08,0.5,0.1,0.05,0.03,1.7,6.0
02067800,LA VEZOUZE A THIEBAUMENIL,2013-04-05,5.9,8.1,10.4,434.0,5.9,2.2,2.3,6.4,0.08,0.5,0.1,0.05,0.03,1.7,6.0
02067800,LA VEZOUZE A THIEBAUMENIL,2013-05-02,8.0,7.6,11.2,346.0,35.0,40.0,6.8,15.0,0.1,1.0,0.2,0.07,0.1,1.6,32.0
02067800,LA VEZOUZE A THIEBAUMENIL,2013-05-30,10.3,7.65,10.1,328.0,44.0,30.0,4.2,7.8,0.12,0.9,0.26,0.08,0.11,1.2,16.0
02067800,LA VEZOUZE A THIEBAUMENIL,2013-06-27,13.0,7.8,9.4,420.0,13.0,6.2,3.5,6.5,0.11,0.7,0.26,0.05,0.09,1.3,18.0
02067800,LA VEZOUZE A THIEBAUMENIL,2013-07-25,17.0,7.65,10.6,440.0,15.0,7.1,4.3,7.0,0.16,0.6,0.399,0.12,0.18,0.5,17.0
02067800,LA VEZOUZE A THIEBAUMENIL,2013-08-22,15.0,7.8,7.7,430.0,9.0,5.8,3.3,8.2,0.13,0.5,0.335,0.05,0.09,0.6,12.0
02067800,LA VEZOUZE A THIEBAUMENIL,2013-09-19,14.0,7.7,10.5,370.0,77.0,60.5,9.3,34.5,0.14,1.4,0.296,0.05,0.14,1.7,28.0
02067800,LA VEZOUZE A THIEBAUMENIL,2013-10-17,11.0,7.5,6.9,230.0,35.0,62.6,10.8,12.9,0.12,1.3,0.31,0.05,0.05,1.2,30.0
02067800,LA VEZOUZE A THIEBAUMENIL,2013-11-14,8.5,7.9,10.0,340.0,21.0,9.8,5.0,8.5,0.09,0.7,0.195,0.1,0.05,1.4,14.0
02068500,LA MEURTHE A REHAINVILLER,2013-01-10,5.2,8.1,11.6,197.0,12.0,8.7,2.7,6.5,0.07,0.5,0.13,0.11,0.05,1.6,12.0
02068500,LA MEURTHE A REHAINVILLER,2013-02-12,3.1,8.1,12.4,193.0,59.0,7.8,3.0,7.7,0.11,0.6,0.05,0.05,0.03,0.8,11.0
02068500,LA MEURTHE A REHAINVILLER,2013-03-07,6.2,7.75,11.0,218.0,12.0,7.6,2.4,5.5,0.06,0.6,0.12,0.11,0.05,1.7,5.0
02068500,LA MEURTHE A REHAINVILLER,2013-04-04,4.9,7.9,11.3,216.0,5.6,1.6,2.3,4.3,0.05,0.5,0.08,0.06,0.05,1.9,9.0
02068500,LA MEURTHE A REHAINVILLER,2013-04-05,4.9,7.9,11.3,216.0,5.6,1.6,2.3,4.3,0.05,0.5,0.08,0.06,0.05,1.9,9.0
02068500,LA MEURTHE A REHAINVILLER,2013-05-02,7.9,7.7,12.0,217.0,32.0,20.0,5.0,7.8,0.08,0.7,0.15,0.08,0.08,1.5,29.0
02068500,LA MEURTHE A REHAINVILLER,2013-05-30,10.8,7.4,10.1,166.0,22.0,13.0,3.8,4.1,0.09,0.6,0.21,0.07,0.06,1.6,8.0
02068500,LA MEURTHE A REHAINVILLER,2013-06-27,15.0,7.7,9.4,220.0,13.0,8.1,3.7,3.8,0.09,0.5,0.121,0.05,0.06,1.2,9.0
02068500,LA MEURTHE A REHAINVILLER,2013-07-25,21.0,7.45,7.6,260.0,24.0,9.2,3.4,3.7,0.12,0.5,0.193,0.1,0.09,0.5,16.0
02068500,LA MEURTHE A REHAINVILLER,2013-08-22,17.0,7.55,8.0,200.0,12.0,4.1,2.6,3.4,0.08,0.5,0.148,0.05,0.06,0.7,11.0
02068500,LA MEURTHE A REHAINVILLER,2013-09-19,12.0,7.6,10.8,180.0,74.0,28.5,6.6,8.9,0.14,1.1,0.159,0.05,0.07,1.7,31.0
02068500,LA MEURTHE A REHAINVILLER,2013-11-14,7.6,7.6,10.1,160.0,19.0,2.3,4.4,4.5,0.07,0.5,0.14,0.09,0.04,1.3,15.0
02068800,LA MORTAGNE A SAINT-MAURICE-SUR-MORTAGNE,2013-01-10,,,,,,,,7.1,,,,,,,
02068800,LA MORTAGNE A SAINT-MAURICE-SUR-MORTAGNE,2013-02-11,2.6,7.8,12.4,211.0,13.0,7.5,3.8,6.7,0.06,0.5,0.09,0.11,0.03,0.5,12.0
02068800,LA MORTAGNE A SAINT-MAURICE-SUR-MORTAGNE,2013-03-11,,,,,,,,5.0,,,,,,,
02068800,LA MORTAGNE A SAINT-MAURICE-SUR-MORTAGNE,2013-04-08,5.7,7.55,11.9,260.0,2.0,1.1,2.8,4.2,0.03,0.5,0.07,0.05,0.03,1.4,5.0
02068800,LA MORTAGNE A SAINT-MAURICE-SUR-MORTAGNE,2013-05-06,,,,,,,,6.6,,,,,,,
02068800,LA MORTAGNE A SAINT-MAURICE-SUR-MORTAGNE,2013-06-03,11.1,7.9,10.9,215.0,13.0,9.9,5.0,5.5,0.05,0.5,0.07,0.07,0.04,1.7,14.0
02068800,LA MORTAGNE A SAINT-MAURICE-SUR-MORTAGNE,2013-07-01,,,,,,,,3.8,,,,,,,
02068800,LA MORTAGNE A SAINT-MAURICE-SUR-MORTAGNE,2013-07-29,18.0,7.65,7.0,310.0,9.0,3.1,4.9,5.5,0.05,1.2,0.178,0.11,0.15,3.6,18.0
02068800,LA MORTAGNE A SAINT-MAURICE-SUR-MORTAGNE,2013-08-26,,,,,,,,3.5,,,,,,,
02068800,LA MORTAGNE A SAINT-MAURICE-SUR-MORTAGNE,2013-09-23,12.0,7.8,9.3,290.0,5.0,2.8,4.2,6.2,0.06,0.5,0.091,0.06,0.07,1.0,7.0
02068800,LA MORTAGNE A SAINT-MAURICE-SUR-MORTAGNE,2013-10-21,,,,,,,,5.8,,,,,,,
02068800,LA MORTAGNE A SAINT-MAURICE-SUR-MORTAGNE,2013-11-18,6.9,7.7,11.4,200.0,6.0,4.7,3.6,5.4,0.04,0.5,0.073,0.08,0.03,1.4,10.0
02069100,LA VEZOUZE A LUNEVILLE (B),2013-01-10,5.3,8.0,11.3,502.0,13.0,11.0,3.5,14.0,0.12,0.6,0.24,0.13,0.11,1.8,10.0
02069100,LA VEZOUZE A LUNEVILLE (B),2013-02-12,2.8,8.15,12.3,392.0,23.0,13.0,3.4,11.0,0.09,0.7,0.13,0.05,0.05,0.6,8.0
02069100,LA VEZOUZE A LUNEVILLE (B),2013-03-07,5.9,8.05,12.1,500.0,11.0,9.7,2.7,9.9,0.08,0.7,0.19,0.11,0.06,1.8,11.0
02069100,LA VEZOUZE A LUNEVILLE (B),2013-04-04,4.9,8.4,12.0,577.0,4.0,1.6,2.7,6.7,0.06,0.5,0.09,0.05,0.04,1.4,13.0
02069100,LA VEZOUZE A LUNEVILLE (B),2013-04-05,4.9,8.4,12.0,577.0,4.0,1.6,2.7,6.7,0.06,0.5,0.09,0.05,0.04,1.4,13.0
02069100,LA VEZOUZE A LUNEVILLE (B),2013-05-02,7.7,7.75,11.9,376.0,57.0,51.0,8.2,18.0,0.12,1.3,0.23,0.09,0.13,2.0,29.0
02069100,LA VEZOUZE A LUNEVILLE (B),2013-05-30,11.0,7.8,10.0,396.0,21.0,13.0,4.1,7.8,0.1,0.5,0.24,0.06,0.09,0.8,8.0
02069100,LA VEZOUZE A LUNEVILLE (B),2013-06-27,14.0,7.8,9.1,530.0,9.0,4.7,3.7,6.8,0.09,0.6,0.261,0.1,0.11,1.1,9.0
02069100,LA VEZOUZE A LUNEVILLE (B),2013-07-25,21.0,7.65,8.6,540.0,11.0,3.9,3.3,4.8,0.13,0.5,0.332,0.1,0.1,1.0,13.0
02069100,LA VEZOUZE A LUNEVILLE (B),2013-08-22,17.0,7.7,7.9,590.0,6.0,3.0,2.5,6.9,0.13,0.5,0.342,0.06,0.08,0.5,5.0
02069100,LA VEZOUZE A LUNEVILLE (B),2013-09-19,13.0,7.9,11.2,400.0,150.0,75.4,10.1,29.2,0.23,1.6,0.323,0.05,0.16,2.4,47.0
02069100,LA VEZOUZE A LUNEVILLE (B),2013-10-17,11.0,7.5,6.7,230.0,68.0,78.7,12.6,11.8,0.21,1.8,0.482,0.05,0.06,2.5,41.0
02069100,LA VEZOUZE A LUNEVILLE (B),2013-11-14,7.9,7.8,9.9,430.0,30.0,14.7,6.0,8.6,0.11,0.6,0.247,0.11,0.06,1.2,15.0
02070000,LA MORTAGNE A MOYEN,2013-01-10,5.3,8.05,12.0,320.0,7.3,7.4,3.4,9.6,0.07,0.6,0.13,0.35,0.07,1.6,11.0
02070000,LA MORTAGNE A MOYEN,2013-02-11,3.0,7.8,12.2,264.0,15.0,13.0,3.7,9.2,0.07,0.5,0.11,0.11,0.03,0.5,21.0
02070000,LA MORTAGNE A MOYEN,2013-03-11,7.1,7.7,10.8,315.0,20.0,16.0,4.0,6.9,0.07,0.7,0.09,0.1,0.06,0.6,7.0
02070000,LA MORTAGNE A MOYEN,2013-04-08,6.4,8.1,11.6,333.0,2.5,1.7,2.8,5.1,0.04,0.5,0.06,0.05,0.03,1.7,5.0
02070000,LA MORTAGNE A MOYEN,2013-05-06,12.1,7.85,8.3,301.0,34.0,28.0,5.6,9.1,0.1,0.7,0.17,0.08,0.07,0.8,18.0
02070000,LA MORTAGNE A MOYEN,2013-06-03,11.8,7.9,10.4,283.0,19.0,23.0,4.9,7.6,0.08,0.8,0.1,0.07,0.06,1.4,15.0
02070000,LA MORTAGNE A MOYEN,2013-07-01,15.0,7.7,9.4,350.0,6.0,1.7,4.7,5.8,0.07,0.5,0.099,0.05,0.06,0.7,10.0
02070000,LA MORTAGNE A MOYEN,2013-07-29,20.0,7.8,6.3,390.0,8.0,4.1,4.2,6.3,0.1,0.7,0.204,0.08,0.13,2.1,12.0
02070000,LA MORTAGNE A MOYEN,2013-08-26,14.0,7.6,10.1,300.0,6.0,2.8,3.7,5.0,0.09,0.5,0.184,0.08,0.09,1.6,12.0
02070000,LA MORTAGNE A MOYEN,2013-09-23,13.0,7.9,8.5,350.0,7.0,4.9,4.4,8.3,0.07,0.6,0.133,0.05,0.06,1.0,9.0
02070000,LA MORTAGNE A MOYEN,2013-10-21,13.0,7.9,9.9,220.0,10.0,28.5,7.4,7.1,0.08,0.7,0.172,0.06,0.01,1.2,25.0
02070000,LA MORTAGNE A MOYEN,2013-11-18,7.5,7.8,11.0,270.0,8.0,6.2,3.7,7.4,0.05,0.5,0.092,0.08,0.05,1.6,8.0
02070250,LA MEURTHE A DAMELEVIERES,2013-01-14,,,,,,,,6.9,,,,,,,
02070250,LA MEURTHE A DAMELEVIERES,2013-02-11,2.2,7.75,12.4,224.0,17.0,16.0,3.5,7.0,0.08,0.5,0.12,0.09,0.03,2.5,16.0
02070250,LA MEURTHE A DAMELEVIERES,2013-03-11,,,,,,,,6.1,,,,,,,
02070250,LA MEURTHE A DAMELEVIERES,2013-04-08,6.9,7.8,11.2,296.0,2.8,1.1,2.6,4.2,0.03,0.5,0.08,0.05,0.05,1.4,5.0
02070250,LA MEURTHE A DAMELEVIERES,2013-05-06,,,,,,,,8.0,,,,,,,
02070250,LA MEURTHE A DAMELEVIERES,2013-06-03,12.5,7.65,9.0,188.0,24.0,21.0,6.4,4.2,0.09,0.7,0.12,0.06,0.04,1.7,12.0
02070250,LA MEURTHE A DAMELEVIERES,2013-07-01,,,,,,,,4.1,,,,,,,
02070250,LA MEURTHE A DAMELEVIERES,2013-07-29,21.0,7.6,5.1,320.0,9.0,4.4,3.8,4.4,0.11,0.6,0.302,0.22,0.13,1.1,10.0
02070250,LA MEURTHE A DAMELEVIERES,2013-08-26,,,,,,,,5.0,,,,,,,
02070250,LA MEURTHE A DAMELEVIERES,2013-09-23,14.0,7.7,8.1,250.0,13.0,8.3,4.1,6.9,0.07,0.6,0.192,0.07,0.05,0.9,10.0
02070250,LA MEURTHE A DAMELEVIERES,2013-10-21,,,,,,,,5.9,,,,,,,
02070250,LA MEURTHE A DAMELEVIERES,2013-11-18,7.4,7.8,11.2,220.0,10.0,6.7,3.2,5.3,0.05,0.5,0.114,0.1,0.04,1.4,5.0
02070750,LE SANON A HENAMENIL,2013-02-07,3.3,8.05,12.9,430.0,82.0,30.0,6.2,10.0,0.13,1.1,0.29,0.08,0.04,1.0,34.0
02070750,LE SANON A HENAMENIL,2013-04-04,5.1,8.25,13.0,1055.0,5.2,1.3,4.6,10.0,0.08,0.7,0.1,0.11,0.06,2.7,15.0
02070750,LE SANON A HENAMENIL,2013-05-30,11.2,7.9,8.6,581.0,140.0,76.0,7.9,13.0,0.17,1.7,0.45,0.14,0.17,4.7,30.0
02070750,LE SANON A HENAMENIL,2013-07-25,23.0,8.1,8.8,760.0,14.0,8.3,6.2,4.3,0.18,0.9,0.468,0.06,0.08,0.6,19.0
02070750,LE SANON A HENAMENIL,2013-09-19,13.0,7.9,8.0,720.0,93.0,25.9,11.5,39.7,0.17,1.5,0.442,0.09,0.26,2.2,39.0
02070750,LE SANON A HENAMENIL,2013-11-14,8.2,7.9,9.9,720.0,37.0,23.1,8.1,11.5,0.13,1.1,0.281,0.15,0.15,1.6,30.0
02070900,LE CANAL DE LA MARNE AU RHIN A MAIXE,2013-02-07,3.6,8.4,12.6,513.0,13.0,11.0,4.2,5.6,0.04,0.5,0.05,0.05,0.03,1.7,20.0
02070900,LE CANAL DE LA MARNE AU RHIN A MAIXE,2013-04-04,5.8,8.9,11.0,544.0,9.7,3.8,5.1,8.1,0.04,0.7,0.015,0.05,0.03,2.9,26.0
02070900,LE CANAL DE LA MARNE AU RHIN A MAIXE,2013-05-22,13.6,7.9,5.9,491.0,14.0,9.0,,,0.04,0.6,,,,1.0,18.0
02070900,LE CANAL DE LA MARNE AU RHIN A MAIXE,2013-05-30,14.5,7.9,7.8,471.0,10.0,10.0,5.2,4.3,0.05,0.5,0.15,0.05,0.06,0.9,10.0
02070900,LE CANAL DE LA MARNE AU RHIN A MAIXE,2013-06-18,26.6,8.5,12.9,460.0,10.0,5.0,,,0.02,0.8,,,,3.2,19.0
02070900,LE CANAL DE LA MARNE AU RHIN A MAIXE,2013-07-24,25.8,8.3,7.4,482.0,15.0,9.0,,,0.07,0.8,,,,0.8,16.0
02070900,LE CANAL DE LA MARNE AU RHIN A MAIXE,2013-07-25,26.0,7.7,5.2,600.0,19.0,5.7,4.9,0.5,0.07,0.9,0.178,0.13,0.01,1.4,15.0
02070900,LE CANAL DE LA MARNE AU RHIN A MAIXE,2013-08-28,21.5,7.9,7.1,332.0,13.0,7.0,,,0.06,0.5,,,,1.3,12.0
02070900,LE CANAL DE LA MARNE AU RHIN A MAIXE,2013-09-19,16.0,7.8,9.6,310.0,23.0,23.0,2.7,2.0,0.04,0.5,0.106,0.12,0.04,0.5,6.0
02070900,LE CANAL DE LA MARNE AU RHIN A MAIXE,2013-09-25,18.4,7.9,7.6,362.0,13.0,5.0,,,0.1,0.7,,,,0.7,13.0
02070900,LE CANAL DE LA MARNE AU RHIN A MAIXE,2013-10-23,14.7,7.9,8.5,378.0,9.5,6.0,,,0.06,0.5,,,,1.7,16.0
02070900,LE CANAL DE LA MARNE AU RHIN A MAIXE,2013-11-14,8.4,8.1,8.6,430.0,11.0,9.8,5.0,2.2,0.08,0.5,0.181,0.12,0.08,1.1,13.0
02071050,LE SANON A DOMBASLE,2013-01-10,4.9,8.15,10.9,2018.0,20.0,15.0,4.7,21.0,0.14,0.6,0.31,0.23,0.14,1.8,19.0
02071050,LE SANON A DOMBASLE,2013-02-12,2.9,8.2,12.1,1302.0,35.0,19.0,4.7,21.0,0.13,1.0,0.2,0.08,0.08,1.1,14.0
02071050,LE SANON A DOMBASLE,2013-03-07,7.0,8.15,12.3,2056.0,15.0,8.1,3.5,20.0,0.08,0.9,0.25,0.23,0.14,2.1,9.0
02071050,LE SANON A DOMBASLE,2013-04-04,4.7,8.5,11.5,2318.0,4.6,2.4,3.8,15.0,0.07,0.5,0.05,0.05,0.06,1.9,22.0
02071050,LE SANON A DOMBASLE,2013-04-05,4.7,8.5,11.5,2318.0,4.6,2.4,3.8,15.0,0.07,0.5,0.05,0.05,0.06,1.9,22.0
02071050,LE SANON A DOMBASLE,2013-05-02,8.0,7.65,11.4,802.0,82.0,66.0,9.1,26.0,0.16,1.9,0.32,0.31,0.26,2.9,38.0
02071050,LE SANON A DOMBASLE,2013-05-30,11.9,8.0,9.5,1819.0,18.0,11.0,5.0,18.0,0.13,0.7,0.38,0.16,0.14,0.8,12.0
02071050,LE SANON A DOMBASLE,2013-06-27,15.0,7.95,8.2,2500.0,13.0,11.1,4.6,13.0,0.18,0.9,0.384,0.08,0.13,0.7,15.0
02071050,LE SANON A DOMBASLE,2013-07-25,20.0,7.7,6.5,2900.0,15.0,7.7,5.2,8.6,0.22,0.7,0.553,0.24,0.22,1.3,19.0
02071050,LE SANON A DOMBASLE,2013-08-22,18.0,7.8,5.6,4200.0,15.0,5.2,3.1,7.4,0.18,0.6,0.475,0.24,0.12,1.1,14.0
02071050,LE SANON A DOMBASLE,2013-09-19,13.0,7.95,10.4,1100.0,120.0,42.2,10.4,34.7,0.19,1.9,0.469,0.24,0.23,2.5,41.0
02071050,LE SANON A DOMBASLE,2013-10-17,12.0,8.0,9.0,720.0,100.0,44.4,10.5,23.1,0.19,1.6,0.45,0.09,0.09,1.7,41.0
02071050,LE SANON A DOMBASLE,2013-11-14,8.0,7.8,9.9,1300.0,38.0,12.3,5.0,15.9,0.12,0.8,0.319,0.13,0.11,1.3,25.0
02072400,LA MEURTHE A ART-SUR-MEURTHE,2013-01-14,4.3,8.25,10.0,4417.0,24.0,12.0,2.7,8.5,0.08,0.5,0.14,0.55,0.11,2.8,9.0
02072400,LA MEURTHE A ART-SUR-MEURTHE,2013-02-12,2.8,8.2,12.3,1805.0,23.0,11.0,3.1,8.8,0.08,0.5,0.1,0.24,0.05,0.9,9.0
02072400,LA MEURTHE A ART-SUR-MEURTHE,2013-03-07,7.3,8.4,12.7,3518.0,15.0,9.8,2.2,8.8,0.04,1.7,0.13,0.68,0.09,2.0,21.0
02072400,LA MEURTHE A ART-SUR-MEURTHE,2013-04-04,5.3,8.7,11.6,4372.0,6.6,3.1,2.1,6.1,0.03,0.8,0.08,0.49,0.08,1.4,21.0
02072400,LA MEURTHE A ART-SUR-MEURTHE,2013-04-05,5.3,8.7,11.6,4372.0,6.6,3.1,2.1,6.1,0.03,0.8,0.08,0.49,0.08,1.4,21.0
02072400,LA MEURTHE A ART-SUR-MEURTHE,2013-05-02,8.0,7.85,12.6,2731.0,84.0,61.0,6.4,15.0,0.11,1.4,0.17,0.28,0.16,2.1,35.0
02072400,LA MEURTHE A ART-SUR-MEURTHE,2013-05-30,12.0,8.15,10.1,2769.0,28.0,16.0,3.1,6.4,0.08,0.7,0.22,0.27,0.11,1.4,8.0
02072400,LA MEURTHE A ART-SUR-MEURTHE,2013-06-27,16.0,8.2,10.2,3800.0,18.0,7.3,3.0,5.8,0.07,0.7,0.17,0.49,0.18,1.1,14.0
02072400,LA MEURTHE A ART-SUR-MEURTHE,2013-07-25,25.0,7.7,7.8,2800.0,10.0,0.1,2.9,4.7,0.08,1.1,0.227,0.86,0.25,1.2,12.0
02072400,LA MEURTHE A ART-SUR-MEURTHE,2013-08-22,22.0,7.7,7.3,2700.0,6.0,3.7,2.2,5.1,0.07,1.0,0.195,0.85,0.21,1.3,13.0
02072400,LA MEURTHE A ART-SUR-MEURTHE,2013-09-19,14.0,8.4,11.3,4500.0,100.0,25.0,5.4,16.6,0.09,1.1,0.198,0.24,0.13,1.2,34.0
02072400,LA MEURTHE A ART-SUR-MEURTHE,2013-10-17,13.0,8.5,7.8,3000.0,130.0,22.5,7.8,8.3,0.12,1.4,0.279,0.11,0.05,1.8,38.0
02072400,LA MEURTHE A ART-SUR-MEURTHE,2013-11-14,8.6,7.9,10.1,2100.0,28.0,16.3,4.7,6.7,0.05,0.5,0.144,0.19,0.07,1.4,13.0
02072700,LA MEURTHE A TOMBLAINE,2013-02-12,2.9,8.5,11.7,2504.0,23.0,13.0,3.8,9.8,0.09,1.1,0.015,0.27,0.06,4.3,17.0
02072700,LA MEURTHE A TOMBLAINE,2013-04-08,8.1,8.5,10.7,4144.0,8.1,1.2,2.3,5.9,0.06,0.9,0.15,0.31,0.09,3.5,11.0
02072700,LA MEURTHE A TOMBLAINE,2013-06-03,12.7,7.85,9.7,929.0,41.0,24.0,6.9,4.9,0.1,1.0,0.12,0.12,0.07,2.3,23.0
02072700,LA MEURTHE A TOMBLAINE,2013-07-29,23.0,7.7,9.0,2800.0,10.0,6.0,3.4,5.6,0.11,1.3,0.279,0.73,0.36,2.1,16.0
02072700,LA MEURTHE A TOMBLAINE,2013-09-23,14.0,7.8,9.8,3700.0,20.0,11.6,4.3,8.4,0.06,0.9,0.117,0.34,0.15,1.0,19.0
02072700,LA MEURTHE A TOMBLAINE,2013-11-18,7.8,8.5,11.5,2800.0,14.0,11.0,3.0,6.8,0.05,0.6,0.116,0.27,0.09,1.8,7.0
02074000,LA MEURTHE A BOUXIERES,2013-01-14,5.2,8.3,12.5,2674.0,9.4,7.6,2.9,9.7,0.07,0.7,0.17,0.39,0.12,2.3,5.0
02074000,LA MEURTHE A BOUXIERES,2013-02-11,2.9,8.2,8.2,1782.0,32.0,19.0,3.3,10.0,0.06,0.6,0.15,0.29,0.05,0.9,5.0
02074000,LA MEURTHE A BOUXIERES,2013-03-11,8.8,8.1,10.2,3350.0,14.0,6.0,2.3,7.4,0.04,0.9,0.11,0.6,0.11,0.5,10.0
02074000,LA MEURTHE A BOUXIERES,2013-04-08,7.5,8.1,11.2,2962.0,9.8,2.6,3.0,5.7,0.03,0.9,0.09,0.77,0.11,3.4,6.0
02074000,LA MEURTHE A BOUXIERES,2013-05-06,13.7,8.0,10.7,1253.0,58.0,53.0,7.4,12.0,0.15,1.1,0.21,0.22,0.15,1.5,32.0
02074000,LA MEURTHE A BOUXIERES,2013-06-04,13.1,8.0,9.7,1241.0,25.0,22.0,5.6,5.7,0.1,1.1,0.22,0.27,0.09,1.9,15.0
02074000,LA MEURTHE A BOUXIERES,2013-07-01,18.0,7.9,8.3,3700.0,12.0,1.2,3.1,0.5,0.09,1.1,0.154,0.76,0.33,1.3,11.0
02074000,LA MEURTHE A BOUXIERES,2013-07-29,22.0,7.5,6.9,5.0,12.0,5.2,3.7,5.8,0.12,1.5,0.316,0.81,0.32,1.8,16.0
02074000,LA MEURTHE A BOUXIERES,2013-08-26,21.0,7.5,7.4,2300.0,16.0,2.1,2.8,5.8,0.09,1.0,0.157,0.68,0.34,1.8,16.0
02074000,LA MEURTHE A BOUXIERES,2013-09-23,16.0,7.8,9.6,3500.0,19.0,9.7,3.9,10.0,0.08,0.9,0.146,0.3,0.16,0.5,5.0
02074000,LA MEURTHE A BOUXIERES,2013-10-21,13.0,8.5,8.9,3700.0,48.0,41.5,4.0,8.0,0.07,0.7,0.162,0.21,0.09,1.6,23.0
02074000,LA MEURTHE A BOUXIERES,2013-11-18,7.7,8.4,10.9,2400.0,15.0,9.4,2.9,8.6,0.06,0.5,0.19,0.23,0.1,1.7,11.0
02074000,LA MEURTHE A BOUXIERES,2013-12-16,4.1,8.0,12.8,3100.0,7.0,2.9,2.6,8.3,0.09,0.8,0.184,0.56,0.15,2.0,10.0
02075300,LA MOSELLE A MILLERY,2013-01-14,5.4,8.0,11.7,1270.0,5.7,5.3,2.8,9.5,0.06,0.7,0.16,0.21,0.09,2.2,9.0
02075300,LA MOSELLE A MILLERY,2013-02-11,2.8,8.0,8.2,763.0,18.0,10.0,3.1,9.0,0.1,0.5,0.15,0.18,0.04,2.1,16.0
02075300,LA MOSELLE A MILLERY,2013-03-11,7.9,8.2,10.6,1363.0,10.0,4.2,2.5,8.1,0.05,0.7,0.12,0.26,0.07,0.6,8.0
02075300,LA MOSELLE A MILLERY,2013-04-08,7.3,8.25,12.2,1397.0,7.0,3.0,2.8,6.9,0.02,0.7,0.03,0.14,0.07,1.9,5.0
02075300,LA MOSELLE A MILLERY,2013-05-06,13.4,7.95,10.3,739.0,68.0,48.0,6.8,11.0,0.14,1.1,0.19,0.14,0.11,1.1,24.0
02075300,LA MOSELLE A MILLERY,2013-06-04,14.1,7.9,10.2,760.0,24.0,18.0,5.2,5.7,0.09,0.6,0.19,0.12,0.07,1.3,15.0
02075300,LA MOSELLE A MILLERY,2013-07-01,18.0,7.7,7.3,570.0,10.0,6.8,3.7,5.9,0.09,0.9,0.181,0.36,0.24,0.8,10.0
02075300,LA MOSELLE A MILLERY,2013-07-29,24.0,7.55,7.0,1300.0,7.0,3.8,3.7,5.2,0.13,1.0,0.283,0.48,0.2,2.7,11.0
02075300,LA MOSELLE A MILLERY,2013-08-26,21.0,7.5,6.2,1300.0,8.0,1.3,3.0,5.4,0.11,0.9,0.281,0.46,0.21,0.9,11.0
02075300,LA MOSELLE A MILLERY,2013-09-23,16.0,7.8,9.1,1500.0,14.0,7.2,4.8,9.3,0.1,0.8,0.173,0.13,0.09,0.5,14.0
02075300,LA MOSELLE A MILLERY,2013-10-21,13.0,8.1,8.9,1600.0,24.0,16.1,4.4,7.4,0.09,0.5,0.168,0.13,0.05,1.4,16.0
02075300,LA MOSELLE A MILLERY,2013-11-18,7.8,8.2,12.4,1100.0,10.0,8.8,3.0,7.8,0.05,0.5,0.136,0.12,0.06,1.6,11.0
02076180,L'ESCHE A MARTINCOURT (SAINT-JEAN),2013-01-14,,,,,,,,34.0,,,,,,,
02076180,L'ESCHE A MARTINCOURT (SAINT-JEAN),2013-02-12,4.5,7.9,11.8,469.0,14.0,11.0,4.5,28.0,0.04,0.5,0.06,0.05,0.03,0.7,9.0
02076180,L'ESCHE A MARTINCOURT (SAINT-JEAN),2013-03-11,,,,,,,,34.0,,,,,,,
02076180,L'ESCHE A MARTINCOURT (SAINT-JEAN),2013-04-08,6.3,8.05,12.9,536.0,4.0,2.6,2.7,32.0,0.02,0.5,0.07,0.05,0.03,1.5,5.0
02076180,L'ESCHE A MARTINCOURT (SAINT-JEAN),2013-05-03,,,,,,,,30.0,,,,,,,
02076180,L'ESCHE A MARTINCOURT (SAINT-JEAN),2013-06-03,11.4,7.75,9.6,522.0,7.1,4.7,4.7,28.0,0.04,0.6,0.06,0.05,0.06,1.1,10.0
02076180,L'ESCHE A MARTINCOURT (SAINT-JEAN),2013-07-01,,,,,,,,27.6,,,,,,,
02076180,L'ESCHE A MARTINCOURT (SAINT-JEAN),2013-07-29,16.0,7.8,9.6,530.0,4.0,3.3,3.4,28.1,0.07,0.5,0.238,0.05,0.06,2.1,9.0
02076180,L'ESCHE A MARTINCOURT (SAINT-JEAN),2013-08-26,,,,,,,,27.8,,,,,,,
02076180,L'ESCHE A MARTINCOURT (SAINT-JEAN),2013-09-23,12.0,7.85,8.4,580.0,2.0,2.3,3.0,37.6,0.05,0.5,0.105,0.05,0.08,1.4,9.0
02076180,L'ESCHE A MARTINCOURT (SAINT-JEAN),2013-10-21,,,,,,,,22.1,,,,,,,
02076180,L'ESCHE A MARTINCOURT (SAINT-JEAN),2013-11-18,8.7,7.8,9.9,560.0,6.0,6.0,3.5,33.0,0.04,0.5,0.072,0.05,0.05,1.5,6.0
02076800,LA MOSELLE A VANDIERES,2013-01-14,6.1,8.2,11.0,1305.0,6.3,5.3,2.6,10.0,0.06,0.5,0.16,0.21,0.11,1.8,5.0
02076800,LA MOSELLE A VANDIERES,2013-03-11,7.1,8.2,10.6,1437.0,7.8,3.3,2.5,9.3,0.03,0.5,0.09,0.23,0.09,0.5,12.0
02076800,LA MOSELLE A VANDIERES,2013-04-08,9.5,8.6,13.0,1596.0,5.8,2.1,2.7,7.9,0.02,0.5,0.06,0.05,0.07,2.6,5.0
02076800,LA MOSELLE A VANDIERES,2013-05-06,13.5,8.05,10.4,787.0,78.0,52.0,7.0,12.0,0.16,1.3,0.21,0.15,0.14,1.2,26.0
02076800,LA MOSELLE A VANDIERES,2013-05-22,12.4,8.0,8.2,697.0,92.0,55.0,,,0.27,1.7,,,,2.6,44.0
02076800,LA MOSELLE A VANDIERES,2013-06-04,13.7,7.85,9.6,636.0,26.0,19.0,5.5,6.2,0.09,0.6,0.16,0.12,0.1,1.4,14.0
02076800,LA MOSELLE A VANDIERES,2013-06-18,22.4,8.0,10.4,1262.0,4.4,1.6,,,0.06,1.0,,,,1.6,12.0
02076800,LA MOSELLE A VANDIERES,2013-07-01,19.0,7.8,7.8,1700.0,10.0,0.7,3.9,8.2,0.07,0.6,0.197,0.11,0.15,0.7,9.0
02076800,LA MOSELLE A VANDIERES,2013-07-23,26.5,8.1,8.1,1789.0,5.1,2.0,,,0.05,0.5,,,,0.5,12.0
02076800,LA MOSELLE A VANDIERES,2013-07-29,24.0,7.5,6.9,1600.0,10.0,5.1,3.4,5.6,0.1,0.7,0.317,0.14,0.09,0.5,11.0
02076800,LA MOSELLE A VANDIERES,2013-08-26,23.0,7.6,6.9,1600.0,5.0,1.1,2.9,5.1,0.07,0.5,0.171,0.18,0.06,0.5,13.0
02076800,LA MOSELLE A VANDIERES,2013-08-28,22.6,7.8,7.8,1355.0,2.6,1.3,,,0.12,0.7,,,,1.5,12.0
02076800,LA MOSELLE A VANDIERES,2013-09-23,16.0,7.9,9.0,1700.0,13.0,7.7,5.0,9.8,0.07,0.7,0.177,0.1,0.08,0.7,15.0
02076800,LA MOSELLE A VANDIERES,2013-09-25,18.0,7.6,8.9,1535.0,5.7,0.4,,,0.08,0.6,,,,1.1,5.0
02076800,LA MOSELLE A VANDIERES,2013-10-21,13.0,8.2,8.9,1800.0,22.0,31.1,4.7,7.5,0.08,0.7,0.175,0.17,0.07,1.5,18.0
02076800,LA MOSELLE A VANDIERES,2013-10-22,14.9,8.1,10.3,2000.0,27.0,18.0,,,0.09,0.5,,,,1.4,21.0
02076800,LA MOSELLE A VANDIERES,2013-11-18,8.4,8.1,11.9,1000.0,11.0,8.1,3.2,8.5,0.06,0.5,0.141,0.09,0.06,1.3,7.0
02077200,LE RUPT DE MAD A ESSEY-ET-MAIZERAIS,2013-01-14,,,,,,,,36.0,,,,,,,
02077200,LE RUPT DE MAD A ESSEY-ET-MAIZERAIS,2013-02-12,2.8,7.9,11.4,569.0,17.0,13.0,4.7,30.0,0.07,0.6,0.09,0.08,0.06,0.5,15.0
02077200,LE RUPT DE MAD A ESSEY-ET-MAIZERAIS,2013-03-11,,,,,,,,26.0,,,,,,,
02077200,LE RUPT DE MAD A ESSEY-ET-MAIZERAIS,2013-04-08,7.0,7.85,13.2,627.0,2.0,1.8,2.9,26.0,0.02,0.5,0.08,0.05,0.05,2.0,5.0
02077200,LE RUPT DE MAD A ESSEY-ET-MAIZERAIS,2013-05-03,,,,,,,,36.0,,,,,,,
02077200,LE RUPT DE MAD A ESSEY-ET-MAIZERAIS,2013-06-03,12.2,7.8,9.0,603.0,3.2,3.5,5.2,25.0,0.04,0.6,0.06,0.05,0.08,1.2,10.0
02077200,LE RUPT DE MAD A ESSEY-ET-MAIZERAIS,2013-07-01,,,,,,,,11.9,,,,,,,
02077200,LE RUPT DE MAD A ESSEY-ET-MAIZERAIS,2013-07-29,18.0,7.6,6.4,630.0,8.0,2.8,5.3,15.1,0.07,0.9,0.167,0.19,0.33,1.7,18.0
02077200,LE RUPT DE MAD A ESSEY-ET-MAIZERAIS,2013-08-26,,,,,,,,10.7,,,,,,,
02077200,LE RUPT DE MAD A ESSEY-ET-MAIZERAIS,2013-09-23,14.0,7.9,7.4,750.0,2.0,7.0,6.1,34.7,0.07,0.8,0.122,0.05,0.1,0.5,15.0
02077200,LE RUPT DE MAD A ESSEY-ET-MAIZERAIS,2013-10-21,,,,,,,,20.5,,,,,,,
02077200,LE RUPT DE MAD A ESSEY-ET-MAIZERAIS,2013-11-18,8.6,7.9,9.5,630.0,7.0,6.0,4.3,26.6,0.05,0.5,0.073,0.06,0.12,1.4,9.0
02078000,LE RUPT DE MAD A ONVILLE,2013-01-14,5.7,7.9,11.8,580.0,2.3,2.7,2.5,32.0,0.02,0.5,0.08,0.05,0.04,1.9,5.0
02078000,LE RUPT DE MAD A ONVILLE,2013-02-11,4.5,7.6,8.0,521.0,10.0,6.8,3.5,28.0,0.05,0.5,0.07,0.05,0.03,1.7,7.0
02078000,LE RUPT DE MAD A ONVILLE,2013-03-11,7.6,8.0,10.6,555.0,4.8,0.1,2.6,27.0,0.01,0.5,0.016,0.05,0.03,1.3,7.0
02078000,LE RUPT DE MAD A ONVILLE,2013-04-08,8.0,8.45,12.8,528.0,2.5,0.99,2.2,27.0,0.01,0.5,0.015,0.05,0.03,1.3,5.0
02078000,LE RUPT DE MAD A ONVILLE,2013-05-06,13.7,8.0,11.3,527.0,6.5,4.8,3.2,25.0,0.03,0.5,0.05,0.05,0.05,0.5,10.0
02078000,LE RUPT DE MAD A ONVILLE,2013-06-04,13.0,8.05,10.6,547.0,4.2,2.3,2.8,26.0,0.04,0.5,0.07,0.05,0.04,0.5,10.0
02078000,LE RUPT DE MAD A ONVILLE,2013-07-01,15.0,8.1,10.7,500.0,3.0,2.5,4.0,16.1,0.03,0.5,0.047,0.05,0.03,0.8,5.0
02078000,LE RUPT DE MAD A ONVILLE,2013-07-29,19.0,7.85,8.4,520.0,4.0,1.3,2.6,21.0,0.04,0.5,0.066,0.05,0.1,2.0,9.0
02078000,LE RUPT DE MAD A ONVILLE,2013-08-26,16.0,8.0,8.2,490.0,2.0,1.1,2.2,18.7,0.04,0.5,0.049,0.07,0.09,1.0,7.0
02078000,LE RUPT DE MAD A ONVILLE,2013-09-23,15.0,8.2,11.9,610.0,2.0,2.1,4.6,43.7,0.06,0.5,0.111,0.05,0.09,0.7,9.0
02078000,LE RUPT DE MAD A ONVILLE,2013-10-21,13.0,8.1,9.7,590.0,5.0,4.0,4.1,28.1,0.05,0.5,0.146,0.05,0.05,1.4,8.0
02078000,LE RUPT DE MAD A ONVILLE,2013-11-18,7.9,8.1,10.9,560.0,6.0,5.4,2.9,28.3,0.04,0.5,0.064,0.05,0.04,1.1,5.0
02079000,LA MOSELLE A ARS-SUR-MOSELLE,2013-01-14,5.7,8.1,11.8,1285.0,5.6,4.8,2.8,11.0,0.07,0.5,0.16,0.16,0.11,2.0,5.0
02079000,LA MOSELLE A ARS-SUR-MOSELLE,2013-02-11,3.6,7.6,7.6,723.0,18.0,11.0,3.4,10.0,0.1,0.5,0.13,0.15,0.05,2.2,10.0
02079000,LA MOSELLE A ARS-SUR-MOSELLE,2013-03-11,7.2,8.3,10.4,1419.0,5.8,2.8,2.4,10.0,0.04,0.6,0.13,0.21,0.09,0.9,5.0
02079000,LA MOSELLE A ARS-SUR-MOSELLE,2013-04-08,9.2,8.6,12.9,1723.0,5.7,2.4,2.6,8.5,0.01,0.5,0.02,0.05,0.06,1.9,6.0
02079000,LA MOSELLE A ARS-SUR-MOSELLE,2013-05-06,14.1,8.15,10.6,665.0,66.0,32.0,6.8,12.0,0.14,1.3,0.2,0.12,0.14,1.3,26.0
02079000,LA MOSELLE A ARS-SUR-MOSELLE,2013-06-04,14.9,8.2,10.0,623.0,18.0,13.0,5.4,6.8,0.1,0.5,0.16,0.09,0.08,1.0,10.0
02079000,LA MOSELLE A ARS-SUR-MOSELLE,2013-07-01,20.0,7.9,9.2,1600.0,5.0,2.5,3.7,7.7,0.08,0.5,0.167,0.05,0.09,0.5,9.0
02079000,LA MOSELLE A ARS-SUR-MOSELLE,2013-07-29,25.0,7.55,6.4,1800.0,9.0,5.8,3.3,5.5,0.1,0.6,0.207,0.1,0.05,1.2,9.9
02079000,LA MOSELLE A ARS-SUR-MOSELLE,2013-08-26,23.0,7.7,6.3,1700.0,5.0,1.3,2.9,4.5,0.07,0.5,0.134,0.09,0.04,0.5,10.0
02079000,LA MOSELLE A ARS-SUR-MOSELLE,2013-09-23,17.0,7.9,9.6,1700.0,4.0,4.3,4.9,10.5,0.08,0.7,0.18,0.1,0.07,0.8,13.0
02079000,LA MOSELLE A ARS-SUR-MOSELLE,2013-10-21,14.0,8.0,11.0,1700.0,18.0,12.4,4.7,7.7,0.09,0.5,0.17,0.17,0.06,1.1,15.0
02079000,LA MOSELLE A ARS-SUR-MOSELLE,2013-11-18,7.8,8.1,12.5,1000.0,10.0,7.6,3.2,9.4,0.06,0.5,0.138,0.09,0.05,1.3,9.0
02081000,LA SEILLE A MULCEY,2013-01-16,2.1,7.9,6.9,1372.0,16.0,11.0,6.9,13.0,0.1,0.7,0.24,0.2,0.08,0.5,19.0
02081000,LA SEILLE A MULCEY,2013-02-12,1.2,7.8,8.3,879.0,20.0,13.0,7.2,11.0,0.14,0.8,0.24,0.12,0.05,2.0,18.0
02081000,LA SEILLE A MULCEY,2013-03-12,4.7,8.2,11.2,1661.0,21.0,12.0,5.2,13.0,0.08,0.9,0.14,0.18,0.08,3.4,13.0
02081000,LA SEILLE A MULCEY,2013-04-09,6.6,8.1,9.3,1727.0,4.9,3.7,5.4,11.0,0.09,1.1,0.25,0.31,0.13,2.6,7.0
02081000,LA SEILLE A MULCEY,2013-05-03,13.1,7.95,8.3,1054.0,23.0,13.0,6.4,11.0,0.11,1.2,0.2,0.18,0.1,1.5,30.0
02081000,LA SEILLE A MULCEY,2013-06-04,14.0,8.1,10.7,1050.0,19.0,7.4,8.0,6.9,0.1,0.9,0.19,0.1,0.08,1.5,18.0
02081000,LA SEILLE A MULCEY,2013-07-02,18.0,8.0,8.0,1900.0,14.0,7.5,5.9,9.1,0.17,0.9,0.472,0.1,0.24,1.8,19.0
02081000,LA SEILLE A MULCEY,2013-07-30,19.0,7.9,5.0,2000.0,7.0,2.7,5.8,10.9,0.29,1.8,0.716,0.3,0.8,2.9,23.0
02081000,LA SEILLE A MULCEY,2013-08-27,15.0,7.7,9.9,2100.0,8.0,3.1,4.0,10.7,0.24,0.7,0.607,0.22,0.36,1.0,17.0
02081000,LA SEILLE A MULCEY,2013-09-24,16.0,8.7,9.1,790.0,29.0,25.1,10.1,2.7,0.26,1.6,0.537,0.06,0.04,3.9,5.0
02081000,LA SEILLE A MULCEY,2013-10-22,14.0,8.2,8.8,1000.0,25.0,14.0,8.5,6.6,0.15,1.6,0.246,0.14,0.13,4.5,35.0
02081000,LA SEILLE A MULCEY,2013-11-19,7.6,8.1,10.2,1500.0,35.0,31.6,5.6,15.2,0.15,1.3,0.269,0.27,0.16,2.5,11.0
02081100,LA PETITE SEILLE A HABOUDANGE,2013-02-12,2.2,8.1,7.9,1124.0,29.0,18.0,3.9,29.0,0.22,0.6,0.39,0.14,0.1,1.2,11.0
02081100,LA PETITE SEILLE A HABOUDANGE,2013-04-09,6.4,8.3,13.2,1337.0,7.0,1.7,3.5,24.0,0.14,0.9,0.41,0.4,0.2,3.7,5.0
02081100,LA PETITE SEILLE A HABOUDANGE,2013-06-04,12.9,7.95,11.4,1288.0,17.0,6.8,3.9,23.0,0.23,0.6,0.57,0.12,0.2,1.4,5.0
02081100,LA PETITE SEILLE A HABOUDANGE,2013-07-30,17.0,8.0,6.3,1400.0,20.0,8.9,4.1,18.3,0.29,0.9,0.75,0.14,0.45,2.8,14.0
02081100,LA PETITE SEILLE A HABOUDANGE,2013-09-24,14.0,7.9,6.7,1500.0,44.0,33.3,4.0,15.9,0.22,1.2,0.431,0.12,0.17,2.8,21.0
02081100,LA PETITE SEILLE A HABOUDANGE,2013-11-19,8.4,8.2,10.2,1300.0,120.0,89.0,3.3,22.8,0.19,2.5,0.367,0.19,0.17,2.3,23.0
02081300,LA PETITE SEILLE A SALONNES,2013-01-23,3.9,8.2,11.4,1643.0,28.0,23.0,3.4,29.0,0.13,0.8,0.29,0.21,0.13,1.7,12.0
02081300,LA PETITE SEILLE A SALONNES,2013-02-12,2.2,7.9,8.0,1170.0,42.0,25.0,3.7,28.0,0.19,0.5,0.3,0.18,0.09,2.2,8.0
02081300,LA PETITE SEILLE A SALONNES,2013-03-12,5.1,8.15,11.0,1333.0,20.0,13.0,3.1,20.0,0.1,0.7,0.16,0.26,0.09,2.8,13.0
02081300,LA PETITE SEILLE A SALONNES,2013-04-09,7.2,8.2,10.8,1555.0,7.6,3.0,3.0,26.0,0.08,0.6,0.26,0.14,0.14,2.2,5.0
02081300,LA PETITE SEILLE A SALONNES,2013-05-03,12.2,7.7,7.7,1179.0,25.0,17.0,3.7,26.0,0.14,0.9,0.27,0.09,0.15,1.4,20.0
02081300,LA PETITE SEILLE A SALONNES,2013-06-04,13.3,8.0,11.0,1450.0,23.0,11.0,3.9,24.0,0.16,0.6,0.35,0.09,0.16,1.3,5.0
02081300,LA PETITE SEILLE A SALONNES,2013-07-02,17.0,8.1,9.8,1600.0,13.0,7.9,3.9,19.5,0.15,0.6,0.449,0.1,0.2,1.4,11.0
02081300,LA PETITE SEILLE A SALONNES,2013-07-30,18.0,8.05,6.1,1500.0,7.0,4.3,5.1,21.0,0.28,1.2,0.706,0.27,0.67,2.7,10.0
02081300,LA PETITE SEILLE A SALONNES,2013-08-27,16.0,7.9,10.2,1600.0,7.0,1.7,3.3,22.3,0.31,0.5,0.832,0.11,0.28,1.1,10.0
02081300,LA PETITE SEILLE A SALONNES,2013-09-24,14.0,8.1,9.3,1700.0,28.0,19.7,3.6,19.7,0.19,0.7,0.464,0.07,0.17,1.2,10.0
02081300,LA PETITE SEILLE A SALONNES,2013-10-22,14.0,8.1,9.0,1400.0,48.0,33.0,5.3,19.6,0.18,1.0,0.337,0.11,0.16,1.5,22.0
02081300,LA PETITE SEILLE A SALONNES,2013-11-19,8.3,8.2,10.1,1500.0,61.0,43.4,3.4,24.9,0.17,0.9,0.332,0.12,0.16,1.8,18.0
02082000,LA SEILLE A NOMENY,2013-01-16,1.7,7.9,11.2,1788.0,25.0,18.0,4.2,28.0,0.13,0.5,0.27,0.14,0.11,0.5,10.0
02082000,LA SEILLE A NOMENY,2013-02-12,2.1,,8.0,973.0,27.0,22.0,5.1,21.0,0.15,0.6,0.25,0.09,0.06,1.2,12.0
02082000,LA SEILLE A NOMENY,2013-03-12,5.8,8.25,10.6,2038.0,15.0,12.0,3.1,22.0,0.11,0.6,0.2,0.17,0.14,3.0,21.0
02082000,LA SEILLE A NOMENY,2013-04-09,7.0,8.45,11.6,2161.0,3.1,4.7,3.3,20.0,0.05,0.6,0.08,0.13,0.08,2.4,5.0
02082000,LA SEILLE A NOMENY,2013-05-03,12.7,7.85,8.2,977.0,41.0,28.0,4.5,28.0,0.15,1.4,0.28,0.1,0.17,1.5,27.0
02082000,LA SEILLE A NOMENY,2013-06-04,15.0,7.9,9.5,1385.0,57.0,17.0,6.2,17.0,0.2,1.2,0.3,0.06,0.11,4.1,23.0
02082000,LA SEILLE A NOMENY,2013-07-02,19.0,8.25,9.3,2500.0,9.0,4.9,4.1,14.6,0.09,0.5,0.245,0.05,0.04,0.9,13.0
02082000,LA SEILLE A NOMENY,2013-07-30,21.0,7.95,5.3,3400.0,14.0,2.8,3.7,11.7,0.17,0.7,0.431,0.26,0.17,1.8,14.0
02082000,LA SEILLE A NOMENY,2013-08-27,17.0,8.05,10.0,3400.0,13.0,1.2,3.6,7.5,0.04,1.1,0.015,0.05,0.08,2.5,22.0
02082000,LA SEILLE A NOMENY,2013-09-24,15.0,7.7,8.1,1500.0,50.0,39.5,6.9,9.7,0.25,1.0,0.508,0.06,0.06,3.1,31.0
02082000,LA SEILLE A NOMENY,2013-10-22,14.0,8.1,8.7,1200.0,67.0,46.2,6.7,18.8,0.21,1.1,0.378,0.08,0.17,1.4,25.0
02082000,LA SEILLE A NOMENY,2013-11-19,7.8,8.2,10.4,1800.0,46.0,34.6,4.0,23.2,0.16,0.8,0.305,0.1,0.14,1.4,18.0
02082900,LA SEILLE A METZ,2013-01-16,2.1,7.95,10.8,1547.0,17.0,13.0,4.0,27.0,0.11,0.5,0.27,0.12,0.13,0.5,8.0
02082900,LA SEILLE A METZ,2013-02-12,1.7,8.1,8.1,856.0,28.0,23.0,5.9,22.0,0.16,0.7,0.25,0.09,0.06,1.1,12.0
02082900,LA SEILLE A METZ,2013-03-12,5.9,8.35,11.6,1638.0,13.0,7.3,3.4,23.0,0.12,0.7,0.2,0.1,0.11,3.2,5.0
02082900,LA SEILLE A METZ,2013-04-09,7.0,8.55,12.8,1871.0,5.1,3.3,3.7,20.0,0.04,0.6,0.07,0.08,0.06,2.6,5.0
02082900,LA SEILLE A METZ,2013-05-03,12.4,7.55,9.1,840.0,53.0,41.0,4.5,37.0,0.18,1.2,0.32,0.16,0.25,1.6,32.0
02082900,LA SEILLE A METZ,2013-06-04,14.9,8.05,9.4,1173.0,37.0,7.6,6.1,17.0,0.18,1.2,0.3,0.05,0.11,1.7,14.0
02082900,LA SEILLE A METZ,2013-07-02,20.0,8.25,8.3,2100.0,12.0,8.2,4.3,14.7,0.13,0.6,0.337,0.05,0.05,1.0,13.0
02082900,LA SEILLE A METZ,2013-07-30,22.0,8.2,8.1,2700.0,23.0,7.8,5.3,1.5,0.08,1.9,0.015,0.07,0.06,5.8,26.0
02082900,LA SEILLE A METZ,2013-08-27,18.0,7.85,10.6,3100.0,15.0,1.8,3.1,4.9,0.06,0.8,0.038,0.14,0.09,1.4,14.0
02082900,LA SEILLE A METZ,2013-09-24,15.0,8.2,8.4,1400.0,42.0,36.5,6.6,15.8,0.18,1.3,0.419,0.08,0.11,1.4,22.0
02082900,LA SEILLE A METZ,2013-10-22,14.0,7.9,9.3,1200.0,76.0,57.8,5.9,30.6,0.2,1.0,0.351,0.07,0.09,1.3,24.0
02082900,LA SEILLE A METZ,2013-11-19,7.9,8.3,11.0,1400.0,24.0,21.2,4.1,23.8,0.13,0.6,0.287,0.08,0.11,1.8,16.0
02084000,LA MOSELLE A HAUCONCOURT,2013-01-17,4.5,8.0,9.0,1332.0,9.5,3.7,3.0,,0.08,0.6,0.17,0.13,0.11,2.3,12.0
02084000,LA MOSELLE A HAUCONCOURT,2013-02-13,4.3,8.0,7.9,951.0,16.0,11.0,3.2,11.0,0.07,0.5,0.14,0.21,0.06,1.4,10.0
02084000,LA MOSELLE A HAUCONCOURT,2013-03-13,8.2,8.2,10.5,1385.0,15.0,4.7,2.7,,0.07,0.6,0.12,0.24,0.1,1.1,7.0
02084000,LA MOSELLE A HAUCONCOURT,2013-04-10,10.3,8.45,13.3,1691.0,11.0,6.0,2.7,,0.02,0.5,0.05,0.05,0.06,3.2,21.0
02084000,LA MOSELLE A HAUCONCOURT,2013-05-03,12.9,7.9,10.7,929.0,18.0,28.0,5.8,16.0,0.11,1.0,0.36,0.17,0.18,1.7,16.0
02084000,LA MOSELLE A HAUCONCOURT,2013-06-05,15.0,7.9,12.3,666.0,16.0,9.8,5.3,,0.1,1.0,0.16,0.13,0.09,0.7,19.0
02084000,LA MOSELLE A HAUCONCOURT,2013-07-03,21.0,7.8,8.0,1500.0,8.0,5.2,3.6,,0.08,0.6,0.189,0.09,0.07,0.7,10.0
02084000,LA MOSELLE A HAUCONCOURT,2013-07-31,24.0,7.6,8.8,1900.0,9.0,1.7,3.5,5.3,0.14,0.6,0.243,0.15,0.04,1.0,8.0
02084000,LA MOSELLE A HAUCONCOURT,2013-08-28,21.0,7.65,6.5,1700.0,5.0,3.8,3.3,,0.09,0.6,0.181,0.1,0.04,1.4,11.0
02084000,LA MOSELLE A HAUCONCOURT,2013-09-25,17.0,7.9,8.6,1700.0,14.0,14.7,5.4,,0.1,0.7,0.243,0.12,0.06,0.5,17.0
02084000,LA MOSELLE A HAUCONCOURT,2013-10-23,15.0,8.3,9.6,1900.0,29.0,4.3,3.9,8.2,0.11,0.9,0.163,0.2,0.06,1.4,14.0
02084000,LA MOSELLE A HAUCONCOURT,2013-11-20,9.2,8.0,10.7,990.0,13.0,8.0,2.9,,0.09,0.6,0.174,0.13,0.07,1.4,6.0
02085325,L'ORNE A GUSSAINVILLE,2013-01-24,,,,,,,,26.0,,,,,,,
02085325,L'ORNE A GUSSAINVILLE,2013-02-12,2.9,8.15,11.7,529.0,17.0,15.0,3.9,28.0,0.06,0.5,0.1,0.1,0.05,1.2,7.0
02085325,L'ORNE A GUSSAINVILLE,2013-04-09,6.1,8.2,11.1,570.0,3.7,2.4,2.8,21.0,0.03,0.5,0.11,0.2,0.09,2.1,5.0
02085325,L'ORNE A GUSSAINVILLE,2013-05-03,,,,,,,,19.0,,,,,,,
02085325,L'ORNE A GUSSAINVILLE,2013-06-05,13.7,8.05,9.1,525.0,11.0,5.8,4.0,18.0,0.08,0.6,0.21,0.11,0.15,1.3,12.0
02085325,L'ORNE A GUSSAINVILLE,2013-07-02,,,,,,,,17.1,,,,,,,
02085325,L'ORNE A GUSSAINVILLE,2013-07-30,19.0,7.9,8.3,590.0,4.0,2.6,4.1,13.7,0.16,0.7,0.433,0.06,0.12,1.7,17.0
02085325,L'ORNE A GUSSAINVILLE,2013-08-27,,,,,,,,11.3,,,,,,,
02085325,L'ORNE A GUSSAINVILLE,2013-09-24,14.0,8.1,8.6,630.0,5.0,4.0,3.8,22.4,0.12,0.7,0.293,0.05,0.07,0.7,8.0
02085325,L'ORNE A GUSSAINVILLE,2013-10-22,,,,,,,,23.0,,,,,,,
02085325,L'ORNE A GUSSAINVILLE,2013-11-19,8.1,8.1,12.3,580.0,10.0,9.5,6.7,28.7,0.07,0.7,0.129,0.12,0.11,1.3,12.0
02085600,L'YRON A SAINT-BENOIT-EN-WOEVRE,2013-01-14,3.9,8.0,11.4,901.0,22.0,19.0,4.1,35.0,0.87,0.7,2.3,0.22,0.14,3.7,21.0
02085600,L'YRON A SAINT-BENOIT-EN-WOEVRE,2013-02-12,2.6,8.0,12.3,706.0,25.0,19.0,4.4,33.0,0.65,0.7,1.4,0.05,0.06,1.4,10.0
02085600,L'YRON A SAINT-BENOIT-EN-WOEVRE,2013-03-11,5.3,8.4,11.3,946.0,18.0,9.8,4.0,31.0,1.16,0.9,3.5,0.05,0.06,0.9,17.0
02085600,L'YRON A SAINT-BENOIT-EN-WOEVRE,2013-04-08,6.2,8.35,12.2,947.0,12.0,5.0,3.7,38.0,0.92,0.9,2.6,0.05,0.11,5.1,18.0
02085600,L'YRON A SAINT-BENOIT-EN-WOEVRE,2013-05-03,11.4,8.1,8.4,896.0,23.0,15.0,5.5,34.0,0.68,1.0,1.6,0.18,0.26,1.9,18.0
02085600,L'YRON A SAINT-BENOIT-EN-WOEVRE,2013-06-03,10.8,8.1,9.7,834.0,15.0,13.0,5.6,26.0,0.49,0.9,1.2,0.06,0.11,2.4,18.0
02085600,L'YRON A SAINT-BENOIT-EN-WOEVRE,2013-07-01,14.0,8.1,8.3,1000.0,8.0,4.0,6.6,17.8,1.0,1.2,2.32,0.4,0.47,1.4,14.0
02085600,L'YRON A SAINT-BENOIT-EN-WOEVRE,2013-07-29,20.0,7.9,5.0,1100.0,5.0,3.7,7.2,18.6,1.5,1.2,3.901,0.12,0.76,2.1,21.0
02085600,L'YRON A SAINT-BENOIT-EN-WOEVRE,2013-08-26,16.0,8.2,6.5,1800.0,5.0,3.0,6.6,16.9,2.1,1.0,4.91,0.06,0.1,1.3,20.0
02085600,L'YRON A SAINT-BENOIT-EN-WOEVRE,2013-09-23,12.0,8.15,7.9,1700.0,4.0,4.1,5.2,21.6,1.4,0.8,3.87,0.05,0.07,0.8,13.0
02085600,L'YRON A SAINT-BENOIT-EN-WOEVRE,2013-10-21,13.0,7.9,9.9,1300.0,6.0,6.7,5.6,33.3,1.1,0.7,2.92,0.12,0.27,0.5,12.0
02085600,L'YRON A SAINT-BENOIT-EN-WOEVRE,2013-11-18,8.8,8.1,9.8,790.0,17.0,11.6,4.1,26.2,0.4,0.8,1.09,0.18,0.19,1.7,9.0
02086500,LE WOIGOT A BRIEY,2013-01-16,7.2,7.8,10.9,1593.0,27.0,6.6,1.1,12.0,0.02,0.5,0.04,0.14,0.09,0.9,5.0
02086500,LE WOIGOT A BRIEY,2013-02-12,7.2,7.95,11.2,1321.0,6.6,4.0,1.9,15.0,0.01,0.5,0.04,0.13,0.04,1.1,5.0
02086500,LE WOIGOT A BRIEY,2013-03-12,8.3,8.0,10.5,1642.0,64.0,24.0,1.0,10.0,0.1,0.5,0.11,0.19,0.07,2.1,18.0
02086500,LE WOIGOT A BRIEY,2013-04-09,9.7,7.8,8.0,1660.0,270.0,0.6,1.1,9.4,0.01,1.9,0.03,0.2,0.08,1.3,33.0
02086500,LE WOIGOT A BRIEY,2013-05-06,12.5,8.0,10.5,1632.0,150.0,67.0,1.2,7.4,0.18,1.0,0.3,0.1,0.09,0.6,17.0
02086500,LE WOIGOT A BRIEY,2013-06-04,11.8,7.8,10.0,1506.0,37.0,74.0,1.3,11.0,0.09,0.5,0.02,0.11,0.05,1.1,5.0
02086500,LE WOIGOT A BRIEY,2013-07-02,13.0,7.9,10.6,1700.0,30.0,17.2,1.3,7.6,0.03,0.5,0.015,0.07,0.1,1.2,7.0
02086500,LE WOIGOT A BRIEY,2013-07-30,16.0,8.0,9.0,1800.0,29.0,13.5,1.0,5.7,0.04,0.5,0.028,0.11,0.08,2.2,5.0
02086500,LE WOIGOT A BRIEY,2013-08-27,14.0,8.0,9.4,1800.0,100.0,3.0,1.0,5.7,0.12,0.7,0.025,0.08,0.05,1.1,12.0
02086500,LE WOIGOT A BRIEY,2013-09-24,11.0,8.0,9.8,1500.0,900.0,0.5,1.3,6.8,0.43,2.2,0.063,0.07,0.04,1.3,29.0
02086500,LE WOIGOT A BRIEY,2013-10-22,13.0,8.0,10.0,1300.0,15.0,9.9,1.7,13.6,0.04,0.5,0.058,0.06,0.05,1.3,10.0
02086500,LE WOIGOT A BRIEY,2013-11-19,9.6,7.9,10.2,1300.0,7.0,5.2,1.6,12.7,0.03,0.5,0.034,0.13,0.07,1.1,5.0
02088000,L'ORNE A JOEUF (AVAL),2013-01-16,3.0,8.2,12.2,867.0,5.3,3.6,2.8,30.0,0.07,0.8,0.17,0.2,0.15,0.6,6.0
02088000,L'ORNE A JOEUF (AVAL),2013-02-12,3.0,8.25,12.6,736.0,10.0,7.4,3.6,34.0,0.05,0.5,0.13,0.13,0.08,1.9,5.0
02088000,L'ORNE A JOEUF (AVAL),2013-03-12,6.0,8.3,10.2,571.0,3.1,4.7,2.8,23.0,0.05,0.5,0.15,0.25,0.09,2.2,15.0
02088000,L'ORNE A JOEUF (AVAL),2013-04-09,7.7,8.1,8.8,895.0,5.0,2.6,2.9,22.0,0.03,0.5,0.03,0.09,0.09,2.1,5.0
02088000,L'ORNE A JOEUF (AVAL),2013-05-06,15.6,8.4,8.0,911.0,6.3,4.7,3.8,23.0,0.06,0.7,0.11,0.05,0.14,0.8,10.0
02088000,L'ORNE A JOEUF (AVAL),2013-06-04,13.5,8.1,9.7,804.0,8.1,6.6,4.3,23.0,0.08,0.6,0.16,0.1,0.12,1.1,5.0
02088000,L'ORNE A JOEUF (AVAL),2013-07-02,17.0,8.2,9.0,870.0,5.0,3.9,4.3,16.9,0.06,0.5,0.179,0.05,0.08,0.9,7.0
02088000,L'ORNE A JOEUF (AVAL),2013-07-30,20.0,8.0,5.1,980.0,4.0,1.3,3.4,8.4,0.13,0.6,0.321,0.11,0.09,1.4,10.0
02088000,L'ORNE A JOEUF (AVAL),2013-08-27,18.0,8.2,6.8,990.0,3.0,0.7,4.0,4.6,0.14,0.5,0.339,0.24,0.08,4.3,12.0
02088000,L'ORNE A JOEUF (AVAL),2013-09-24,14.0,8.0,8.4,810.0,4.0,3.7,5.2,27.7,0.1,0.6,0.279,0.05,0.1,1.0,12.0
02088000,L'ORNE A JOEUF (AVAL),2013-10-22,13.0,8.1,9.3,770.0,14.0,16.7,4.1,23.3,0.11,0.5,0.248,0.08,0.11,1.2,18.0
02088000,L'ORNE A JOEUF (AVAL),2013-11-19,8.2,8.2,10.9,750.0,4.0,3.7,3.7,27.5,0.08,0.5,0.161,0.1,0.12,1.0,8.0
02089000,L'ORNE A ROSSELANGE,2013-02-12,4.8,7.7,11.0,926.0,6.4,5.8,2.8,27.0,0.05,0.5,0.12,0.14,0.08,1.4,5.0
02089000,L'ORNE A ROSSELANGE,2013-04-09,8.1,8.1,8.0,1134.0,2.7,0.1,2.2,14.0,0.02,0.5,0.04,0.12,0.06,1.5,5.0
02089000,L'ORNE A ROSSELANGE,2013-06-04,13.4,7.6,8.7,1052.0,6.2,4.1,3.7,17.0,0.05,0.5,0.11,0.12,0.1,0.6,5.0
02089000,L'ORNE A ROSSELANGE,2013-07-30,18.0,7.6,7.0,1200.0,2.0,0.6,2.3,8.0,0.09,0.5,0.226,0.14,0.15,2.4,6.0
02089000,L'ORNE A ROSSELANGE,2013-09-24,13.0,7.65,8.6,1100.0,2.0,2.3,3.5,13.8,0.07,0.6,0.209,0.06,0.09,0.6,9.0
02089000,L'ORNE A ROSSELANGE,2013-11-19,9.1,7.7,9.5,930.0,5.0,3.1,3.0,21.8,0.06,0.5,0.134,0.08,0.09,1.1,5.0
02089900,L'ORNE A RICHEMONT,2013-01-16,5.1,8.1,10.5,1094.0,5.4,3.4,2.1,22.0,0.07,0.5,0.14,0.13,0.11,0.6,5.0
02089900,L'ORNE A RICHEMONT,2013-02-12,4.8,7.9,11.9,916.0,7.2,5.0,3.3,27.0,0.06,0.6,0.13,0.18,0.08,0.9,5.0
02089900,L'ORNE A RICHEMONT,2013-03-12,7.0,8.15,12.2,1109.0,2.0,0.1,2.5,17.0,0.05,0.5,0.08,0.11,0.09,1.9,9.0
02089900,L'ORNE A RICHEMONT,2013-04-09,8.0,8.1,8.2,1118.0,2.7,0.93,2.4,13.0,0.03,0.6,0.06,0.22,0.09,1.8,5.0
02089900,L'ORNE A RICHEMONT,2013-05-06,15.3,8.1,11.9,990.0,2.0,1.2,3.3,16.0,0.06,0.6,0.13,0.05,0.12,0.7,10.0
02089900,L'ORNE A RICHEMONT,2013-06-04,13.9,7.8,9.7,996.0,4.1,3.1,3.7,16.0,0.08,0.6,0.18,0.1,0.11,0.7,7.0
02089900,L'ORNE A RICHEMONT,2013-07-02,16.0,7.95,10.6,1100.0,2.0,1.2,3.4,12.6,0.07,0.6,0.194,0.05,0.08,1.0,8.0
02089900,L'ORNE A RICHEMONT,2013-07-30,20.0,8.2,10.0,1100.0,2.0,0.6,2.8,6.9,0.12,0.5,0.289,0.09,0.14,2.2,7.0
02089900,L'ORNE A RICHEMONT,2013-08-27,16.0,7.95,10.2,1200.0,6.0,0.5,2.9,4.5,0.14,0.5,0.328,0.16,0.19,1.1,6.0
02089900,L'ORNE A RICHEMONT,2013-09-24,13.0,8.0,8.9,1100.0,3.0,1.2,3.6,11.6,0.12,0.6,0.326,0.08,0.2,1.1,11.0
02089900,L'ORNE A RICHEMONT,2013-10-22,13.0,7.9,9.8,940.0,2.0,1.2,3.9,20.1,0.12,0.5,0.304,0.24,0.27,1.3,16.0
02089900,L'ORNE A RICHEMONT,2013-11-19,8.8,7.9,10.7,890.0,5.0,3.0,3.3,21.8,0.07,0.5,0.164,0.17,0.1,1.3,8.0
02090000,LA MOSELLE A UCKANGE,2013-01-17,3.3,7.8,9.2,1198.0,5.0,2.9,2.8,16.0,0.07,0.6,0.18,0.13,0.12,2.2,10.0
02090000,LA MOSELLE A UCKANGE,2013-02-13,4.4,8.1,8.3,938.0,12.0,11.0,3.2,15.0,0.08,0.5,0.15,0.17,0.07,1.2,14.0
02090000,LA MOSELLE A UCKANGE,2013-03-13,6.6,8.3,10.9,1346.0,5.0,1.9,2.7,11.0,0.06,0.6,0.11,0.2,0.1,1.3,10.0
02090000,LA MOSELLE A UCKANGE,2013-04-10,9.9,8.35,12.4,1558.0,14.0,4.7,2.7,11.0,0.05,0.7,0.08,0.13,0.08,3.5,12.0
02090000,LA MOSELLE A UCKANGE,2013-05-03,13.0,7.95,10.3,900.0,40.0,32.0,4.1,19.0,0.11,1.0,0.21,0.14,0.2,1.6,19.0
02090000,LA MOSELLE A UCKANGE,2013-06-05,15.6,8.0,10.5,782.0,13.0,6.6,4.9,10.0,0.1,0.8,0.16,0.09,0.09,0.7,18.0
02090000,LA MOSELLE A UCKANGE,2013-07-03,20.0,7.7,7.2,1500.0,6.0,2.9,3.7,9.6,0.07,0.5,0.23,0.07,0.06,0.8,14.0
02090000,LA MOSELLE A UCKANGE,2013-07-31,22.0,7.75,7.8,1700.0,10.0,1.3,3.6,5.6,0.15,0.7,0.263,0.11,0.05,1.1,9.0
02090000,LA MOSELLE A UCKANGE,2013-08-28,21.0,7.6,7.0,1600.0,2.0,1.4,3.5,4.3,0.09,0.5,0.19,0.08,0.05,1.0,13.0
02090000,LA MOSELLE A UCKANGE,2013-09-25,17.0,8.2,7.7,1600.0,6.0,4.5,5.0,11.0,0.08,0.5,0.247,0.1,0.07,0.5,16.0
02090000,LA MOSELLE A UCKANGE,2013-10-23,15.0,7.9,9.3,1600.0,26.0,14.6,4.0,9.9,0.12,0.8,0.242,0.16,0.09,1.6,15.0
02090000,LA MOSELLE A UCKANGE,2013-11-20,8.1,8.0,10.8,1000.0,10.0,6.7,3.1,14.0,0.09,0.5,0.186,0.11,0.09,1.3,6.0
02092000,LA FENSCH A FLORANGE,2013-01-17,9.0,7.8,7.0,1993.0,32.0,3.1,2.6,4.5,0.19,1.7,0.27,0.78,0.56,3.9,13.0
02092000,LA FENSCH A FLORANGE,2013-02-13,11.5,7.9,6.0,1755.0,15.0,1.6,2.6,5.3,0.14,1.5,0.26,0.67,0.39,5.2,21.0
02092000,LA FENSCH A FLORANGE,2013-03-13,11.0,8.1,7.8,2105.0,15.0,2.5,3.2,7.4,0.16,2.1,0.37,0.97,0.61,4.5,28.0
02092000,LA FENSCH A FLORANGE,2013-04-10,8.9,8.15,10.0,1612.0,17.0,5.3,3.1,5.5,0.33,2.2,0.61,1.27,0.61,5.9,26.0
02092000,LA FENSCH A FLORANGE,2013-05-03,14.1,8.0,8.4,1806.0,8.6,3.4,1.9,6.3,0.19,1.5,0.42,0.73,0.78,2.7,10.0
02092000,LA FENSCH A FLORANGE,2013-06-05,15.1,8.05,9.0,1705.0,14.0,3.8,2.5,6.2,0.17,1.3,0.36,0.57,0.5,2.7,13.0
02092000,LA FENSCH A FLORANGE,2013-07-03,16.0,7.7,5.9,1200.0,33.0,8.6,3.8,5.4,0.29,2.6,0.65,1.5,0.64,4.6,31.0
02092000,LA FENSCH A FLORANGE,2013-07-31,19.0,7.65,7.8,1900.0,30.0,1.7,3.3,4.8,0.2,0.9,0.46,0.46,0.62,4.3,16.0
02092000,LA FENSCH A FLORANGE,2013-08-28,18.0,7.9,6.9,1900.0,25.0,10.9,3.7,3.8,0.31,1.6,0.543,0.43,0.61,2.9,28.0
02092000,LA FENSCH A FLORANGE,2013-09-25,18.0,8.2,4.8,2000.0,27.0,5.6,5.5,3.2,0.51,7.6,0.834,7.5,0.61,15.8,39.0
02092000,LA FENSCH A FLORANGE,2013-10-23,16.0,7.7,7.6,750.0,310.0,19.6,2.9,7.8,0.19,15.6,0.36,0.37,0.34,4.5,240.0
02092000,LA FENSCH A FLORANGE,2013-11-20,12.0,8.0,8.5,1700.0,27.0,16.0,2.3,7.2,0.13,2.3,0.261,0.61,0.49,4.7,24.0
02093100,LA MOSELLE A MANOM,2013-01-17,4.2,8.1,10.4,1237.0,7.7,6.2,2.9,13.0,0.07,0.5,0.2,0.13,0.13,3.1,10.0
02093100,LA MOSELLE A MANOM,2013-02-13,3.1,8.0,12.6,907.0,20.0,16.0,3.5,13.0,0.09,0.6,0.16,0.17,0.06,1.2,13.0
02093100,LA MOSELLE A MANOM,2013-03-13,7.0,7.9,10.4,1334.0,6.6,5.2,2.9,11.0,0.06,0.6,0.11,0.17,0.1,1.9,14.0
02093100,LA MOSELLE A MANOM,2013-04-10,9.5,8.4,11.8,1542.0,12.0,4.2,3.1,9.6,0.04,0.7,0.03,0.1,0.07,3.8,10.0
02093100,LA MOSELLE A MANOM,2013-05-06,13.6,7.9,9.5,637.0,73.0,73.0,6.5,15.0,0.19,1.0,0.59,0.14,0.17,1.4,24.0
02093100,LA MOSELLE A MANOM,2013-06-05,14.4,7.8,9.7,643.0,16.0,12.0,3.4,7.7,0.11,0.6,0.19,0.12,0.09,1.1,18.0
02093100,LA MOSELLE A MANOM,2013-07-03,20.0,8.0,8.5,1400.0,6.0,2.3,3.7,9.2,0.08,0.6,0.21,0.14,0.07,1.8,9.0
02093100,LA MOSELLE A MANOM,2013-07-31,22.0,7.75,5.4,1700.0,5.0,1.4,3.6,6.6,0.15,0.8,0.272,0.2,0.08,0.7,15.0
02093100,LA MOSELLE A MANOM,2013-08-28,20.0,7.8,6.4,1600.0,4.0,1.2,3.2,4.2,0.09,0.5,0.214,0.16,0.08,1.2,6.0
02093100,LA MOSELLE A MANOM,2013-09-25,17.0,8.0,8.0,1700.0,6.0,3.3,4.5,12.1,0.09,0.6,0.234,0.12,0.07,0.9,14.0
02093100,LA MOSELLE A MANOM,2013-10-23,14.0,8.0,9.0,1400.0,35.0,10.6,4.9,9.2,0.13,0.9,0.239,0.17,0.06,1.4,13.0
02093100,LA MOSELLE A MANOM,2013-11-20,8.6,8.0,9.8,1000.0,14.0,9.2,3.1,12.3,0.09,0.5,0.19,0.11,0.08,1.5,7.0
02093600,LA CANNER A HOMBOURG-BUDANGE,2013-01-24,3.8,7.7,10.0,1318.0,28.0,15.0,3.4,15.0,0.09,0.5,0.17,0.23,0.06,1.4,14.0
02093600,LA CANNER A HOMBOURG-BUDANGE,2013-02-14,1.6,7.9,8.9,1201.0,14.0,8.3,3.7,15.0,0.06,0.5,0.14,0.19,0.05,0.5,15.0
02093600,LA CANNER A HOMBOURG-BUDANGE,2013-03-14,2.6,7.95,12.9,1405.0,11.0,0.1,3.1,10.0,0.05,0.6,0.12,0.21,0.03,2.6,8.0
02093600,LA CANNER A HOMBOURG-BUDANGE,2013-04-11,8.9,7.95,9.9,1346.0,2.6,2.2,3.7,8.7,0.05,0.5,0.1,0.12,0.07,1.8,11.0
02093600,LA CANNER A HOMBOURG-BUDANGE,2013-05-10,12.0,7.8,7.8,1384.0,8.2,7.4,3.7,8.9,0.07,0.5,0.14,0.1,0.1,0.8,8.0
02093600,LA CANNER A HOMBOURG-BUDANGE,2013-06-06,13.0,8.0,9.0,1443.0,7.4,4.6,3.4,10.0,0.06,0.7,0.13,0.08,0.07,1.2,10.0
02093600,LA CANNER A HOMBOURG-BUDANGE,2013-07-04,15.0,7.7,7.2,1000.0,38.0,38.0,7.1,11.5,0.09,0.9,0.181,0.05,0.33,1.1,19.0
02093600,LA CANNER A HOMBOURG-BUDANGE,2013-08-01,15.0,7.8,6.8,1900.0,5.0,0.1,2.6,7.1,0.06,0.5,0.133,0.06,0.04,1.3,8.0
02093600,LA CANNER A HOMBOURG-BUDANGE,2013-08-29,13.0,7.85,9.0,2000.0,3.0,2.8,2.0,6.5,0.04,0.5,0.05,0.05,0.04,0.5,5.0
02093600,LA CANNER A HOMBOURG-BUDANGE,2013-09-26,13.0,7.85,8.5,2000.0,4.0,3.3,2.3,5.6,0.06,0.5,0.158,0.05,0.03,0.5,5.0
02093600,LA CANNER A HOMBOURG-BUDANGE,2013-10-24,13.0,8.0,10.0,910.0,58.0,39.7,7.5,22.2,0.25,1.2,0.499,0.36,0.18,4.4,26.0
02093600,LA CANNER A HOMBOURG-BUDANGE,2013-11-21,6.4,8.1,11.0,860.0,39.0,38.4,5.3,10.8,0.11,1.1,0.21,0.14,0.06,1.7,15.0
02094000,LA CANNER A KOENIGSMACKER,2013-01-24,3.4,8.0,11.2,1739.0,4.3,3.5,2.9,15.0,0.1,0.5,0.28,0.19,0.11,1.2,7.0
02094000,LA CANNER A KOENIGSMACKER,2013-02-14,2.4,8.2,7.8,1485.0,6.2,4.7,3.3,16.0,0.07,0.5,0.2,0.16,0.07,1.0,7.0
02094000,LA CANNER A KOENIGSMACKER,2013-03-14,2.5,8.25,13.4,1864.0,4.8,1.2,2.6,12.0,0.05,0.5,0.14,0.09,0.07,2.2,5.0
02094000,LA CANNER A KOENIGSMACKER,2013-04-11,9.2,8.1,7.7,1770.0,2.0,1.3,3.2,11.0,0.08,0.5,0.13,0.06,0.11,1.3,5.0
02094000,LA CANNER A KOENIGSMACKER,2013-05-10,13.2,8.05,8.0,1706.0,5.3,2.9,3.4,9.7,0.13,0.5,0.33,0.12,0.19,1.2,5.0
02094000,LA CANNER A KOENIGSMACKER,2013-06-06,13.3,8.25,8.9,1942.0,6.1,3.1,2.9,12.0,0.1,0.6,0.26,0.11,0.14,1.3,5.0
02094000,LA CANNER A KOENIGSMACKER,2013-07-04,15.0,8.0,6.9,1100.0,85.0,67.2,7.6,9.4,0.11,1.2,0.284,0.07,0.12,1.3,24.0
02094000,LA CANNER A KOENIGSMACKER,2013-08-01,17.0,8.0,7.0,2200.0,5.0,1.0,3.5,10.3,0.15,0.5,0.393,0.08,0.17,1.2,6.0
02094000,LA CANNER A KOENIGSMACKER,2013-08-29,14.0,8.05,8.7,2200.0,4.0,1.6,2.2,9.3,0.15,0.5,0.405,0.11,0.17,0.8,5.0
02094000,LA CANNER A KOENIGSMACKER,2013-09-26,13.0,8.1,9.1,2300.0,2.0,1.3,2.5,8.2,0.15,0.6,0.506,0.1,0.2,0.5,5.0
02094000,LA CANNER A KOENIGSMACKER,2013-10-24,13.0,8.0,8.9,970.0,100.0,57.3,9.7,16.9,0.21,1.2,0.481,0.07,0.11,5.1,37.0
02094000,LA CANNER A KOENIGSMACKER,2013-11-21,6.7,8.3,11.2,1300.0,20.0,17.3,4.4,10.8,0.1,0.7,0.217,0.1,0.07,1.9,11.0
02094500,LA BOLER A GAVISSE,2013-01-17,0.9,8.25,11.6,741.0,7.7,7.4,3.6,25.0,0.1,0.7,0.26,0.22,0.08,2.9,12.0
02094500,LA BOLER A GAVISSE,2013-02-13,1.4,8.05,12.3,665.0,8.5,7.0,3.5,21.0,0.08,0.5,0.17,0.2,0.06,1.0,
02094500,LA BOLER A GAVISSE,2013-03-13,1.0,8.15,12.5,838.0,5.4,3.0,3.8,20.0,0.07,0.7,0.13,0.16,0.1,0.5,13.0
02094500,LA BOLER A GAVISSE,2013-04-10,7.4,8.0,10.4,806.0,2.7,1.1,4.4,18.0,0.07,0.8,0.15,0.15,0.15,2.7,11.0
02094500,LA BOLER A GAVISSE,2013-05-06,13.8,7.85,9.1,768.0,2.4,1.3,4.3,14.0,0.11,0.8,0.24,0.05,0.14,0.9,65.0
02094500,LA BOLER A GAVISSE,2013-06-05,12.3,7.75,8.0,767.0,5.2,3.0,4.1,21.0,0.16,0.5,0.33,0.06,0.12,0.7,9.0
02094500,LA BOLER A GAVISSE,2013-07-03,16.0,7.8,7.3,810.0,6.0,1.1,4.3,17.6,0.15,0.7,0.446,0.05,0.08,1.3,8.0
02094500,LA BOLER A GAVISSE,2013-07-31,18.0,7.9,6.1,750.0,3.0,1.5,4.7,16.6,0.36,0.7,0.685,0.07,0.13,0.8,12.0
02094500,LA BOLER A GAVISSE,2013-08-28,15.0,7.75,6.9,790.0,2.0,1.3,3.5,28.5,0.31,0.5,0.874,0.05,0.1,1.6,7.0
02094500,LA BOLER A GAVISSE,2013-09-25,13.0,7.8,8.3,800.0,2.0,2.3,3.2,19.5,0.22,0.5,0.64,0.05,0.07,0.5,8.0
02094500,LA BOLER A GAVISSE,2013-10-23,14.0,7.6,8.8,510.0,600.0,203.0,8.1,21.6,0.24,4.7,0.506,0.09,0.13,4.5,130.0
02094500,LA BOLER A GAVISSE,2013-11-20,7.1,8.0,9.8,680.0,4.0,5.1,4.5,20.2,0.13,0.5,0.253,0.1,0.16,1.7,7.0
02094700,LE RUISSEAU D'OUDRENNE A KOENIGSMACKER,2013-02-14,1.5,8.2,8.4,1892.0,6.8,4.5,2.9,14.0,0.07,0.5,0.2,0.15,0.08,0.5,9.0
02094700,LE RUISSEAU D'OUDRENNE A KOENIGSMACKER,2013-04-11,9.1,8.15,10.0,518.0,3.8,1.9,2.9,8.8,0.07,0.5,0.1,0.06,0.11,1.5,6.0
02094700,LE RUISSEAU D'OUDRENNE A KOENIGSMACKER,2013-06-06,12.7,8.2,8.5,2350.0,18.0,9.2,2.5,9.6,0.1,0.5,0.26,0.11,0.16,1.1,5.0
02094700,LE RUISSEAU D'OUDRENNE A KOENIGSMACKER,2013-08-01,16.0,7.9,7.9,2400.0,4.0,2.6,3.3,8.4,0.14,0.5,0.351,0.05,0.09,1.2,5.0
02094700,LE RUISSEAU D'OUDRENNE A KOENIGSMACKER,2013-09-26,13.0,8.15,9.6,2400.0,4.0,3.2,2.4,7.2,0.11,0.5,0.291,0.05,0.06,0.5,5.0
02094700,LE RUISSEAU D'OUDRENNE A KOENIGSMACKER,2013-11-21,5.9,8.3,11.3,1400.0,45.0,38.5,5.2,7.1,0.11,0.9,0.216,0.07,0.08,2.0,17.0
02094800,LE RUISSEAU D'ALTBACH A BEYREN-LES-SIERCK,2013-02-13,3.0,8.15,11.4,949.0,6.8,4.2,4.0,36.0,0.25,1.1,0.6,0.69,0.37,3.4,10.0
02094800,LE RUISSEAU D'ALTBACH A BEYREN-LES-SIERCK,2013-04-10,7.4,8.05,9.7,930.0,7.4,3.4,4.6,26.0,0.4,1.1,0.99,0.33,0.31,5.4,16.0
02094800,LE RUISSEAU D'ALTBACH A BEYREN-LES-SIERCK,2013-06-05,12.8,8.0,9.2,934.0,7.6,3.8,4.3,32.0,0.44,0.6,0.98,0.14,0.34,0.9,19.0
02094800,LE RUISSEAU D'ALTBACH A BEYREN-LES-SIERCK,2013-07-31,18.0,8.0,6.0,1000.0,10.0,2.0,5.3,14.9,0.84,0.7,1.73,0.1,0.1,0.9,15.0
02094800,LE RUISSEAU D'ALTBACH A BEYREN-LES-SIERCK,2013-09-25,14.0,8.05,8.0,1300.0,8.0,4.8,3.6,22.5,0.63,0.7,1.49,0.06,0.05,0.5,13.0
02094800,LE RUISSEAU D'ALTBACH A BEYREN-LES-SIERCK,2013-11-20,8.9,8.1,10.3,740.0,4.0,3.3,4.5,27.1,0.23,0.5,0.607,0.09,0.3,1.6,9.0
02094900,LA MOSELLE A SIERCK,2013-01-15,5.6,8.1,11.3,1506.0,10.0,5.6,3.1,14.0,0.07,0.5,0.19,0.16,0.14,1.8,8.0
02094900,LA MOSELLE A SIERCK,2013-02-14,4.1,8.1,7.7,1024.0,13.0,11.0,3.5,14.0,0.08,0.6,0.18,0.26,0.08,1.2,12.0
02094900,LA MOSELLE A SIERCK,2013-03-14,7.0,8.25,11.3,1464.0,8.1,0.1,2.5,11.0,0.03,0.5,0.11,0.2,0.12,1.9,8.0
02094900,LA MOSELLE A SIERCK,2013-04-11,10.1,8.15,10.9,1601.0,4.4,5.1,2.9,10.0,0.04,0.7,0.04,0.06,0.08,1.7,9.0
02094900,LA MOSELLE A SIERCK,2013-05-10,15.3,7.9,7.9,890.0,13.0,10.0,5.2,14.0,0.1,0.6,0.24,0.1,0.14,1.1,10.0
02094900,LA MOSELLE A SIERCK,2013-05-22,11.9,7.9,7.1,917.0,68.0,14.0,,,0.16,1.0,,,,1.9,30.0
02094900,LA MOSELLE A SIERCK,2013-06-06,16.0,7.95,8.5,802.0,10.0,5.3,4.7,8.0,0.08,0.5,0.2,0.09,0.08,1.2,11.0
02094900,LA MOSELLE A SIERCK,2013-06-18,21.8,7.9,9.5,1329.0,7.5,3.4,,,0.07,0.7,,,,1.4,9.0
02094900,LA MOSELLE A SIERCK,2013-07-04,20.0,7.9,5.3,1400.0,7.0,2.5,4.0,11.5,0.09,0.5,0.246,0.12,0.08,0.5,11.0
02094900,LA MOSELLE A SIERCK,2013-07-24,25.0,8.4,8.9,1617.0,9.3,1.0,,,0.07,0.6,,,,0.5,13.0
02094900,LA MOSELLE A SIERCK,2013-08-01,22.0,7.85,6.2,1700.0,3.0,2.1,3.9,6.0,0.11,0.5,0.255,0.11,0.06,0.8,9.0
02094900,LA MOSELLE A SIERCK,2013-08-28,19.0,8.2,8.5,1571.0,2.9,1.2,,,0.1,0.7,,,,1.2,11.0
02094900,LA MOSELLE A SIERCK,2013-08-29,20.0,7.95,7.9,1700.0,4.0,1.9,3.1,4.7,0.09,0.5,0.231,0.07,0.04,0.9,8.0
02094900,LA MOSELLE A SIERCK,2013-09-25,16.4,7.8,8.4,1627.0,7.9,0.76,,,0.11,0.6,,,,1.0,10.0
02094900,LA MOSELLE A SIERCK,2013-09-26,17.0,7.95,8.7,1700.0,5.0,2.9,4.3,10.9,0.1,0.6,0.27,0.07,0.05,0.5,16.0
02094900,LA MOSELLE A SIERCK,2013-10-22,14.3,8.0,10.4,1718.0,27.0,19.0,,,0.1,0.6,,,,1.3,20.0
02094900,LA MOSELLE A SIERCK,2013-10-24,14.0,7.8,8.0,1300.0,85.0,83.6,3.5,13.1,0.09,1.1,0.218,0.09,0.08,4.1,79.0
02094900,LA MOSELLE A SIERCK,2013-11-21,7.8,8.2,11.2,1100.0,21.0,15.3,3.5,11.5,0.07,0.6,0.197,0.1,0.08,2.4,11.0
02094920,LE RUISSEAU D'APACH A APACH,2013-02-14,5.3,8.4,8.2,729.0,6.7,2.0,1.5,41.0,0.07,0.5,0.23,0.12,0.08,0.5,7.0
02094920,LE RUISSEAU D'APACH A APACH,2013-04-11,12.8,8.4,10.3,721.0,8.5,2.5,2.2,38.0,0.08,0.5,0.26,0.08,0.16,1.6,9.0
02094920,LE RUISSEAU D'APACH A APACH,2013-06-06,12.4,8.4,9.5,745.0,11.0,3.8,1.6,37.0,0.09,0.5,0.24,0.12,0.11,1.1,5.0
02094920,LE RUISSEAU D'APACH A APACH,2013-08-01,14.0,8.1,8.7,720.0,9.0,2.9,2.2,41.2,0.09,0.5,0.223,0.05,0.09,1.5,5.0
02094920,LE RUISSEAU D'APACH A APACH,2013-09-26,12.0,8.4,10.3,690.0,5.0,3.7,2.4,39.1,0.14,0.5,0.334,0.05,0.21,0.7,8.0
02094920,LE RUISSEAU D'APACH A APACH,2013-11-21,7.7,8.5,12.0,680.0,14.0,12.4,2.2,37.2,0.1,0.5,0.225,0.11,0.12,1.6,5.0
02094930,LE RUISSEAU DES QUATRE MOULINS A VOLMERANGE,2013-02-13,5.9,8.25,11.6,525.0,27.0,15.0,0.9,12.0,0.06,0.5,0.07,0.09,0.02,0.9,14.0
02094930,LE RUISSEAU DES QUATRE MOULINS A VOLMERANGE,2013-04-10,8.3,8.3,11.2,385.0,13.0,3.5,1.9,9.2,0.07,0.6,0.11,0.29,0.07,2.3,6.0
02094930,LE RUISSEAU DES QUATRE MOULINS A VOLMERANGE,2013-06-05,11.9,8.2,10.6,479.0,9.5,2.6,1.0,9.0,0.03,0.5,0.07,0.05,0.03,0.5,5.0
02094930,LE RUISSEAU DES QUATRE MOULINS A VOLMERANGE,2013-07-31,16.0,8.3,8.3,500.0,2.0,1.2,1.6,7.3,0.07,0.5,0.13,0.09,0.07,0.7,5.0
02094930,LE RUISSEAU DES QUATRE MOULINS A VOLMERANGE,2013-09-25,12.0,8.3,7.8,550.0,11.0,4.4,2.9,7.5,0.37,4.6,0.882,4.3,0.2,7.3,20.0
02094930,LE RUISSEAU DES QUATRE MOULINS A VOLMERANGE,2013-11-20,8.9,8.2,10.2,520.0,17.0,4.2,0.9,12.0,0.07,0.5,0.091,0.15,0.06,1.6,5.0
02094950,L'ALZETTE A AUDUN-LE-TICHE,2013-01-17,6.9,8.05,7.7,789.0,25.0,7.5,2.3,13.0,0.3,1.6,0.67,0.76,0.35,0.9,9.0
02094950,L'ALZETTE A AUDUN-LE-TICHE,2013-02-13,8.3,8.0,8.4,766.0,13.0,2.7,2.2,13.0,0.26,1.4,0.48,0.94,0.33,5.6,15.0
02094950,L'ALZETTE A AUDUN-LE-TICHE,2013-03-13,6.5,7.9,7.2,919.0,18.0,0.1,2.8,13.0,0.38,2.3,0.66,1.67,0.44,1.3,23.0
02094950,L'ALZETTE A AUDUN-LE-TICHE,2013-04-10,8.8,7.9,8.0,447.0,66.0,4.1,3.4,7.9,0.44,3.8,0.79,2.24,0.32,1.1,24.0
02094950,L'ALZETTE A AUDUN-LE-TICHE,2013-05-06,12.5,7.85,3.7,798.0,12.0,2.3,5.1,7.3,0.79,6.8,1.9,7.08,0.9,6.0,30.0
02094950,L'ALZETTE A AUDUN-LE-TICHE,2013-06-05,12.4,7.9,6.8,711.0,12.0,1.8,2.9,12.0,0.51,3.2,1.1,3.08,0.61,3.5,17.0
02094950,L'ALZETTE A AUDUN-LE-TICHE,2013-07-03,14.0,7.7,6.4,510.0,22.0,8.6,4.1,6.1,0.52,3.4,1.31,2.3,0.52,5.5,27.0
02094950,L'ALZETTE A AUDUN-LE-TICHE,2013-07-31,15.0,8.0,5.6,760.0,5.0,1.3,3.4,8.8,0.48,1.4,0.832,0.92,0.67,1.7,9.0
02094950,L'ALZETTE A AUDUN-LE-TICHE,2013-08-28,14.0,7.95,6.6,730.0,8.0,1.6,3.1,9.2,0.52,1.7,1.14,1.6,0.89,2.3,13.0
02094950,L'ALZETTE A AUDUN-LE-TICHE,2013-09-25,13.0,8.1,4.4,910.0,59.0,29.0,13.1,0.5,1.5,20.3,2.36,17.0,0.69,7.0,130.0
02094950,L'ALZETTE A AUDUN-LE-TICHE,2013-10-23,14.0,7.8,7.0,610.0,10.0,14.0,3.4,8.1,0.34,2.1,0.705,1.3,0.38,7.0,16.0
02094950,L'ALZETTE A AUDUN-LE-TICHE,2013-11-20,9.6,8.1,8.3,710.0,9.0,1.6,2.0,15.0,0.3,0.7,0.701,0.59,0.3,2.9,7.0
02094970,LA SARRE BLANCHE A TURQUESTEIN-BLANCRUPT,2013-01-14,,,,,,,,2.5,,,,,,,
02094970,LA SARRE BLANCHE A TURQUESTEIN-BLANCRUPT,2013-02-11,3.5,7.8,12.4,57.0,2.8,0.98,2.0,2.3,0.03,0.5,0.04,0.05,0.01,1.7,5.0
02094970,LA SARRE BLANCHE A TURQUESTEIN-BLANCRUPT,2013-03-11,,,,,,,,2.2,,,,,,,
02094970,LA SARRE BLANCHE A TURQUESTEIN-BLANCRUPT,2013-04-08,4.3,6.6,12.0,69.0,2.0,0.43,1.5,1.8,0.01,0.5,0.04,0.05,0.01,1.0,5.0
02094970,LA SARRE BLANCHE A TURQUESTEIN-BLANCRUPT,2013-05-06,,,,,,,,2.2,,,,,,,
02094970,LA SARRE BLANCHE A TURQUESTEIN-BLANCRUPT,2013-06-03,8.2,7.2,9.7,57.0,5.2,1.9,2.9,2.0,0.02,0.5,0.02,0.05,0.01,1.0,6.0
02094970,LA SARRE BLANCHE A TURQUESTEIN-BLANCRUPT,2013-07-01,,,,,,,,2.0,,,,,,,
02094970,LA SARRE BLANCHE A TURQUESTEIN-BLANCRUPT,2013-07-29,13.0,7.5,10.4,89.0,2.0,0.9,1.5,2.5,0.02,0.5,0.042,0.05,0.01,0.5,6.0
02094970,LA SARRE BLANCHE A TURQUESTEIN-BLANCRUPT,2013-08-26,,,,,,,,1.3,,,,,,,
02094970,LA SARRE BLANCHE A TURQUESTEIN-BLANCRUPT,2013-09-23,10.0,7.4,10.9,64.0,3.0,1.6,2.2,2.2,0.02,0.5,0.026,0.05,0.01,0.9,5.0
02094970,LA SARRE BLANCHE A TURQUESTEIN-BLANCRUPT,2013-10-21,,,,,,,,2.1,,,,,,,
02094970,LA SARRE BLANCHE A TURQUESTEIN-BLANCRUPT,2013-11-18,6.1,7.4,11.9,78.0,2.0,0.7,2.0,2.2,0.01,0.5,0.037,0.05,0.01,1.3,5.0
02094973,LA SARRE BLANCHE A TURQUESTEIN-BLANCRUPT (AMONT STORINDAL),2013-01-14,4.4,7.85,11.9,51.0,7.9,1.6,2.0,2.9,0.06,0.5,0.03,0.05,0.01,1.9,5.0
02094973,LA SARRE BLANCHE A TURQUESTEIN-BLANCRUPT (AMONT STORINDAL),2013-02-11,4.2,7.65,11.7,47.0,4.6,1.1,2.1,2.3,0.02,0.5,0.03,0.05,0.01,0.5,5.0
02094973,LA SARRE BLANCHE A TURQUESTEIN-BLANCRUPT (AMONT STORINDAL),2013-03-11,6.1,8.0,9.3,57.0,5.2,1.7,2.3,4.2,0.02,0.5,0.03,0.05,0.01,1.2,5.0
02094973,LA SARRE BLANCHE A TURQUESTEIN-BLANCRUPT (AMONT STORINDAL),2013-04-08,4.6,5.9,12.1,51.0,2.0,0.59,1.5,2.0,0.01,0.5,0.015,0.05,0.01,0.9,5.0
02094973,LA SARRE BLANCHE A TURQUESTEIN-BLANCRUPT (AMONT STORINDAL),2013-05-06,9.5,7.7,10.4,63.0,2.6,1.5,2.9,2.2,0.02,0.7,0.05,0.05,0.01,0.5,11.0
02094973,LA SARRE BLANCHE A TURQUESTEIN-BLANCRUPT (AMONT STORINDAL),2013-06-03,9.9,6.7,11.0,44.0,6.5,2.3,3.2,2.0,0.02,0.5,0.015,0.05,0.01,0.9,8.0
02094973,LA SARRE BLANCHE A TURQUESTEIN-BLANCRUPT (AMONT STORINDAL),2013-07-01,11.0,7.1,11.6,54.0,3.0,1.1,3.1,1.8,0.01,0.5,0.015,0.05,0.01,0.5,5.0
02094973,LA SARRE BLANCHE A TURQUESTEIN-BLANCRUPT (AMONT STORINDAL),2013-07-29,14.0,7.0,10.1,63.0,2.0,1.1,2.0,2.1,0.02,0.5,0.017,0.05,0.01,0.8,8.0
02094973,LA SARRE BLANCHE A TURQUESTEIN-BLANCRUPT (AMONT STORINDAL),2013-08-26,13.0,7.15,9.6,56.0,56.0,10.3,4.4,1.4,0.05,0.6,0.015,0.05,0.01,1.8,35.0
02094973,LA SARRE BLANCHE A TURQUESTEIN-BLANCRUPT (AMONT STORINDAL),2013-09-23,10.0,7.25,10.7,50.0,3.0,1.4,2.2,2.1,0.01,0.5,0.015,0.05,0.01,0.5,6.0
02094973,LA SARRE BLANCHE A TURQUESTEIN-BLANCRUPT (AMONT STORINDAL),2013-10-21,11.0,6.9,10.5,44.0,5.0,1.7,3.0,2.2,0.01,0.5,0.031,0.06,0.01,1.1,8.0
02094973,LA SARRE BLANCHE A TURQUESTEIN-BLANCRUPT (AMONT STORINDAL),2013-11-18,6.3,7.1,11.7,67.0,4.0,0.9,1.8,2.5,0.01,0.5,0.017,0.05,0.01,1.3,5.0
02094979,LE RUISSEAU D'ABRESCHVILLER A ABRESCHVILLER,2013-01-14,4.1,7.1,11.9,46.0,3.0,1.2,1.3,4.1,0.01,0.5,0.02,0.05,0.01,1.8,5.0
02094979,LE RUISSEAU D'ABRESCHVILLER A ABRESCHVILLER,2013-02-11,5.5,6.2,11.9,39.0,3.8,0.94,1.5,3.5,0.01,0.5,0.02,0.05,0.01,0.5,5.0
02094979,LE RUISSEAU D'ABRESCHVILLER A ABRESCHVILLER,2013-03-11,6.4,7.8,10.2,45.0,2.1,0.73,1.4,5.0,0.01,0.5,0.04,0.07,0.01,1.4,5.0
02094979,LE RUISSEAU D'ABRESCHVILLER A ABRESCHVILLER,2013-04-08,4.9,6.1,12.1,39.0,2.0,0.16,1.2,3.2,0.01,0.5,0.015,0.05,0.01,0.7,5.0
02094979,LE RUISSEAU D'ABRESCHVILLER A ABRESCHVILLER,2013-05-06,9.4,7.65,12.4,46.0,2.0,0.66,1.4,3.3,0.01,0.5,0.015,0.05,0.01,0.5,5.0
02094979,LE RUISSEAU D'ABRESCHVILLER A ABRESCHVILLER,2013-06-03,8.7,6.0,11.6,39.0,4.4,1.7,2.6,3.0,0.02,0.5,0.015,0.05,0.01,0.8,7.0
02094979,LE RUISSEAU D'ABRESCHVILLER A ABRESCHVILLER,2013-07-01,9.9,7.05,9.9,41.0,2.0,0.3,1.8,2.8,0.01,0.5,0.015,0.05,0.01,0.5,5.0
02094979,LE RUISSEAU D'ABRESCHVILLER A ABRESCHVILLER,2013-07-29,12.0,7.4,10.5,52.0,2.0,0.6,1.3,3.1,0.01,0.5,0.015,0.05,0.01,1.4,6.0
02094979,LE RUISSEAU D'ABRESCHVILLER A ABRESCHVILLER,2013-08-26,12.0,6.8,9.8,39.0,33.0,11.6,3.5,2.2,0.01,0.5,0.015,0.05,0.01,1.0,25.0
02094979,LE RUISSEAU D'ABRESCHVILLER A ABRESCHVILLER,2013-09-23,9.9,6.8,10.9,47.0,2.0,0.7,1.5,3.3,0.01,0.5,0.015,0.05,0.01,1.4,7.0
02094979,LE RUISSEAU D'ABRESCHVILLER A ABRESCHVILLER,2013-10-21,9.9,6.2,10.8,260.0,4.0,16.7,2.0,7.5,0.01,0.5,0.024,0.05,0.01,1.0,7.0
02094979,LE RUISSEAU D'ABRESCHVILLER A ABRESCHVILLER,2013-11-18,6.9,6.1,11.7,62.0,4.0,0.8,1.4,3.6,0.01,0.5,0.015,0.05,0.01,1.1,5.0
02094979,LE RUISSEAU D'ABRESCHVILLER A ABRESCHVILLER,2013-12-16,5.4,6.9,11.3,37.0,2.0,0.7,1.4,3.1,0.01,0.5,0.015,0.05,0.01,1.3,6.0
02095500,LA BIEVRE A SARREBOURG,2013-01-14,4.0,8.0,11.7,392.0,7.4,6.9,3.5,16.0,0.1,0.5,0.19,0.21,0.13,2.3,7.0
02095500,LA BIEVRE A SARREBOURG,2013-03-11,6.4,7.75,8.9,348.0,5.1,4.4,3.8,12.0,0.09,1.1,0.2,0.37,0.14,0.5,12.0
02095500,LA BIEVRE A SARREBOURG,2013-04-08,6.1,6.9,11.4,404.0,3.3,1.5,2.7,12.0,0.05,0.5,0.13,0.05,0.1,1.8,5.0
02095500,LA BIEVRE A SARREBOURG,2013-05-06,11.3,7.15,10.0,254.0,31.0,21.0,4.1,11.0,0.12,1.0,0.29,0.09,0.08,0.9,15.0
02095500,LA BIEVRE A SARREBOURG,2013-06-03,10.6,7.7,9.6,266.0,19.0,16.0,4.2,11.0,0.1,0.5,0.17,0.12,0.09,1.7,12.0
02095500,LA BIEVRE A SARREBOURG,2013-07-01,15.0,7.75,9.0,400.0,8.0,5.2,4.6,10.6,0.11,0.6,0.342,0.07,0.16,1.0,13.0
02095500,LA BIEVRE A SARREBOURG,2013-07-29,19.0,7.7,7.2,330.0,9.0,5.7,3.1,14.2,0.15,0.6,0.432,0.07,0.12,1.5,10.0
02095500,LA BIEVRE A SARREBOURG,2013-08-26,16.0,7.65,8.0,260.0,45.0,8.3,4.0,7.8,0.16,0.6,0.366,0.24,0.21,3.0,18.0
02095500,LA BIEVRE A SARREBOURG,2013-09-23,13.0,7.85,9.1,370.0,5.0,4.6,3.7,11.1,0.13,0.5,0.279,0.06,0.13,0.5,9.0
02095500,LA BIEVRE A SARREBOURG,2013-10-21,13.0,7.6,9.2,220.0,18.0,16.3,5.9,7.7,0.09,0.6,0.168,0.07,0.06,1.7,20.0
02095500,LA BIEVRE A SARREBOURG,2013-11-18,7.2,7.6,11.0,330.0,7.0,4.3,3.2,12.3,0.08,0.5,0.185,0.11,0.12,1.6,6.0
02095500,LA BIEVRE A SARREBOURG,2013-12-16,2.5,8.0,10.8,370.0,8.0,6.0,4.0,12.3,0.08,0.6,0.147,0.29,0.14,2.1,8.0
02095600,LA SARRE A SARRALTROFF,2013-01-14,3.8,8.0,11.5,317.0,5.8,6.4,3.2,9.0,0.07,0.5,0.16,0.15,0.07,2.4,7.0
02095600,LA SARRE A SARRALTROFF,2013-02-11,2.2,7.85,12.0,228.0,16.0,10.0,3.2,7.1,0.1,0.5,0.13,0.14,0.03,2.4,7.0
02095600,LA SARRE A SARRALTROFF,2013-03-11,6.8,7.75,8.1,219.0,11.0,4.5,3.0,9.0,0.06,0.7,0.19,0.17,0.06,0.6,9.0
02095600,LA SARRE A SARRALTROFF,2013-04-08,6.1,7.5,10.5,290.0,4.8,1.1,2.7,5.5,0.04,0.5,0.12,0.09,0.06,1.9,5.0
02095600,LA SARRE A SARRALTROFF,2013-05-06,13.4,7.25,10.0,263.0,27.0,18.0,5.4,6.4,0.11,0.9,0.19,0.12,0.07,1.0,21.0
02095600,LA SARRE A SARRALTROFF,2013-06-03,12.0,7.55,9.5,198.0,16.0,10.0,5.0,4.7,0.08,0.7,0.13,0.14,0.06,1.8,9.0
02095600,LA SARRE A SARRALTROFF,2013-07-01,16.0,7.55,7.9,270.0,7.0,5.5,4.6,5.7,0.06,0.6,0.185,0.09,0.11,1.2,9.0
02095600,LA SARRE A SARRALTROFF,2013-07-29,21.0,7.5,5.6,250.0,11.0,7.8,4.2,4.0,0.12,0.6,0.313,0.12,0.07,1.8,12.0
02095600,LA SARRE A SARRALTROFF,2013-08-26,17.0,7.45,5.9,230.0,13.0,4.8,3.9,4.6,0.21,1.1,0.49,0.35,0.14,3.6,21.0
02095600,LA SARRE A SARRALTROFF,2013-09-23,14.0,7.7,8.1,280.0,6.0,6.2,4.2,6.6,0.12,0.5,0.261,0.1,0.08,1.3,13.0
02095600,LA SARRE A SARRALTROFF,2013-10-21,13.0,7.5,9.3,350.0,21.0,17.7,7.7,17.4,0.12,0.8,0.216,0.11,0.15,1.6,24.0
02095600,LA SARRE A SARRALTROFF,2013-11-18,7.3,7.7,10.8,240.0,6.0,5.6,3.0,6.0,0.06,0.5,0.151,0.1,0.06,1.5,10.0
02096000,LA SARRE A GOSSELMING,2013-01-14,3.7,8.15,11.5,383.0,15.0,11.0,4.2,8.4,0.09,0.5,0.18,0.18,0.08,2.7,19.0
02096000,LA SARRE A GOSSELMING,2013-02-11,2.3,7.9,12.2,282.0,16.0,3.5,3.8,6.5,0.1,0.5,0.13,0.12,0.04,2.5,7.0
02096000,LA SARRE A GOSSELMING,2013-03-11,7.0,7.9,9.8,273.0,8.5,3.3,3.1,6.1,0.07,0.6,0.13,0.15,0.06,0.7,21.0
02096000,LA SARRE A GOSSELMING,2013-04-08,7.3,8.1,10.8,315.0,3.5,1.5,2.9,5.2,0.05,0.5,0.09,0.07,0.06,1.9,5.0
02096000,LA SARRE A GOSSELMING,2013-05-06,14.0,7.75,9.6,292.0,27.0,18.0,5.8,5.1,0.1,0.9,0.16,0.09,0.06,1.1,20.0
02096000,LA SARRE A GOSSELMING,2013-06-03,12.2,7.7,9.5,224.0,16.0,12.0,0.5,4.6,0.08,0.5,0.13,0.1,0.06,1.7,15.0
02096000,LA SARRE A GOSSELMING,2013-07-01,16.0,7.7,8.9,290.0,6.0,4.9,5.0,4.9,0.11,0.5,0.22,0.07,0.09,1.1,12.0
02096000,LA SARRE A GOSSELMING,2013-07-29,21.0,7.7,7.2,290.0,11.0,6.3,3.7,3.8,0.17,0.6,0.347,0.08,0.06,1.1,12.0
02096000,LA SARRE A GOSSELMING,2013-08-26,18.0,7.8,8.0,280.0,13.0,6.7,5.0,4.6,0.16,0.8,0.325,0.09,0.08,2.3,19.0
02096000,LA SARRE A GOSSELMING,2013-09-23,14.0,7.8,9.1,340.0,6.0,5.1,4.5,7.0,0.13,0.5,0.282,0.09,0.07,0.5,14.0
02096000,LA SARRE A GOSSELMING,2013-10-21,13.0,7.7,9.5,260.0,21.0,3.2,6.1,7.7,0.11,0.6,0.186,0.07,0.06,1.5,17.0
02096000,LA SARRE A GOSSELMING,2013-11-18,7.4,7.9,11.2,290.0,6.0,4.5,3.9,5.0,0.07,0.5,0.144,0.06,0.05,1.6,6.0
02096400,L'ISCH A HIRSCHLAND,2013-01-22,4.6,7.8,11.8,932.0,5.0,,2.43,,0.129,0.7,,,,2.1,5.0
02096400,L'ISCH A HIRSCHLAND,2013-02-20,5.1,8.0,11.6,642.0,6.0,,3.2,,0.064,0.7,,,,2.0,8.0
02096400,L'ISCH A HIRSCHLAND,2013-03-20,5.8,7.7,11.0,598.0,28.0,,5.46,,0.117,1.0,,,,2.2,18.0
02096400,L'ISCH A HIRSCHLAND,2013-04-17,12.7,8.1,11.6,735.0,3.0,,2.99,,0.079,0.6,,,,2.6,15.0
02096400,L'ISCH A HIRSCHLAND,2013-05-14,10.9,7.2,10.2,738.0,3.0,,3.53,,0.063,0.7,,,,2.3,8.0
02096400,L'ISCH A HIRSCHLAND,2013-06-11,13.8,8.2,10.1,769.0,11.0,,3.26,,0.14,0.5,,,,2.0,6.0
02096400,L'ISCH A HIRSCHLAND,2013-07-11,16.3,8.5,9.9,810.0,4.0,,3.09,,0.235,0.6,,,,2.0,5.0
02096400,L'ISCH A HIRSCHLAND,2013-08-08,16.9,7.8,8.0,711.0,2.0,,4.92,,0.211,0.6,,,,2.0,9.0
02096400,L'ISCH A HIRSCHLAND,2013-09-02,14.9,8.6,10.4,851.0,9.0,,2.39,,0.278,0.5,,,,2.0,5.0
02096400,L'ISCH A HIRSCHLAND,2013-10-04,11.6,8.0,9.5,876.0,3.0,,2.44,,0.297,0.5,,,,2.0,5.0
02096400,L'ISCH A HIRSCHLAND,2013-10-29,12.2,8.1,9.0,590.0,29.0,,7.23,,0.108,0.8,,,,2.0,14.0
02096400,L'ISCH A HIRSCHLAND,2013-11-27,4.2,7.9,11.9,742.0,8.0,,3.26,,0.085,0.5,,,,2.6,6.0
02096480,LE BRUCHBACH A KIRRBERG,2013-01-22,3.3,7.9,11.7,809.0,8.0,,2.79,,0.107,0.9,,,,2.0,6.0
02096480,LE BRUCHBACH A KIRRBERG,2013-02-20,4.4,8.0,11.4,642.0,8.0,,3.37,,0.078,0.8,,,,2.0,8.0
02096480,LE BRUCHBACH A KIRRBERG,2013-03-20,5.8,7.8,10.9,546.0,30.0,,4.74,,0.119,1.1,,,,2.7,16.0
02096480,LE BRUCHBACH A KIRRBERG,2013-04-17,13.7,8.1,8.7,697.0,5.0,,3.13,,0.095,0.6,,,,2.6,13.0
02096480,LE BRUCHBACH A KIRRBERG,2013-05-14,12.0,7.9,9.4,692.0,4.0,,3.49,,0.092,0.8,,,,2.2,8.0
02096480,LE BRUCHBACH A KIRRBERG,2013-06-11,13.8,8.3,8.7,728.0,3.0,,3.32,,0.136,0.6,,,,2.0,7.0
02096480,LE BRUCHBACH A KIRRBERG,2013-07-11,17.7,8.4,6.5,780.0,4.0,,3.7,,0.193,1.0,,,,2.0,6.0
02096480,LE BRUCHBACH A KIRRBERG,2013-08-08,18.2,7.8,5.8,608.0,5.0,,6.11,,0.269,0.9,,,,2.0,12.0
02096480,LE BRUCHBACH A KIRRBERG,2013-09-02,15.9,8.4,6.9,841.0,2.0,,3.01,,0.301,0.5,,,,2.0,6.0
02096480,LE BRUCHBACH A KIRRBERG,2013-10-04,11.8,7.9,7.7,878.0,19.0,,3.03,,0.201,0.5,,,,2.1,6.0
02096480,LE BRUCHBACH A KIRRBERG,2013-10-29,12.5,8.3,9.1,536.0,38.0,,7.32,,0.15,1.0,,,,2.4,16.0
02096480,LE BRUCHBACH A KIRRBERG,2013-11-27,2.8,8.0,12.0,686.0,4.0,,3.64,,0.091,0.6,,,,2.6,6.0
02096500,L'ISCH A WOLFSKIRCHEN,2013-01-23,4.6,8.2,11.0,910.0,3.4,3.7,2.5,23.0,0.11,0.5,0.28,0.2,0.11,1.3,11.0
02096500,L'ISCH A WOLFSKIRCHEN,2013-03-12,6.0,8.0,9.7,727.0,2.9,1.8,2.8,18.0,0.05,0.5,0.13,0.08,0.1,2.5,5.0
02096500,L'ISCH A WOLFSKIRCHEN,2013-04-09,7.0,8.05,10.8,715.0,2.0,0.8,2.6,16.0,0.04,0.5,0.07,0.08,0.1,1.8,5.0
02096500,L'ISCH A WOLFSKIRCHEN,2013-05-10,13.0,8.05,8.8,685.0,5.5,3.5,3.3,17.0,0.06,0.5,0.15,0.07,0.06,0.6,5.0
02096500,L'ISCH A WOLFSKIRCHEN,2013-06-04,11.2,8.05,8.9,679.0,6.7,3.9,3.5,16.0,0.08,0.5,0.23,0.05,0.07,1.5,8.0
02096500,L'ISCH A WOLFSKIRCHEN,2013-07-02,16.0,8.0,7.6,770.0,5.0,3.2,3.4,15.7,0.14,0.5,0.389,0.05,0.16,1.1,8.0
02096500,L'ISCH A WOLFSKIRCHEN,2013-07-30,18.0,8.0,6.6,800.0,4.0,1.8,3.0,12.3,0.23,0.6,0.635,0.06,0.08,1.4,6.0
02096500,L'ISCH A WOLFSKIRCHEN,2013-08-27,15.0,7.9,12.6,720.0,4.0,1.6,3.2,14.1,0.32,0.5,0.839,0.05,0.1,0.7,8.0
02096500,L'ISCH A WOLFSKIRCHEN,2013-09-24,14.0,8.05,8.0,740.0,7.0,5.7,3.3,18.2,0.17,0.5,0.486,0.05,0.05,0.8,9.0
02096500,L'ISCH A WOLFSKIRCHEN,2013-10-22,13.0,8.0,8.6,620.0,14.0,10.5,5.4,17.5,0.1,0.6,0.261,0.06,0.07,1.2,19.0
02096500,L'ISCH A WOLFSKIRCHEN,2013-11-19,8.3,8.1,9.2,710.0,3.0,2.7,3.0,19.4,0.1,0.5,0.239,0.05,0.08,1.3,6.0
02096500,L'ISCH A WOLFSKIRCHEN,2013-12-17,4.4,8.2,11.3,720.0,3.0,2.5,3.2,16.0,0.09,0.5,0.296,0.05,0.07,2.6,5.0
02096750,LE CANAL DES HOUILLERES DE LA SARRE A ALTWILLER,2013-01-23,,,,,,,,22.0,,,,,,,
02096750,LE CANAL DES HOUILLERES DE LA SARRE A ALTWILLER,2013-03-12,,,,,,,,4.6,,,,,,,
02096750,LE CANAL DES HOUILLERES DE LA SARRE A ALTWILLER,2013-04-09,7.0,7.95,11.5,340.0,9.3,14.0,8.1,0.8,0.01,1.1,0.015,0.07,0.01,1.3,18.0
02096750,LE CANAL DES HOUILLERES DE LA SARRE A ALTWILLER,2013-05-10,,,,,,,,0.5,,,,,,,
02096750,LE CANAL DES HOUILLERES DE LA SARRE A ALTWILLER,2013-05-23,13.1,7.8,8.0,324.0,10.0,12.0,,,0.03,0.7,,,,0.7,21.0
02096750,LE CANAL DES HOUILLERES DE LA SARRE A ALTWILLER,2013-06-04,15.3,7.8,8.5,280.0,11.0,11.0,8.2,0.5,0.03,0.7,0.03,0.05,0.01,1.4,12.0
02096750,LE CANAL DES HOUILLERES DE LA SARRE A ALTWILLER,2013-06-19,23.7,7.5,7.3,302.0,6.5,5.2,,,0.01,0.8,,,,0.7,25.0
02096750,LE CANAL DES HOUILLERES DE LA SARRE A ALTWILLER,2013-07-02,,,,,,,,0.5,,,,,,,
02096750,LE CANAL DES HOUILLERES DE LA SARRE A ALTWILLER,2013-07-25,25.0,8.1,6.5,315.0,14.0,7.0,,,0.04,0.6,,,,1.3,25.0
02096750,LE CANAL DES HOUILLERES DE LA SARRE A ALTWILLER,2013-07-30,23.0,7.6,5.0,770.0,9.0,5.2,2.2,9.0,0.04,0.5,0.117,0.05,0.03,1.7,5.0
02096750,LE CANAL DES HOUILLERES DE LA SARRE A ALTWILLER,2013-08-27,,,,,,,,0.5,,,,,,,
02096750,LE CANAL DES HOUILLERES DE LA SARRE A ALTWILLER,2013-08-29,18.8,7.9,7.1,281.0,18.0,12.0,,,0.03,1.0,,,,0.5,27.0
02096750,LE CANAL DES HOUILLERES DE LA SARRE A ALTWILLER,2013-09-24,16.0,8.15,9.2,270.0,13.0,14.2,7.8,0.5,0.03,1.0,0.028,0.05,0.02,1.7,26.0
02096750,LE CANAL DES HOUILLERES DE LA SARRE A ALTWILLER,2013-09-26,16.7,8.2,9.1,301.0,18.0,13.0,,,0.02,1.0,,,,2.8,28.0
02096750,LE CANAL DES HOUILLERES DE LA SARRE A ALTWILLER,2013-10-22,15.3,7.9,9.5,333.0,10.0,9.0,,0.6,0.02,0.8,,,,1.3,27.0
02096750,LE CANAL DES HOUILLERES DE LA SARRE A ALTWILLER,2013-11-19,7.1,8.3,10.4,350.0,11.0,8.7,7.7,0.8,0.03,0.7,0.026,0.09,0.02,1.9,23.0
02096900,LA SARRE A KESKASTEL,2013-01-15,3.2,8.0,12.0,504.0,7.7,5.1,3.7,11.0,0.1,0.7,0.25,0.12,0.09,1.9,8.0
02096900,LA SARRE A KESKASTEL,2013-02-12,1.8,8.1,12.8,369.0,15.0,8.8,4.6,7.9,0.08,0.5,0.14,0.12,0.04,1.9,10.0
02096900,LA SARRE A KESKASTEL,2013-03-12,6.5,8.1,9.1,424.0,14.0,5.5,3.3,10.0,0.06,0.5,0.15,0.11,0.07,3.2,13.0
02096900,LA SARRE A KESKASTEL,2013-04-09,7.0,8.25,11.8,464.0,4.9,2.3,3.2,5.9,0.06,0.6,0.15,0.09,0.04,2.8,7.0
02096900,LA SARRE A KESKASTEL,2013-05-10,15.0,7.95,9.1,404.0,11.0,7.5,5.7,6.6,0.1,0.9,0.28,0.12,0.07,0.8,16.0
02096900,LA SARRE A KESKASTEL,2013-06-04,12.8,7.9,9.9,321.0,15.0,10.0,5.3,5.9,0.09,0.6,0.19,0.08,0.08,1.2,6.0
02096900,LA SARRE A KESKASTEL,2013-07-02,18.0,8.1,9.4,460.0,6.0,3.7,3.9,7.2,0.11,0.8,0.338,0.07,0.1,1.2,10.0
02096900,LA SARRE A KESKASTEL,2013-07-30,22.0,8.1,8.0,450.0,16.0,7.7,4.3,3.6,0.14,0.9,0.344,0.05,0.05,3.1,20.0
02096900,LA SARRE A KESKASTEL,2013-08-27,18.0,7.65,8.8,410.0,11.0,7.0,4.5,5.5,0.19,0.5,0.447,0.17,0.1,1.0,17.0
02096900,LA SARRE A KESKASTEL,2013-09-24,15.0,7.95,8.9,480.0,8.0,7.7,5.9,13.5,0.14,0.7,0.376,0.09,0.1,1.3,17.0
02096900,LA SARRE A KESKASTEL,2013-10-22,13.0,8.0,8.8,390.0,25.0,25.0,6.3,8.7,0.11,0.8,0.248,0.11,0.1,1.4,25.0
02096900,LA SARRE A KESKASTEL,2013-11-19,7.6,8.1,11.0,380.0,7.0,6.3,2.5,6.8,0.09,0.5,0.181,0.08,0.06,1.7,12.0
02097000,L'ALBE A SARRALBE,2013-01-15,1.6,8.0,11.8,1067.0,15.0,9.0,5.8,15.0,0.19,0.6,0.46,0.16,0.1,2.4,15.0
02097000,L'ALBE A SARRALBE,2013-02-12,0.9,8.0,11.9,753.0,28.0,19.0,7.0,14.0,0.14,0.8,0.31,0.16,0.07,1.1,16.0
02097000,L'ALBE A SARRALBE,2013-03-12,5.0,7.9,9.4,1104.0,12.0,7.5,5.1,13.0,0.19,0.9,0.59,0.21,0.1,3.4,11.0
02097000,L'ALBE A SARRALBE,2013-04-09,6.7,8.15,11.0,1257.0,7.9,4.5,4.7,12.0,0.14,0.9,0.33,0.16,0.09,2.4,5.0
02097000,L'ALBE A SARRALBE,2013-05-10,16.2,7.8,7.2,820.0,11.0,7.4,8.8,7.3,0.23,0.9,0.52,0.11,0.11,0.7,14.0
02097000,L'ALBE A SARRALBE,2013-06-04,15.0,7.8,8.8,804.0,13.0,8.7,9.4,7.2,0.24,1.1,0.56,0.08,0.13,2.1,22.0
02097000,L'ALBE A SARRALBE,2013-07-02,18.0,8.1,8.6,1300.0,13.0,8.3,6.5,8.1,0.28,0.9,0.814,0.05,0.06,1.4,19.0
02097000,L'ALBE A SARRALBE,2013-07-30,20.0,7.9,6.3,1500.0,13.0,7.5,5.5,7.8,0.57,0.9,1.48,0.07,0.13,1.4,18.0
02097000,L'ALBE A SARRALBE,2013-08-27,17.0,7.8,6.8,1200.0,9.0,4.8,6.4,11.0,0.41,1.0,0.921,0.37,0.29,1.2,18.0
02097000,L'ALBE A SARRALBE,2013-09-24,14.0,7.85,7.3,940.0,10.0,8.3,7.9,5.7,0.23,1.1,0.598,0.06,0.07,1.6,25.0
02097000,L'ALBE A SARRALBE,2013-10-22,14.0,7.8,6.7,720.0,22.0,21.0,10.1,7.2,0.18,1.2,0.398,0.05,0.08,1.8,33.0
02097000,L'ALBE A SARRALBE,2013-11-19,7.2,8.0,9.0,880.0,14.0,11.1,3.2,9.2,0.21,0.9,0.463,0.13,0.14,1.7,18.0
02097000,L'ALBE A SARRALBE,2013-12-17,2.3,8.1,11.9,1100.0,16.0,12.3,5.7,10.3,0.17,0.8,0.375,0.16,0.09,2.5,13.0
02098200,L'EICHEL A WALDHAMBACH,2013-01-17,2.2,7.9,12.2,321.0,7.7,6.4,3.1,12.0,0.09,0.5,0.2,0.07,0.04,2.6,13.0
02098200,L'EICHEL A WALDHAMBACH,2013-02-13,2.7,7.95,11.8,215.0,13.0,1.9,2.4,9.4,0.11,0.8,0.16,0.17,0.05,1.3,7.0
02098200,L'EICHEL A WALDHAMBACH,2013-03-13,2.6,7.8,10.8,289.0,13.0,2.9,4.3,7.8,0.14,0.8,0.14,0.25,0.1,3.5,7.0
02098200,L'EICHEL A WALDHAMBACH,2013-04-10,7.3,7.65,10.0,294.0,39.0,6.3,3.9,9.6,0.16,1.0,0.31,0.37,0.09,5.9,22.0
02098200,L'EICHEL A WALDHAMBACH,2013-05-10,12.0,7.75,9.2,239.0,13.0,5.7,4.3,7.9,0.11,0.5,0.26,0.2,0.05,1.1,5.0
02098200,L'EICHEL A WALDHAMBACH,2013-06-05,10.5,7.75,8.6,237.0,9.8,5.8,4.0,7.9,0.11,0.5,0.18,0.12,0.05,1.1,16.0
02098200,L'EICHEL A WALDHAMBACH,2013-07-03,16.0,7.6,6.3,300.0,6.0,5.0,4.3,6.2,0.17,0.8,0.477,0.3,0.74,1.8,15.0
02098200,L'EICHEL A WALDHAMBACH,2013-07-31,17.0,7.6,5.1,340.0,7.0,2.2,3.6,3.9,0.3,0.5,0.688,0.13,0.09,0.9,9.0
02098200,L'EICHEL A WALDHAMBACH,2013-08-28,15.0,7.65,5.5,330.0,6.0,2.7,3.4,2.9,0.26,0.5,0.511,0.1,0.05,1.3,13.0
02098200,L'EICHEL A WALDHAMBACH,2013-09-25,12.0,7.75,7.7,340.0,5.0,3.6,3.2,7.6,0.17,0.6,0.504,0.16,0.14,1.3,8.0
02098200,L'EICHEL A WALDHAMBACH,2013-10-23,13.0,7.6,8.7,330.0,110.0,57.8,5.8,7.5,0.16,0.9,0.336,0.09,0.23,7.0,15.0
02098200,L'EICHEL A WALDHAMBACH,2013-11-20,7.3,8.3,10.5,220.0,88.0,55.7,9.0,6.4,0.14,1.3,0.189,0.05,0.03,5.4,40.0
02098300,LE GRENTZBACH A WALDHAMBACH,2013-01-22,5.2,7.4,11.8,293.0,24.0,,2.49,,0.134,1.0,,,,2.3,8.0
02098300,LE GRENTZBACH A WALDHAMBACH,2013-02-20,5.0,8.1,12.1,217.0,14.0,,2.37,,0.11,0.5,,,,2.0,7.0
02098300,LE GRENTZBACH A WALDHAMBACH,2013-03-20,5.0,7.9,11.0,184.0,39.0,,4.03,,0.152,0.8,,,,2.7,17.0
02098300,LE GRENTZBACH A WALDHAMBACH,2013-04-17,11.8,7.7,9.4,205.0,14.0,,2.81,,0.106,0.7,,,,3.1,17.0
02098300,LE GRENTZBACH A WALDHAMBACH,2013-05-14,11.0,7.9,9.6,196.0,33.0,,3.37,,0.14,1.0,,,,2.8,16.0
02098300,LE GRENTZBACH A WALDHAMBACH,2013-06-11,13.4,7.9,8.9,198.0,17.0,,3.77,,0.135,0.9,,,,2.2,12.0
02098300,LE GRENTZBACH A WALDHAMBACH,2013-07-11,16.8,8.1,7.9,210.0,10.0,,3.4,,0.166,1.1,,,,2.0,7.0
02098300,LE GRENTZBACH A WALDHAMBACH,2013-08-08,17.3,7.61,7.9,230.0,16.0,,4.02,,0.207,0.7,,,,2.2,12.0
02098300,LE GRENTZBACH A WALDHAMBACH,2013-09-02,13.8,7.97,8.5,242.0,8.0,,2.73,,0.174,0.5,,,,2.0,5.0
02098300,LE GRENTZBACH A WALDHAMBACH,2013-10-04,11.2,7.5,9.0,255.0,4.0,,3.41,,0.112,0.5,,,,2.0,7.0
02098300,LE GRENTZBACH A WALDHAMBACH,2013-10-29,11.9,7.9,8.8,213.0,14.0,,5.39,,0.119,0.6,,,,2.3,13.0
02098300,LE GRENTZBACH A WALDHAMBACH,2013-11-27,2.2,7.8,12.5,232.0,10.0,,2.82,,0.12,0.5,,,,2.6,6.0
02098450,LE BUTTENBACH A LORENTZEN,2013-01-22,4.0,8.1,11.7,789.0,6.0,,2.02,,0.07,0.6,,,,2.0,5.0
02098450,LE BUTTENBACH A LORENTZEN,2013-02-20,5.8,8.3,12.3,614.0,5.0,,2.16,,0.061,0.6,,,,2.0,5.0
02098450,LE BUTTENBACH A LORENTZEN,2013-03-20,5.2,7.8,11.7,397.0,110.0,,4.92,,0.215,1.5,,,,3.6,26.0
02098450,LE BUTTENBACH A LORENTZEN,2013-04-17,13.7,8.1,9.7,582.0,6.0,,2.57,,0.067,0.6,,,,2.7,12.0
02098450,LE BUTTENBACH A LORENTZEN,2013-05-14,10.8,8.3,10.0,543.0,22.0,,3.78,,0.085,0.9,,,,2.3,11.0
02098450,LE BUTTENBACH A LORENTZEN,2013-06-11,12.9,8.3,9.6,609.0,11.0,,3.62,,0.105,0.6,,,,2.0,9.0
02098450,LE BUTTENBACH A LORENTZEN,2013-07-11,16.7,8.0,7.8,663.0,7.0,,2.73,,0.105,0.6,,,,2.0,6.0
02098450,LE BUTTENBACH A LORENTZEN,2013-08-08,17.7,7.8,7.1,645.0,8.0,,3.85,,0.143,0.6,,,,2.0,8.0
02098450,LE BUTTENBACH A LORENTZEN,2013-09-02,14.2,8.4,8.0,690.0,4.0,,2.38,,0.12,0.5,,,,2.0,5.0
02098450,LE BUTTENBACH A LORENTZEN,2013-10-04,11.8,8.0,9.3,725.0,3.0,,2.15,,0.088,0.5,,,,2.0,5.0
02098450,LE BUTTENBACH A LORENTZEN,2013-10-29,12.3,8.0,10.1,524.0,21.0,,5.41,,0.09,0.7,,,,2.4,11.0
02098450,LE BUTTENBACH A LORENTZEN,2013-11-27,4.0,8.0,12.0,649.0,3.0,,2.87,,0.063,0.5,,,,2.5,5.0
02098800,L'EICHEL A OERMINGEN,2013-01-15,3.0,8.1,11.8,569.0,4.9,3.3,2.6,14.0,0.09,0.5,0.18,0.1,0.07,1.9,5.0
02098800,L'EICHEL A OERMINGEN,2013-02-12,3.1,8.1,12.1,495.0,5.3,3.2,2.7,14.0,0.06,0.6,0.14,0.1,0.04,1.9,5.0
02098800,L'EICHEL A OERMINGEN,2013-03-12,5.7,7.9,10.1,539.0,3.7,2.7,2.4,10.0,0.06,0.6,0.16,0.05,0.05,2.7,15.0
02098800,L'EICHEL A OERMINGEN,2013-04-09,7.0,8.1,10.8,555.0,4.1,2.1,2.5,9.4,0.06,0.5,0.09,0.06,0.05,2.5,7.0
02098800,L'EICHEL A OERMINGEN,2013-05-10,13.2,7.95,9.2,430.0,13.0,10.0,3.7,9.4,0.1,0.5,0.22,0.11,0.08,0.8,5.0
02098800,L'EICHEL A OERMINGEN,2013-06-04,12.0,7.95,9.7,467.0,11.0,7.3,3.3,10.0,0.09,0.5,0.2,0.07,0.09,1.1,7.0
02098800,L'EICHEL A OERMINGEN,2013-07-02,15.0,7.95,10.2,530.0,7.0,4.4,3.4,8.2,0.09,0.5,0.229,0.05,0.07,1.0,9.0
02098800,L'EICHEL A OERMINGEN,2013-07-30,18.0,7.9,8.0,600.0,4.0,2.6,3.2,7.3,0.21,0.5,0.491,0.13,0.15,1.2,10.0
02098800,L'EICHEL A OERMINGEN,2013-08-27,16.0,7.8,8.5,540.0,6.0,3.6,4.1,6.1,0.17,0.5,0.355,0.05,0.02,0.9,12.0
02098800,L'EICHEL A OERMINGEN,2013-09-24,14.0,8.0,9.4,600.0,5.0,5.0,3.3,12.0,0.11,0.5,0.278,0.05,0.04,0.5,7.0
02098800,L'EICHEL A OERMINGEN,2013-10-22,13.0,8.0,9.4,550.0,10.0,8.7,4.4,10.8,0.1,0.5,0.204,0.05,0.06,1.2,14.0
02098800,L'EICHEL A OERMINGEN,2013-11-19,8.3,8.1,10.2,570.0,3.0,2.7,2.2,13.0,0.09,0.5,0.183,0.06,0.07,1.6,10.0
02099500,LA SARRE A SARREINSMING,2013-01-16,2.7,8.35,11.4,677.0,11.0,7.1,5.1,12.0,0.18,1.2,0.41,0.6,0.09,4.0,16.0
02099500,LA SARRE A SARREINSMING,2013-02-14,2.1,8.15,11.5,562.0,12.0,9.0,4.4,10.0,0.08,0.6,0.2,0.11,0.05,1.0,13.0
02099500,LA SARRE A SARREINSMING,2013-03-14,3.9,7.4,12.1,635.0,8.8,4.7,4.0,9.0,0.12,0.6,0.21,0.1,0.07,2.7,8.0
02099500,LA SARRE A SARREINSMING,2013-04-11,8.1,8.05,11.9,660.0,15.0,8.9,4.8,9.0,0.09,0.7,0.24,0.06,0.08,3.0,13.0
02099500,LA SARRE A SARREINSMING,2013-05-10,14.9,7.85,9.1,540.0,17.0,12.0,6.2,7.2,0.11,0.6,0.28,0.12,0.1,1.1,6.0
02099500,LA SARRE A SARREINSMING,2013-06-06,14.6,8.0,8.5,496.0,13.0,5.1,4.9,7.0,0.11,0.5,0.34,0.13,0.1,1.3,15.0
02099500,LA SARRE A SARREINSMING,2013-07-04,18.0,7.45,7.3,710.0,9.0,5.0,4.3,8.6,0.16,0.5,0.415,0.08,0.09,0.5,10.0
02099500,LA SARRE A SARREINSMING,2013-08-01,22.0,8.1,8.0,730.0,11.0,7.1,4.8,3.4,0.2,0.6,0.505,0.05,0.04,3.7,13.0
02099500,LA SARRE A SARREINSMING,2013-08-29,20.0,7.8,7.0,330.0,32.0,25.5,7.7,0.5,0.04,0.5,0.07,0.05,0.01,0.5,28.0
02099500,LA SARRE A SARREINSMING,2013-09-26,15.0,8.0,8.7,750.0,10.0,6.6,5.5,10.0,0.18,0.9,0.452,0.13,0.07,0.5,15.0
02099500,LA SARRE A SARREINSMING,2013-10-24,13.0,7.8,7.6,450.0,69.0,56.0,8.3,7.7,0.13,1.1,0.289,0.05,0.06,2.0,30.0
02099500,LA SARRE A SARREINSMING,2013-11-21,6.7,8.2,11.9,420.0,61.0,56.3,6.8,6.7,0.13,1.1,0.249,0.08,0.07,2.2,22.0
02099800,LA BLIES A BLIES-GUERSVILLER,2013-01-16,2.8,8.25,12.0,601.0,10.0,8.7,2.5,17.0,0.14,0.7,0.3,0.4,0.16,1.0,9.0
02099800,LA BLIES A BLIES-GUERSVILLER,2013-02-14,3.1,8.2,10.9,508.0,13.0,7.9,2.7,17.0,0.13,0.6,0.28,0.31,0.11,0.8,7.0
02099800,LA BLIES A BLIES-GUERSVILLER,2013-03-14,3.7,7.8,8.5,587.0,10.0,2.4,2.5,16.0,0.14,0.7,0.32,0.32,0.13,2.9,11.0
02099800,LA BLIES A BLIES-GUERSVILLER,2013-04-11,8.4,7.75,11.1,491.0,18.0,7.1,3.8,15.0,0.22,1.5,0.48,0.85,0.25,4.5,14.0
02099800,LA BLIES A BLIES-GUERSVILLER,2013-05-10,13.4,7.95,9.6,491.0,19.0,11.0,3.7,13.0,0.2,0.7,0.43,0.22,0.22,1.9,11.0
02099800,LA BLIES A BLIES-GUERSVILLER,2013-06-06,15.6,7.95,8.5,485.0,17.0,9.2,3.2,14.0,0.12,0.5,0.36,0.15,0.13,1.7,9.0
02099800,LA BLIES A BLIES-GUERSVILLER,2013-07-04,17.0,7.3,8.0,490.0,11.0,7.1,3.2,15.6,0.21,0.7,0.429,0.12,0.21,0.7,13.0
02099800,LA BLIES A BLIES-GUERSVILLER,2013-08-01,19.0,7.9,8.3,450.0,8.0,3.7,3.4,11.7,0.22,0.5,0.553,0.08,0.13,2.4,9.0
02099800,LA BLIES A BLIES-GUERSVILLER,2013-08-29,16.0,8.2,7.8,410.0,5.0,3.6,3.6,10.7,0.26,0.5,0.663,0.1,0.15,1.2,14.0
02099800,LA BLIES A BLIES-GUERSVILLER,2013-09-26,14.0,8.0,9.3,530.0,8.0,5.1,2.7,12.8,0.17,0.5,0.415,0.08,0.1,0.5,8.0
02099800,LA BLIES A BLIES-GUERSVILLER,2013-10-24,13.0,7.7,8.6,320.0,160.0,27.0,4.7,9.7,0.46,2.0,0.287,0.16,0.17,2.7,29.0
02099800,LA BLIES A BLIES-GUERSVILLER,2013-11-21,6.7,8.2,11.6,420.0,33.0,19.4,4.0,14.6,0.23,0.8,0.354,0.15,0.13,2.2,14.0
02100150,LA SARRE A GROSBLIEDERSTROFF (AMONT),2013-01-23,3.6,7.8,10.7,777.0,10.0,12.0,3.0,17.0,0.14,0.6,0.3,0.29,0.12,1.6,8.0
02100150,LA SARRE A GROSBLIEDERSTROFF (AMONT),2013-02-14,2.6,8.25,12.0,526.0,11.0,8.9,3.7,14.0,0.11,0.5,0.24,0.22,0.08,0.5,9.0
02100150,LA SARRE A GROSBLIEDERSTROFF (AMONT),2013-03-14,4.1,8.0,8.8,633.0,13.0,3.2,3.1,11.0,0.11,0.5,0.25,0.16,0.1,2.8,9.0
02100150,LA SARRE A GROSBLIEDERSTROFF (AMONT),2013-04-11,8.1,8.0,10.9,593.0,14.0,8.2,6.6,12.0,0.14,1.0,0.3,0.36,0.16,3.0,12.0
02100150,LA SARRE A GROSBLIEDERSTROFF (AMONT),2013-05-10,14.8,8.0,9.1,532.0,14.0,11.0,5.0,9.9,0.14,0.6,0.35,0.12,0.14,1.0,21.0
02100150,LA SARRE A GROSBLIEDERSTROFF (AMONT),2013-06-06,14.7,8.0,9.0,496.0,12.0,7.1,4.1,11.0,0.14,0.6,0.33,0.13,0.12,1.6,13.0
02100150,LA SARRE A GROSBLIEDERSTROFF (AMONT),2013-07-04,17.0,7.5,8.0,560.0,12.0,6.1,3.8,11.9,0.16,0.7,0.449,0.13,0.16,0.6,11.0
02100150,LA SARRE A GROSBLIEDERSTROFF (AMONT),2013-08-01,20.0,8.0,8.4,550.0,15.0,7.8,4.1,8.0,0.2,0.7,0.549,0.08,0.09,1.6,14.0
02100150,LA SARRE A GROSBLIEDERSTROFF (AMONT),2013-08-29,17.0,7.85,9.9,510.0,8.0,3.8,4.1,8.7,0.25,0.5,0.643,0.13,0.15,1.5,14.0
02100150,LA SARRE A GROSBLIEDERSTROFF (AMONT),2013-09-26,15.0,8.0,9.0,640.0,7.0,5.4,4.1,11.5,0.18,0.8,0.454,0.14,0.08,0.5,9.0
02100150,LA SARRE A GROSBLIEDERSTROFF (AMONT),2013-10-24,14.0,7.8,10.2,400.0,88.0,41.9,6.3,8.1,0.17,1.4,0.336,0.19,0.14,2.3,11.0
02100150,LA SARRE A GROSBLIEDERSTROFF (AMONT),2013-11-21,6.7,8.1,11.9,440.0,44.0,38.8,5.4,9.5,0.16,1.3,0.285,0.17,0.09,2.4,19.0
02100600,LA HORN A LIEDERSCHIEDT,2013-01-17,3.5,7.4,11.9,228.0,25.0,6.3,2.8,9.0,0.19,0.7,0.19,0.49,0.06,2.8,9.0
02100600,LA HORN A LIEDERSCHIEDT,2013-02-13,2.9,7.7,12.9,205.0,18.0,0.1,2.9,8.8,0.14,0.7,0.2,0.48,0.05,1.8,12.0
02100600,LA HORN A LIEDERSCHIEDT,2013-03-13,3.9,7.9,10.6,250.0,17.0,3.9,3.3,8.2,0.22,1.6,0.32,1.38,0.08,2.8,12.0
02100600,LA HORN A LIEDERSCHIEDT,2013-04-10,7.7,7.4,10.6,184.0,26.0,10.0,4.4,6.2,0.2,1.0,0.31,0.38,0.11,4.1,19.0
02100600,LA HORN A LIEDERSCHIEDT,2013-06-05,13.0,7.1,8.6,97.0,20.0,4.1,5.1,3.9,0.08,0.5,0.11,0.05,0.01,1.4,17.0
02100600,LA HORN A LIEDERSCHIEDT,2013-07-03,15.0,7.25,8.5,200.0,42.0,6.5,4.5,6.6,0.25,0.8,0.43,0.26,0.15,2.4,20.0
02100600,LA HORN A LIEDERSCHIEDT,2013-07-31,18.0,7.0,8.4,84.0,18.0,1.8,3.8,3.3,0.06,0.7,0.148,0.08,0.04,0.7,16.0
02100600,LA HORN A LIEDERSCHIEDT,2013-08-28,15.0,7.43,9.2,190.0,17.0,7.4,3.4,7.4,0.27,0.5,0.437,0.17,0.17,2.1,15.0
02100600,LA HORN A LIEDERSCHIEDT,2013-09-25,13.0,7.1,9.4,87.0,10.0,2.8,3.3,2.8,0.05,0.5,0.18,0.05,0.01,1.6,12.0
02100600,LA HORN A LIEDERSCHIEDT,2013-10-23,12.0,7.3,9.3,210.0,32.0,12.0,5.6,6.8,0.26,0.9,0.367,0.21,0.1,2.0,9.0
02100600,LA HORN A LIEDERSCHIEDT,2013-11-20,7.4,7.6,12.2,190.0,32.0,14.4,5.8,7.0,0.22,0.9,0.295,0.38,0.08,2.3,17.0
02100830,LE SCHWALBACH A LOUTZVILLER,2013-01-17,,,,,,,,15.0,,,,,,,
02100830,LE SCHWALBACH A LOUTZVILLER,2013-02-13,2.9,8.15,12.2,453.0,10.0,4.2,2.1,15.0,0.08,0.5,0.14,0.11,0.03,1.1,6.0
02100830,LE SCHWALBACH A LOUTZVILLER,2013-03-13,,,,,,,,11.0,,,,,,,
02100830,LE SCHWALBACH A LOUTZVILLER,2013-04-10,7.6,,11.3,423.0,7.2,3.7,3.5,9.7,0.09,0.9,0.15,0.26,0.09,3.4,13.0
02100830,LE SCHWALBACH A LOUTZVILLER,2013-05-10,,,,,,,,6.2,,,,,,,
02100830,LE SCHWALBACH A LOUTZVILLER,2013-06-05,12.3,8.0,9.8,422.0,11.0,7.9,2.7,12.0,0.1,0.5,0.17,0.05,0.07,1.1,12.0
02100830,LE SCHWALBACH A LOUTZVILLER,2013-07-03,,,,,,,,9.1,,,,,,,
02100830,LE SCHWALBACH A LOUTZVILLER,2013-07-31,16.0,7.8,9.1,410.0,5.0,2.5,3.1,8.9,0.19,0.5,0.301,0.12,0.11,0.8,9.0
02100830,LE SCHWALBACH A LOUTZVILLER,2013-08-28,,,,,,,,7.2,,,,,,,
02100830,LE SCHWALBACH A LOUTZVILLER,2013-09-25,12.0,7.9,9.8,430.0,4.0,3.3,2.8,12.3,0.11,0.5,0.372,0.08,0.09,1.2,7.0
02100830,LE SCHWALBACH A LOUTZVILLER,2013-10-23,,,,,,,,11.5,,,,,,,
02100830,LE SCHWALBACH A LOUTZVILLER,2013-11-20,7.7,8.0,12.3,410.0,41.0,28.2,4.2,11.2,0.17,0.9,0.235,0.13,0.08,2.9,14.0
02101050,LA ROSSELLE A MACHEREN,2013-01-17,4.7,7.8,7.3,1414.0,35.0,8.4,4.7,5.8,0.55,6.0,0.86,6.57,0.26,0.5,21.0
02101050,LA ROSSELLE A MACHEREN,2013-02-14,2.7,7.95,10.3,1199.0,18.0,9.8,4.1,11.0,0.18,4.2,0.26,4.51,0.18,2.2,16.0
02101050,LA ROSSELLE A MACHEREN,2013-03-14,3.1,7.9,9.3,2011.0,34.0,5.2,4.3,7.6,0.17,5.7,0.31,5.69,0.24,1.6,24.0
02101050,LA ROSSELLE A MACHEREN,2013-04-11,9.0,7.55,7.5,782.0,33.0,7.1,5.3,6.7,0.28,6.1,0.4,6.47,0.27,2.1,21.0
02101050,LA ROSSELLE A MACHEREN,2013-05-13,11.2,7.55,5.5,888.0,12.0,8.2,4.8,7.6,0.2,5.6,0.59,6.25,0.5,2.2,19.0
02101050,LA ROSSELLE A MACHEREN,2013-06-06,12.2,7.75,6.6,1001.0,8.8,4.5,4.0,9.4,0.17,3.4,0.31,3.61,0.59,5.0,11.0
02101050,LA ROSSELLE A MACHEREN,2013-07-04,16.0,7.6,5.1,830.0,11.0,2.8,5.8,5.6,0.2,2.9,0.445,2.9,0.54,2.0,16.0
02101050,LA ROSSELLE A MACHEREN,2013-08-01,16.0,7.6,4.0,960.0,4.0,2.2,3.4,3.4,0.27,1.7,0.572,2.0,0.52,2.0,13.0
02101050,LA ROSSELLE A MACHEREN,2013-08-29,15.0,,5.4,940.0,6.0,3.3,4.0,5.3,0.25,1.5,0.564,0.9,0.58,1.5,15.0
02101050,LA ROSSELLE A MACHEREN,2013-09-26,14.0,8.3,4.7,1100.0,2.0,4.1,4.3,7.3,0.2,1.8,0.564,1.5,0.62,1.1,11.0
02101050,LA ROSSELLE A MACHEREN,2013-10-24,13.0,7.8,9.0,690.0,34.0,15.8,7.1,12.5,0.18,1.7,0.412,0.58,0.19,6.2,20.0
02101050,LA ROSSELLE A MACHEREN,2013-11-21,7.7,7.8,9.1,790.0,12.0,6.5,4.9,8.3,0.14,1.8,0.275,1.0,0.23,4.2,15.0
02103800,LA ROSSELLE A PETITE-ROSSELLE,2013-01-17,4.1,7.9,10.3,1530.0,30.0,11.0,5.4,16.0,0.49,1.9,0.56,1.8,0.55,5.9,41.0
02103800,LA ROSSELLE A PETITE-ROSSELLE,2013-02-14,2.7,8.0,10.6,1458.0,29.0,18.0,6.1,14.0,0.38,2.9,0.38,2.55,0.41,3.3,31.0
02103800,LA ROSSELLE A PETITE-ROSSELLE,2013-03-14,3.9,7.9,9.1,2251.0,26.0,7.1,7.1,8.6,0.43,4.5,0.44,4.19,0.38,6.0,37.0
02103800,LA ROSSELLE A PETITE-ROSSELLE,2013-04-11,10.9,7.65,7.6,1031.0,34.0,8.4,7.4,8.6,0.65,5.6,0.85,4.4,0.57,5.7,50.0
02103800,LA ROSSELLE A PETITE-ROSSELLE,2013-05-13,12.3,7.7,5.8,995.0,38.0,14.0,6.3,10.0,0.66,4.5,0.94,2.67,0.82,6.0,58.0
02103800,LA ROSSELLE A PETITE-ROSSELLE,2013-06-06,15.4,7.9,5.9,1186.0,9.3,4.3,5.7,12.0,0.53,1.8,1.1,0.97,0.83,3.8,17.0
02103800,LA ROSSELLE A PETITE-ROSSELLE,2013-07-04,17.0,7.6,5.6,860.0,12.0,4.1,7.1,5.0,0.51,2.4,0.967,2.0,0.63,3.1,40.0
02103800,LA ROSSELLE A PETITE-ROSSELLE,2013-08-01,20.0,7.5,1.9,1500.0,15.0,0.1,7.2,3.8,0.76,1.9,1.35,0.95,0.62,2.4,25.0
02103800,LA ROSSELLE A PETITE-ROSSELLE,2013-08-29,16.0,,3.3,1400.0,19.0,5.9,7.1,7.0,0.71,1.6,0.925,0.57,0.72,3.0,16.0
02103800,LA ROSSELLE A PETITE-ROSSELLE,2013-09-26,17.0,7.6,5.0,1100.0,85.0,38.9,10.0,0.8,1.0,9.9,1.17,6.2,0.92,18.2,110.0
02103800,LA ROSSELLE A PETITE-ROSSELLE,2013-10-24,14.0,7.7,7.3,660.0,62.0,27.5,6.8,10.4,0.35,1.8,0.356,0.47,0.26,6.6,26.0
02103800,LA ROSSELLE A PETITE-ROSSELLE,2013-11-21,7.9,7.9,9.2,930.0,15.0,9.6,6.3,9.4,0.32,2.3,0.439,0.87,0.35,5.8,21.0
02103850,LA BISTEN A CREUTZWALD,2013-01-17,3.6,7.6,10.9,1356.0,12.0,7.0,4.1,10.0,0.21,1.4,0.4,0.8,0.15,5.3,22.0
02103850,LA BISTEN A CREUTZWALD,2013-02-14,2.7,7.7,11.4,1397.0,17.0,9.7,4.7,13.0,0.19,1.3,0.29,0.57,0.12,3.1,21.0
02103850,LA BISTEN A CREUTZWALD,2013-03-14,4.2,7.8,10.9,1800.0,12.0,7.1,4.1,12.0,0.15,1.5,0.23,0.65,0.19,5.1,28.0
02103850,LA BISTEN A CREUTZWALD,2013-04-11,10.2,7.65,7.9,1503.0,9.9,5.0,4.8,10.0,0.13,1.3,0.16,0.27,0.2,4.3,5.0
02103850,LA BISTEN A CREUTZWALD,2013-05-13,14.2,7.4,6.0,894.0,9.1,6.0,6.0,4.7,0.17,1.7,0.24,0.56,0.31,4.3,25.0
02103850,LA BISTEN A CREUTZWALD,2013-06-06,17.2,7.5,3.7,878.0,11.0,5.7,6.4,3.2,0.21,1.3,0.43,0.51,0.29,3.1,20.0
02103850,LA BISTEN A CREUTZWALD,2013-07-04,17.0,7.6,6.9,950.0,17.0,7.0,6.3,1.2,0.22,1.6,0.212,0.2,0.09,3.9,25.0
02103850,LA BISTEN A CREUTZWALD,2013-08-01,21.0,7.4,1.8,1200.0,8.0,0.1,5.1,2.0,0.43,1.2,1.13,0.64,0.38,1.2,19.0
02103850,LA BISTEN A CREUTZWALD,2013-08-29,17.0,,5.3,1400.0,10.0,5.9,4.5,3.4,0.22,1.1,0.407,0.46,0.32,2.1,23.0
02103850,LA BISTEN A CREUTZWALD,2013-09-26,17.0,7.7,3.5,1100.0,25.0,8.5,6.2,5.0,0.45,2.8,0.966,2.4,0.54,5.4,11.0
02103850,LA BISTEN A CREUTZWALD,2013-10-24,15.0,8.3,9.4,1300.0,23.0,13.9,4.5,5.9,0.13,1.5,0.069,0.14,0.1,7.1,23.0
02103850,LA BISTEN A CREUTZWALD,2013-11-21,6.9,7.7,9.5,1100.0,8.0,5.6,5.3,9.0,0.19,1.1,0.353,0.39,0.17,2.1,17.0
02103950,LA NIED ALLEMANDE A PONTPIERRE,2013-01-17,1.1,8.3,10.6,758.0,14.0,13.0,6.1,22.0,0.15,1.7,0.31,1.2,0.1,3.8,23.0
02103950,LA NIED ALLEMANDE A PONTPIERRE,2013-02-14,0.5,8.0,10.9,543.0,13.0,16.0,8.1,16.0,0.08,0.9,0.16,0.12,0.06,0.5,22.0
02103950,LA NIED ALLEMANDE A PONTPIERRE,2013-03-14,2.1,8.05,11.3,1011.0,11.0,5.7,5.6,14.0,0.12,1.1,0.26,0.39,0.08,3.0,17.0
02103950,LA NIED ALLEMANDE A PONTPIERRE,2013-04-11,8.5,7.75,9.8,463.0,15.0,0.47,7.2,15.0,0.09,1.2,0.18,0.19,0.15,3.2,21.0
02103950,LA NIED ALLEMANDE A PONTPIERRE,2013-05-13,12.2,7.8,7.7,764.0,3.9,3.2,7.6,9.5,0.15,0.7,0.4,0.05,0.12,1.4,25.0
02103950,LA NIED ALLEMANDE A PONTPIERRE,2013-06-06,17.7,7.4,5.1,543.0,6.3,2.8,10.0,3.0,0.12,1.1,0.29,0.06,0.07,2.4,33.0
02103950,LA NIED ALLEMANDE A PONTPIERRE,2013-07-04,16.0,7.7,5.5,780.0,14.0,7.1,9.0,7.8,0.19,0.9,0.451,0.11,0.18,1.0,24.0
02103950,LA NIED ALLEMANDE A PONTPIERRE,2013-08-01,19.0,7.65,5.9,940.0,5.0,0.1,7.0,6.5,0.3,0.8,0.827,0.05,0.09,1.0,19.0
02103950,LA NIED ALLEMANDE A PONTPIERRE,2013-08-29,15.0,7.7,6.7,950.0,4.0,2.1,5.7,4.0,0.24,0.7,0.645,0.05,0.05,0.5,13.0
02103950,LA NIED ALLEMANDE A PONTPIERRE,2013-09-26,15.0,7.5,5.1,730.0,6.0,3.3,10.4,9.2,0.18,1.4,0.397,0.08,0.13,0.6,30.0
02103950,LA NIED ALLEMANDE A PONTPIERRE,2013-10-24,14.0,7.3,4.4,360.0,120.0,145.0,13.1,8.5,0.23,1.4,0.456,0.06,0.11,2.8,34.0
02103950,LA NIED ALLEMANDE A PONTPIERRE,2013-11-21,5.2,7.9,7.8,520.0,17.0,19.8,8.9,9.4,0.11,1.1,0.209,0.05,0.07,2.2,24.0
02104000,LA NIED ALLEMANDE A GUINGLANGE,2013-01-17,1.2,8.4,11.1,1003.0,12.0,5.2,5.0,21.0,0.13,0.6,0.34,0.22,0.11,3.2,18.0
02104000,LA NIED ALLEMANDE A GUINGLANGE,2013-02-14,0.6,8.2,12.2,616.0,14.0,16.0,7.1,17.0,0.09,1.0,0.21,0.11,0.07,0.7,22.0
02104000,LA NIED ALLEMANDE A GUINGLANGE,2013-03-14,2.4,8.15,12.2,1021.0,6.6,4.2,4.7,14.0,0.1,0.7,0.22,0.23,0.08,2.9,5.0
02104000,LA NIED ALLEMANDE A GUINGLANGE,2013-04-11,9.0,7.95,10.0,889.0,11.0,5.1,6.1,13.0,0.07,1.1,0.13,0.15,0.14,2.7,18.0
02104000,LA NIED ALLEMANDE A GUINGLANGE,2013-05-13,12.0,8.0,8.7,873.0,6.2,3.7,6.4,11.0,0.15,0.7,0.38,0.05,0.07,1.6,21.0
02104000,LA NIED ALLEMANDE A GUINGLANGE,2013-06-06,16.4,7.85,8.0,641.0,8.7,4.1,10.0,5.9,0.14,0.9,0.28,0.07,0.06,1.8,29.0
02104000,LA NIED ALLEMANDE A GUINGLANGE,2013-07-04,16.0,7.75,8.0,640.0,67.0,38.1,12.0,14.0,0.17,1.5,0.418,0.13,0.14,1.7,35.0
02104000,LA NIED ALLEMANDE A GUINGLANGE,2013-08-01,19.0,7.75,7.6,1000.0,9.0,0.1,6.4,9.2,0.21,0.7,0.596,0.05,0.05,0.8,15.0
02104000,LA NIED ALLEMANDE A GUINGLANGE,2013-08-29,15.0,7.9,7.8,1200.0,6.0,2.8,4.4,7.8,0.28,0.6,0.756,0.05,0.05,0.5,11.0
02104000,LA NIED ALLEMANDE A GUINGLANGE,2013-09-26,14.0,7.95,8.0,800.0,10.0,6.6,9.0,12.5,0.2,1.2,0.506,0.05,0.05,0.5,24.0
02104000,LA NIED ALLEMANDE A GUINGLANGE,2013-10-24,14.0,7.7,8.1,400.0,98.0,5.4,10.3,12.0,0.24,1.7,0.508,0.05,0.07,3.1,33.0
02104000,LA NIED ALLEMANDE A GUINGLANGE,2013-11-21,6.2,8.0,8.4,590.0,24.0,26.1,7.2,10.6,0.12,0.9,0.265,0.05,0.07,2.0,18.0
02104400,LA NIED FRANCAISE A BAUDRECOURT,2013-01-17,1.5,8.35,11.1,1071.0,8.7,7.6,3.0,30.0,0.09,0.5,0.19,0.09,0.1,3.3,12.0
02104400,LA NIED FRANCAISE A BAUDRECOURT,2013-02-14,1.3,8.15,12.6,843.0,16.0,13.0,3.7,27.0,0.08,0.5,0.2,0.08,0.07,1.4,12.0
02104400,LA NIED FRANCAISE A BAUDRECOURT,2013-03-14,1.9,8.2,11.5,1096.0,7.0,0.1,3.6,19.0,0.05,0.5,0.17,0.08,0.06,2.1,18.0
02104400,LA NIED FRANCAISE A BAUDRECOURT,2013-04-11,8.5,7.7,10.2,711.0,47.0,33.0,7.1,39.0,0.1,1.3,0.17,0.24,0.23,2.7,22.0
02104400,LA NIED FRANCAISE A BAUDRECOURT,2013-05-13,10.7,7.9,9.3,1057.0,16.0,12.0,3.9,22.0,0.09,0.6,0.21,0.05,0.1,1.3,11.0
02104400,LA NIED FRANCAISE A BAUDRECOURT,2013-06-06,13.0,7.95,8.4,1172.0,11.0,5.4,3.0,23.0,0.08,0.5,0.17,0.1,0.1,0.5,9.0
02104400,LA NIED FRANCAISE A BAUDRECOURT,2013-07-04,16.0,7.55,6.9,720.0,58.0,27.9,12.7,23.2,0.16,1.6,0.317,0.08,0.22,1.1,38.0
02104400,LA NIED FRANCAISE A BAUDRECOURT,2013-08-01,16.0,7.85,7.8,1800.0,11.0,6.0,3.3,18.6,0.1,0.5,0.275,0.06,0.13,0.8,6.0
02104400,LA NIED FRANCAISE A BAUDRECOURT,2013-08-29,13.0,7.85,7.9,1700.0,3.0,2.9,2.8,16.1,0.11,0.5,0.314,0.05,0.1,0.5,8.0
02104400,LA NIED FRANCAISE A BAUDRECOURT,2013-09-26,14.0,7.95,7.5,1500.0,9.0,6.4,2.6,21.6,0.09,0.5,0.236,0.05,0.06,0.6,5.0
02104400,LA NIED FRANCAISE A BAUDRECOURT,2013-10-24,13.0,7.4,5.2,360.0,130.0,81.3,13.8,14.4,0.29,1.9,0.748,0.05,0.08,3.5,71.0
02105000,LA NIED FRANCAISE A PONTIGNY,2013-01-17,1.0,8.45,11.8,1087.0,12.0,9.2,3.6,30.0,0.13,0.5,0.29,0.16,0.13,2.4,12.0
02105000,LA NIED FRANCAISE A PONTIGNY,2013-02-14,1.4,8.35,12.3,895.0,20.0,20.0,4.7,26.0,0.12,0.7,0.25,0.15,0.1,0.6,13.0
02105000,LA NIED FRANCAISE A PONTIGNY,2013-03-14,2.9,8.25,13.4,1290.0,15.0,0.1,3.6,22.0,0.1,0.7,0.24,0.18,0.12,2.9,15.0
02105000,LA NIED FRANCAISE A PONTIGNY,2013-04-11,9.2,8.1,11.0,1069.0,6.3,2.8,4.1,19.0,0.07,0.7,0.07,0.09,0.14,2.3,11.0
02105000,LA NIED FRANCAISE A PONTIGNY,2013-05-13,12.5,8.1,10.0,1084.0,18.0,14.0,4.5,20.0,0.14,0.9,0.36,0.08,0.19,1.7,14.0
02105000,LA NIED FRANCAISE A PONTIGNY,2013-06-06,16.5,8.1,9.7,1143.0,10.0,6.3,4.8,19.0,0.12,0.5,0.29,0.08,0.13,1.1,8.0
02105000,LA NIED FRANCAISE A PONTIGNY,2013-07-04,17.0,8.0,8.1,1100.0,120.0,107.0,7.4,24.9,0.32,1.7,0.539,0.21,0.27,1.3,21.0
02105000,LA NIED FRANCAISE A PONTIGNY,2013-08-01,20.0,8.0,9.0,1200.0,12.0,0.1,8.6,14.0,0.28,1.0,0.697,0.05,0.11,1.4,24.0
02105000,LA NIED FRANCAISE A PONTIGNY,2013-08-29,16.0,8.1,9.0,1700.0,6.0,3.2,3.1,13.8,0.26,0.5,0.75,0.05,0.08,0.5,7.0
02105000,LA NIED FRANCAISE A PONTIGNY,2013-09-26,15.0,8.15,8.5,1300.0,8.0,7.0,4.1,23.2,0.16,0.7,0.44,0.05,0.08,0.7,10.0
02105000,LA NIED FRANCAISE A PONTIGNY,2013-10-24,14.0,7.6,5.5,430.0,120.0,157.0,10.2,18.9,0.42,1.3,0.867,0.05,0.11,2.9,34.0
02105000,LA NIED FRANCAISE A PONTIGNY,2013-11-21,7.0,8.1,8.1,660.0,93.0,92.4,6.8,16.1,0.21,1.4,0.331,0.05,0.09,2.4,29.0
02106410,LA NIED A GUERSTLING,2013-01-15,2.9,8.3,13.0,1082.0,8.7,6.9,4.2,26.0,0.13,0.5,0.36,0.17,0.15,1.9,7.0
02106410,LA NIED A GUERSTLING,2013-02-14,2.2,8.2,7.7,841.0,20.0,16.0,5.2,24.0,0.11,0.8,0.26,0.1,0.08,0.5,15.0
02106410,LA NIED A GUERSTLING,2013-03-14,3.8,8.45,12.8,1198.0,3.3,2.8,3.5,19.0,0.08,0.6,0.25,0.09,0.08,2.5,10.0
02106410,LA NIED A GUERSTLING,2013-04-11,8.7,8.25,9.0,1197.0,3.9,1.6,3.9,18.0,0.06,0.6,0.09,0.05,0.08,2.3,7.0
02106410,LA NIED A GUERSTLING,2013-05-10,14.5,8.15,8.6,883.0,16.0,22.0,5.8,20.0,0.14,0.8,0.33,0.06,0.15,1.4,15.0
02106410,LA NIED A GUERSTLING,2013-06-06,15.0,8.25,7.9,944.0,13.0,53.0,6.2,13.0,0.12,0.7,0.3,0.06,0.07,1.5,17.0
02106410,LA NIED A GUERSTLING,2013-07-04,17.0,8.0,7.3,880.0,100.0,62.5,7.3,16.6,0.22,1.5,0.527,0.05,0.12,1.6,28.0
02106410,LA NIED A GUERSTLING,2013-08-01,20.0,8.15,6.8,1300.0,6.0,4.2,6.0,12.0,0.26,0.6,0.646,0.07,0.1,1.5,14.0
02106410,LA NIED A GUERSTLING,2013-08-29,17.0,8.2,8.6,1500.0,4.0,2.3,3.3,11.4,0.2,0.5,0.564,0.06,0.07,0.5,7.0
02106410,LA NIED A GUERSTLING,2013-09-26,15.0,8.3,9.8,1100.0,8.0,6.7,5.7,22.6,0.18,0.8,0.493,0.05,0.05,0.5,15.0
02106410,LA NIED A GUERSTLING,2013-11-21,6.6,8.3,11.5,780.0,37.0,35.2,5.9,16.1,0.15,0.9,0.306,0.05,0.09,1.7,19.0
02106430,LE REMEL A NEUNKIRCHEN-LES-BOUZONVILLE,2013-02-14,1.7,8.4,7.8,735.0,10.0,6.3,3.3,22.0,0.09,0.5,0.23,0.16,0.07,0.5,11.0
02106430,LE REMEL A NEUNKIRCHEN-LES-BOUZONVILLE,2013-04-11,8.7,8.4,9.3,869.0,6.6,4.7,4.8,13.0,0.05,0.7,0.11,0.05,0.09,1.9,13.0
02106430,LE REMEL A NEUNKIRCHEN-LES-BOUZONVILLE,2013-06-06,12.9,8.45,8.4,819.0,3.8,4.4,3.1,21.0,0.13,0.5,0.32,0.05,0.08,1.1,9.0
02106430,LE REMEL A NEUNKIRCHEN-LES-BOUZONVILLE,2013-08-01,18.0,8.2,6.1,920.0,2.0,1.5,4.3,12.0,0.25,0.5,0.651,0.05,0.06,1.3,8.0
02106430,LE REMEL A NEUNKIRCHEN-LES-BOUZONVILLE,2013-09-26,13.0,8.35,9.7,860.0,3.0,3.1,3.1,23.1,0.14,0.5,0.37,0.05,0.05,0.5,9.0
02106430,LE REMEL A NEUNKIRCHEN-LES-BOUZONVILLE,2013-11-21,6.1,8.4,11.3,660.0,25.0,29.6,6.8,14.1,0.26,1.7,0.478,0.47,0.07,2.9,29.0
02106500,LA MEUSE A BASSONCOURT,2013-01-21,2.4,7.9,10.0,381.0,19.0,26.0,5.0,12.0,0.14,0.9,0.19,0.08,0.04,2.3,20.0
02106500,LA MEUSE A BASSONCOURT,2013-02-18,3.0,8.2,12.9,299.0,22.0,19.0,2.5,9.9,0.12,0.7,0.17,0.05,0.02,1.6,14.0
02106500,LA MEUSE A BASSONCOURT,2013-03-18,4.6,7.9,11.6,332.0,71.0,54.0,6.4,22.0,0.18,1.5,0.2,0.18,0.06,1.9,28.0
02106500,LA MEUSE A BASSONCOURT,2013-04-15,11.1,8.3,10.9,428.0,18.0,10.0,3.8,15.0,0.08,0.5,0.13,0.05,0.07,2.5,5.0
02106500,LA MEUSE A BASSONCOURT,2013-05-13,11.5,8.0,11.0,497.0,4.0,4.7,3.3,9.8,0.06,0.5,0.11,0.05,0.06,1.6,9.0
02106500,LA MEUSE A BASSONCOURT,2013-06-10,15.7,7.7,6.9,514.0,7.3,4.9,5.3,8.4,0.09,0.6,0.18,0.06,0.14,0.8,13.0
02106500,LA MEUSE A BASSONCOURT,2013-07-08,18.0,8.0,6.9,540.0,16.0,12.5,5.4,11.8,0.12,0.8,0.272,0.05,0.1,0.7,14.0
02106500,LA MEUSE A BASSONCOURT,2013-08-05,20.0,7.7,6.5,580.0,10.0,6.6,6.4,8.8,0.1,1.7,0.25,0.05,0.1,1.2,8.7
02106500,LA MEUSE A BASSONCOURT,2013-09-02,13.0,7.8,9.8,560.0,16.0,0.7,5.3,6.4,0.13,0.5,0.179,0.05,0.04,1.3,16.0
02106500,LA MEUSE A BASSONCOURT,2013-09-30,14.0,7.75,6.9,590.0,8.0,6.5,3.7,10.1,0.11,0.5,0.247,0.05,0.03,2.4,18.0
02106500,LA MEUSE A BASSONCOURT,2013-10-28,13.0,7.4,8.5,300.0,74.0,112.0,10.0,7.6,0.26,1.5,0.455,0.05,0.03,2.4,42.0
02106500,LA MEUSE A BASSONCOURT,2013-11-25,5.9,8.0,11.2,370.0,16.0,16.7,3.9,11.0,0.11,0.5,0.179,0.05,0.04,1.7,9.0
02106600,LA MEUSE A GONCOURT,2013-01-16,2.2,8.2,12.5,491.0,10.0,12.0,3.1,12.0,0.06,0.7,0.17,0.11,0.1,0.5,7.0
02106600,LA MEUSE A GONCOURT,2013-02-13,2.8,8.1,12.3,477.0,9.1,6.9,3.2,11.0,0.08,0.5,0.15,0.11,0.07,0.9,7.0
02106600,LA MEUSE A GONCOURT,2013-03-13,5.6,7.95,11.0,467.0,18.0,0.1,4.1,10.0,0.1,0.8,0.15,0.17,0.06,1.5,11.0
02106600,LA MEUSE A GONCOURT,2013-04-10,7.5,7.7,10.0,526.0,5.1,0.79,3.0,8.0,0.11,0.7,0.26,0.15,0.07,2.9,10.0
02106600,LA MEUSE A GONCOURT,2013-05-10,12.9,8.0,8.6,468.0,11.0,9.2,3.3,10.0,0.11,0.5,0.23,0.11,0.07,1.0,5.0
02106600,LA MEUSE A GONCOURT,2013-06-05,14.1,8.2,14.6,478.0,7.2,5.1,3.1,8.5,0.12,0.5,0.25,0.05,0.05,0.9,10.0
02106600,LA MEUSE A GONCOURT,2013-07-04,18.0,8.2,8.7,560.0,16.0,12.5,4.4,8.2,0.14,0.6,0.355,0.08,0.12,0.8,8.0
02106600,LA MEUSE A GONCOURT,2013-07-31,19.0,7.8,6.5,460.0,8.0,5.2,8.9,21.7,0.3,1.0,0.458,0.12,0.35,1.2,26.0
02106600,LA MEUSE A GONCOURT,2013-08-28,17.0,8.15,7.0,590.0,3.0,0.6,5.6,5.7,0.23,0.8,0.518,0.17,0.16,1.7,19.0
02106600,LA MEUSE A GONCOURT,2013-09-25,14.0,8.1,9.1,570.0,9.0,3.0,3.8,17.7,0.11,0.5,0.289,0.05,0.05,1.1,13.0
02106600,LA MEUSE A GONCOURT,2013-10-23,14.0,8.0,9.2,460.0,23.0,15.4,5.3,11.8,0.11,0.8,0.229,0.05,0.06,2.9,5.0
02106600,LA MEUSE A GONCOURT,2013-11-20,7.1,8.3,11.0,450.0,23.0,13.7,3.8,10.0,0.12,0.5,0.285,0.1,0.1,1.9,5.0
02106750,LE MOUZON A VILLARS,2013-01-21,2.3,7.8,12.0,554.0,22.0,42.0,5.3,6.7,0.14,0.5,0.19,0.12,0.05,0.9,21.0
02106750,LE MOUZON A VILLARS,2013-02-18,3.0,8.5,11.6,368.0,31.0,0.1,2.9,5.9,0.1,0.6,0.18,0.05,0.02,1.8,15.0
02106750,LE MOUZON A VILLARS,2013-03-18,4.8,7.95,11.3,351.0,160.0,76.0,7.8,8.2,0.19,1.8,0.24,0.14,0.04,2.1,40.0
02106750,LE MOUZON A VILLARS,2013-04-15,10.9,8.1,12.0,447.0,21.0,13.0,4.6,5.1,0.06,0.5,0.11,0.05,0.03,1.7,14.0
02106750,LE MOUZON A VILLARS,2013-05-13,10.6,8.2,10.9,587.0,19.0,6.1,3.5,4.5,0.05,0.5,0.15,0.05,0.03,1.5,15.0
02106750,LE MOUZON A VILLARS,2013-06-10,16.2,8.1,8.5,671.0,4.1,3.5,5.0,5.9,0.06,0.6,0.14,0.05,0.06,1.0,9.0
02106750,LE MOUZON A VILLARS,2013-07-08,22.0,8.35,11.0,720.0,3.0,1.8,6.7,6.6,0.11,0.6,0.289,0.05,0.07,0.5,17.0
02106750,LE MOUZON A VILLARS,2013-08-05,23.0,8.0,6.3,870.0,5.0,1.4,4.0,2.9,0.17,1.3,0.333,0.05,0.06,1.1,21.0
02106750,LE MOUZON A VILLARS,2013-09-02,14.0,7.95,10.0,1000.0,4.0,1.4,4.5,1.5,0.11,0.6,0.143,0.05,0.02,0.7,13.0
02106750,LE MOUZON A VILLARS,2013-09-30,15.0,8.0,7.3,1000.0,5.0,1.9,4.4,5.6,0.09,0.5,0.202,0.05,0.03,2.2,19.0
02106750,LE MOUZON A VILLARS,2013-10-28,13.0,7.4,8.5,300.0,45.0,78.0,9.8,3.2,0.27,1.3,0.419,0.06,0.02,2.6,40.0
02106750,LE MOUZON A VILLARS,2013-11-25,5.9,8.0,11.5,360.0,22.0,17.1,4.8,6.0,0.09,0.5,0.172,0.05,0.03,1.2,16.0
02106800,LA SAONNELLE A VILLOUXEL,2013-01-21,3.9,7.9,10.2,542.0,8.0,2.3,3.6,8.6,0.05,0.5,0.09,0.1,0.08,1.3,8.0
02106800,LA SAONNELLE A VILLOUXEL,2013-02-18,5.2,8.05,11.2,480.0,8.4,5.3,2.5,7.8,0.05,0.5,0.07,0.08,0.05,1.8,13.0
02106800,LA SAONNELLE A VILLOUXEL,2013-03-18,6.6,8.2,11.7,465.0,15.0,3.6,3.2,7.0,0.01,0.6,0.03,0.14,0.06,1.3,8.0
02106800,LA SAONNELLE A VILLOUXEL,2013-04-15,10.2,8.1,11.2,455.0,10.0,3.0,2.4,4.9,0.02,0.5,0.05,0.08,0.05,1.2,8.0
02106800,LA SAONNELLE A VILLOUXEL,2013-05-13,10.3,8.05,11.9,513.0,6.1,4.2,2.6,3.8,0.02,0.5,0.06,0.05,0.03,1.3,10.0
02106800,LA SAONNELLE A VILLOUXEL,2013-06-10,13.9,8.0,9.1,524.0,5.3,3.0,3.3,4.2,0.39,1.1,1.0,0.56,0.11,1.0,5.0
02106800,LA SAONNELLE A VILLOUXEL,2013-07-08,19.0,8.1,9.6,490.0,10.0,4.4,3.6,4.5,0.03,0.6,0.121,0.05,0.07,0.5,6.0
02106800,LA SAONNELLE A VILLOUXEL,2013-08-05,20.0,8.1,6.1,520.0,8.0,5.2,4.7,5.6,0.27,1.1,0.409,0.05,0.11,1.3,15.0
02106800,LA SAONNELLE A VILLOUXEL,2013-09-02,14.0,7.95,9.7,560.0,11.0,5.5,1.5,5.9,0.37,0.5,0.823,0.05,0.02,0.6,11.0
02106800,LA SAONNELLE A VILLOUXEL,2013-09-30,13.0,7.8,8.3,580.0,6.0,2.7,3.8,8.8,0.44,1.6,0.844,1.5,0.23,2.7,17.0
02106800,LA SAONNELLE A VILLOUXEL,2013-10-28,13.0,7.4,9.8,480.0,13.0,12.4,6.1,7.6,0.56,0.7,0.155,0.05,0.02,1.2,19.0
02106800,LA SAONNELLE A VILLOUXEL,2013-11-25,6.4,8.1,11.6,490.0,7.0,3.5,2.8,5.2,0.04,0.5,0.081,0.05,0.02,1.9,12.0
02106850,LE VAIR A BELMONT-SUR-VAIR,2013-01-21,5.3,7.7,10.6,862.0,24.0,27.0,4.4,13.0,0.14,0.9,0.25,0.1,0.04,1.2,14.0
02106850,LE VAIR A BELMONT-SUR-VAIR,2013-02-18,5.1,8.2,10.2,684.0,27.0,16.0,2.3,13.0,0.12,0.6,0.25,0.06,0.02,1.9,13.0
02106850,LE VAIR A BELMONT-SUR-VAIR,2013-03-18,5.9,8.0,10.9,529.0,110.0,53.0,7.3,11.0,0.17,1.4,0.35,0.16,0.04,0.9,31.0
02106850,LE VAIR A BELMONT-SUR-VAIR,2013-04-15,9.8,8.05,10.0,798.0,29.0,12.0,3.8,15.0,0.1,0.5,0.25,0.09,0.05,1.7,5.0
02106850,LE VAIR A BELMONT-SUR-VAIR,2013-05-13,10.3,8.0,12.6,923.0,8.5,6.4,2.6,13.0,0.06,0.6,0.16,0.06,0.07,1.1,8.0
02106850,LE VAIR A BELMONT-SUR-VAIR,2013-06-10,13.7,8.0,9.5,939.0,8.1,4.6,3.5,12.0,0.1,0.5,0.22,0.18,0.08,0.5,5.0
02106850,LE VAIR A BELMONT-SUR-VAIR,2013-07-08,18.0,8.15,12.1,1200.0,4.0,3.1,3.3,10.3,0.13,0.7,0.319,0.11,0.19,0.7,8.0
02106850,LE VAIR A BELMONT-SUR-VAIR,2013-08-05,19.0,8.1,8.0,1200.0,4.0,2.4,3.8,9.2,0.24,0.9,0.529,0.05,0.14,1.3,7.0
02106850,LE VAIR A BELMONT-SUR-VAIR,2013-09-02,14.0,7.95,10.6,1300.0,2.0,1.1,2.3,9.1,0.15,0.5,0.252,0.05,0.15,0.6,5.0
02106850,LE VAIR A BELMONT-SUR-VAIR,2013-09-30,13.0,8.0,8.1,1200.0,3.0,2.3,2.8,13.7,0.27,0.5,0.86,0.12,0.16,3.2,12.0
02106850,LE VAIR A BELMONT-SUR-VAIR,2013-10-28,13.0,7.4,9.0,520.0,78.0,61.6,8.2,8.0,0.23,1.2,0.387,0.05,0.02,1.9,36.0
02106850,LE VAIR A BELMONT-SUR-VAIR,2013-11-25,6.5,8.0,11.1,670.0,23.0,15.8,4.0,10.9,0.09,0.5,0.198,0.06,0.03,1.5,14.0
02106900,LE VAIR A SOULOSSE,2013-01-21,2.8,8.5,11.8,1002.0,20.0,9.6,3.3,14.0,0.12,0.5,0.25,0.14,0.08,1.3,11.0
02106900,LE VAIR A SOULOSSE,2013-02-18,3.7,8.15,10.8,512.0,60.0,45.0,4.5,13.0,0.17,0.9,0.25,0.09,0.04,2.1,19.0
02106900,LE VAIR A SOULOSSE,2013-03-18,4.9,7.85,9.8,494.0,290.0,0.41,6.4,14.0,0.37,2.4,0.33,0.3,0.07,1.8,49.0
02106900,LE VAIR A SOULOSSE,2013-04-15,9.7,8.05,11.3,571.0,26.0,14.0,4.6,12.0,0.08,0.6,0.24,0.06,0.05,1.9,5.0
02106900,LE VAIR A SOULOSSE,2013-05-13,11.3,8.1,10.1,725.0,5.7,3.4,3.1,12.0,0.07,0.5,0.16,0.05,0.06,1.6,8.0
02106900,LE VAIR A SOULOSSE,2013-06-10,16.5,8.2,8.5,807.0,7.1,3.5,3.5,11.0,0.07,0.6,0.13,0.05,0.08,0.6,5.0
02106900,LE VAIR A SOULOSSE,2013-07-08,19.0,8.15,7.4,830.0,8.0,4.7,4.9,10.9,0.11,0.8,0.246,0.05,0.09,0.5,12.0
02106900,LE VAIR A SOULOSSE,2013-08-05,21.0,8.25,7.1,890.0,7.0,4.1,5.6,4.9,0.15,0.6,0.244,0.05,0.04,1.9,17.0
02106900,LE VAIR A SOULOSSE,2013-09-02,16.0,8.35,7.1,740.0,8.0,3.5,3.6,6.3,0.12,0.5,0.182,0.05,0.03,1.0,5.0
02106900,LE VAIR A SOULOSSE,2013-09-30,14.0,8.25,7.4,900.0,9.0,9.8,2.8,11.6,0.11,0.9,0.251,0.05,0.03,2.0,15.0
02106900,LE VAIR A SOULOSSE,2013-10-28,13.0,7.7,7.6,380.0,88.0,109.0,9.5,4.8,0.28,1.3,0.582,0.05,0.03,2.7,39.0
02106900,LE VAIR A SOULOSSE,2013-11-25,6.6,8.0,12.3,540.0,25.0,19.0,4.2,8.6,0.12,0.5,0.209,0.05,0.04,1.2,14.0
02107000,LA MEUSE A BRIXEY-AUX-CHANOINES,2013-01-21,3.0,8.45,11.9,653.0,19.0,8.4,3.0,12.0,0.09,0.6,0.19,0.07,0.05,0.5,11.0
02107000,LA MEUSE A BRIXEY-AUX-CHANOINES,2013-02-18,3.7,8.05,10.6,419.0,44.0,29.0,3.9,10.0,0.17,0.9,0.17,0.05,0.03,2.4,22.0
02107000,LA MEUSE A BRIXEY-AUX-CHANOINES,2013-03-18,5.1,7.9,11.1,518.0,120.0,23.0,3.9,12.0,0.21,1.4,0.22,0.11,0.04,1.8,24.0
02107000,LA MEUSE A BRIXEY-AUX-CHANOINES,2013-04-15,11.1,7.9,10.9,480.0,21.0,12.0,4.2,13.0,0.08,0.7,0.17,0.05,0.04,2.0,12.0
02107000,LA MEUSE A BRIXEY-AUX-CHANOINES,2013-05-13,11.5,8.2,10.3,556.0,6.0,4.3,2.5,11.0,0.04,0.5,0.12,0.05,0.02,1.7,9.0
02107000,LA MEUSE A BRIXEY-AUX-CHANOINES,2013-06-10,16.6,8.15,9.0,650.0,5.9,2.3,2.8,9.8,0.06,0.5,0.09,0.05,0.03,0.5,7.0
02107000,LA MEUSE A BRIXEY-AUX-CHANOINES,2013-07-08,19.0,8.1,8.8,660.0,6.0,3.4,4.0,9.6,0.08,0.6,0.188,0.05,0.04,0.5,9.0
02107000,LA MEUSE A BRIXEY-AUX-CHANOINES,2013-08-05,22.0,8.1,8.2,600.0,4.0,3.1,5.2,11.1,0.1,0.5,0.208,0.05,0.05,1.0,11.0
02107000,LA MEUSE A BRIXEY-AUX-CHANOINES,2013-09-02,17.0,8.3,9.7,790.0,3.0,1.5,2.9,7.3,0.07,0.5,0.056,0.05,0.03,0.5,7.0
02107000,LA MEUSE A BRIXEY-AUX-CHANOINES,2013-09-30,14.0,8.2,10.2,670.0,4.0,2.1,2.6,17.0,0.07,0.5,0.177,0.05,0.03,1.9,5.0
02107000,LA MEUSE A BRIXEY-AUX-CHANOINES,2013-10-28,13.0,7.8,8.5,380.0,81.0,116.0,8.1,7.5,0.24,1.3,0.418,0.05,0.02,2.7,38.0
02107000,LA MEUSE A BRIXEY-AUX-CHANOINES,2013-11-25,6.5,7.9,12.0,400.0,22.0,20.8,4.2,10.1,0.11,0.6,0.179,0.05,0.03,1.1,13.0
02107890,LA MEHOLLE A SAUVOY (AMONT),2013-01-21,7.5,8.1,11.3,538.0,2.6,1.3,1.4,26.0,0.02,0.5,0.04,0.05,0.01,0.5,5.0
02107890,LA MEHOLLE A SAUVOY (AMONT),2013-02-18,7.9,7.9,10.0,503.0,5.7,3.3,1.6,26.0,0.01,0.5,0.04,0.05,0.01,1.5,5.0
02107890,LA MEHOLLE A SAUVOY (AMONT),2013-03-18,8.3,7.85,12.1,513.0,6.8,3.2,1.6,15.0,0.01,0.5,0.03,0.05,0.01,1.3,5.0
02107890,LA MEHOLLE A SAUVOY (AMONT),2013-04-15,11.0,7.9,13.0,509.0,4.0,1.5,1.6,19.0,0.02,0.5,0.02,0.05,0.01,0.5,5.0
02107890,LA MEHOLLE A SAUVOY (AMONT),2013-05-13,10.3,7.9,11.4,533.0,2.0,1.0,1.4,23.0,0.01,0.5,0.017,0.05,0.01,1.3,5.0
02107890,LA MEHOLLE A SAUVOY (AMONT),2013-06-10,11.6,7.8,11.1,529.0,5.3,1.3,1.4,21.0,0.01,0.5,0.019,0.05,0.01,0.5,5.0
02107890,LA MEHOLLE A SAUVOY (AMONT),2013-07-08,13.0,7.8,11.4,470.0,4.0,0.9,1.5,20.1,0.01,0.5,0.038,0.05,0.02,0.5,5.0
02107890,LA MEHOLLE A SAUVOY (AMONT),2013-08-05,17.0,8.1,11.7,440.0,2.0,0.4,2.3,11.0,0.01,0.5,0.015,0.05,0.04,0.6,5.0
02107890,LA MEHOLLE A SAUVOY (AMONT),2013-09-02,14.0,7.95,7.2,430.0,2.0,0.4,1.8,12.2,0.01,0.5,0.015,0.05,0.1,0.5,6.0
02107890,LA MEHOLLE A SAUVOY (AMONT),2013-09-30,12.0,8.15,12.1,500.0,2.0,1.2,1.4,27.6,0.01,0.5,0.037,0.05,0.02,2.3,5.0
02107890,LA MEHOLLE A SAUVOY (AMONT),2013-10-28,11.0,7.7,10.0,560.0,11.0,7.6,2.2,26.1,0.03,0.5,0.035,0.05,0.01,0.7,11.0
02107890,LA MEHOLLE A SAUVOY (AMONT),2013-11-25,8.2,7.9,11.5,510.0,9.0,2.7,1.5,24.5,0.02,0.5,0.034,0.05,0.01,1.1,10.0
02107900,LA MEHOLLE A VOID-VACON,2013-01-21,,,,,,,,24.0,,,,,,,
02107900,LA MEHOLLE A VOID-VACON,2013-02-18,7.7,8.0,10.0,500.0,6.7,4.0,1.6,27.0,0.02,0.5,0.05,0.05,0.01,1.3,8.0
02107900,LA MEHOLLE A VOID-VACON,2013-03-18,,,,,,,,21.0,,,,,,,
02107900,LA MEHOLLE A VOID-VACON,2013-04-15,11.0,7.7,12.7,464.0,8.8,1.6,1.5,19.0,0.01,0.5,0.02,0.05,0.01,1.6,5.0
02107900,LA MEHOLLE A VOID-VACON,2013-05-13,,,,,,,,21.0,,,,,,,
02107900,LA MEHOLLE A VOID-VACON,2013-06-10,11.2,8.0,10.6,479.0,2.9,1.7,1.4,19.0,0.02,0.5,0.018,0.05,0.01,0.5,5.0
02107900,LA MEHOLLE A VOID-VACON,2013-07-08,,,,,,,,17.0,,,,,,,
02107900,LA MEHOLLE A VOID-VACON,2013-08-05,16.0,8.05,10.6,430.0,2.0,2.5,1.7,10.2,0.01,0.5,0.015,0.05,0.02,0.5,5.0
02107900,LA MEHOLLE A VOID-VACON,2013-09-02,,,,,,,,11.7,,,,,,,
02107900,LA MEHOLLE A VOID-VACON,2013-09-30,12.0,8.2,12.8,460.0,3.0,3.4,1.2,21.7,0.01,0.5,0.015,0.05,0.01,2.1,5.0
02107900,LA MEHOLLE A VOID-VACON,2013-10-28,,,,,,,,24.3,,,,,,,
02107900,LA MEHOLLE A VOID-VACON,2013-11-25,8.4,7.8,11.4,520.0,9.0,4.0,1.5,23.0,0.02,0.5,0.037,0.05,0.01,1.0,7.0
02109000,LA MEUSE A SAINT-MIHIEL,2013-01-16,4.4,8.2,11.2,513.0,13.0,12.0,2.6,16.0,0.06,0.6,0.14,0.05,0.03,0.5,5.0
02109000,LA MEUSE A SAINT-MIHIEL,2013-02-13,4.4,8.1,11.8,508.0,13.0,6.1,2.3,16.0,0.05,0.5,0.12,0.06,0.02,0.5,5.0
02109000,LA MEUSE A SAINT-MIHIEL,2013-03-13,6.2,8.2,10.9,574.0,6.1,0.12,2.3,13.0,0.03,0.5,0.04,0.07,0.02,1.4,5.0
02109000,LA MEUSE A SAINT-MIHIEL,2013-04-10,8.8,8.0,9.0,500.0,4.4,1.8,1.8,13.0,0.01,0.5,0.03,0.05,0.02,2.0,17.0
02109000,LA MEUSE A SAINT-MIHIEL,2013-05-10,14.5,8.0,6.2,487.0,6.4,4.5,4.4,8.1,0.06,0.5,0.19,0.05,0.04,0.6,5.0
02109000,LA MEUSE A SAINT-MIHIEL,2013-06-05,14.4,8.1,14.8,493.0,13.0,8.4,3.5,13.0,0.07,0.5,0.12,0.05,0.03,0.8,12.0
02109000,LA MEUSE A SAINT-MIHIEL,2013-07-04,17.0,8.3,9.9,520.0,6.0,2.5,2.3,13.9,0.01,0.5,0.015,0.05,0.03,0.7,5.0
02109000,LA MEUSE A SAINT-MIHIEL,2013-07-31,20.0,8.1,7.0,570.0,12.0,1.5,2.7,9.0,0.02,0.5,0.036,0.05,0.04,0.9,11.0
02109000,LA MEUSE A SAINT-MIHIEL,2013-08-28,17.0,8.3,9.1,480.0,4.0,2.4,2.1,9.6,0.02,0.5,0.026,0.05,0.04,1.6,7.0
02109000,LA MEUSE A SAINT-MIHIEL,2013-09-25,14.0,8.15,9.3,530.0,10.0,8.4,4.0,21.5,0.07,0.7,0.171,0.05,0.04,0.9,14.0
02109000,LA MEUSE A SAINT-MIHIEL,2013-10-23,14.0,8.0,8.9,500.0,19.0,10.2,4.4,12.8,0.1,0.7,0.237,0.05,0.03,3.0,8.0
02109000,LA MEUSE A SAINT-MIHIEL,2013-11-20,7.8,8.2,10.7,530.0,9.0,6.2,2.5,16.3,0.06,0.5,0.142,0.05,0.03,1.3,5.0
02110000,LA MEUSE A DOMPCEVRIN,2013-01-21,3.5,8.3,11.8,547.0,5.8,3.2,2.0,16.0,0.05,0.5,0.12,0.05,0.03,0.5,7.0
02110000,LA MEUSE A DOMPCEVRIN,2013-02-18,5.6,8.25,12.5,531.0,4.0,12.0,1.4,16.0,0.05,0.5,0.11,0.05,0.02,1.8,10.0
02110000,LA MEUSE A DOMPCEVRIN,2013-03-18,5.8,8.3,12.1,527.0,10.0,3.8,2.5,14.0,0.03,0.5,0.12,0.05,0.02,1.3,5.0
02110000,LA MEUSE A DOMPCEVRIN,2013-04-15,13.2,7.75,8.4,385.0,67.0,20.0,7.6,13.0,0.14,1.2,0.25,0.1,0.11,0.7,23.0
02110000,LA MEUSE A DOMPCEVRIN,2013-05-14,12.0,8.2,11.2,523.0,74.0,5.4,2.7,13.0,0.04,0.5,0.13,0.05,0.01,1.2,6.0
02110000,LA MEUSE A DOMPCEVRIN,2013-06-10,16.0,8.2,8.2,514.0,6.0,3.1,2.2,13.0,0.02,0.5,0.05,0.05,0.02,0.5,5.0
02110000,LA MEUSE A DOMPCEVRIN,2013-07-08,18.0,8.15,9.3,530.0,8.0,3.0,2.5,10.3,0.02,0.5,0.015,0.05,0.03,1.0,8.0
02110000,LA MEUSE A DOMPCEVRIN,2013-08-05,21.0,8.1,8.4,600.0,6.0,3.6,3.5,9.0,0.02,0.5,0.015,0.05,0.04,1.0,6.0
02110000,LA MEUSE A DOMPCEVRIN,2013-09-02,17.0,8.2,9.8,510.0,5.0,0.6,2.0,8.8,0.02,0.5,0.015,0.05,0.03,1.1,5.0
02110000,LA MEUSE A DOMPCEVRIN,2013-10-01,14.0,8.05,9.5,570.0,5.0,2.8,2.8,18.2,0.04,0.5,0.062,0.05,0.03,1.5,5.0
02110000,LA MEUSE A DOMPCEVRIN,2013-10-28,13.0,8.1,8.1,430.0,20.0,20.8,5.9,9.8,0.14,0.5,0.273,0.05,0.03,1.4,21.0
02110000,LA MEUSE A DOMPCEVRIN,2013-11-25,6.3,8.1,11.4,450.0,26.0,21.4,3.9,11.8,0.1,0.5,0.171,0.05,0.03,1.1,13.0
02111000,LA MEUSE A BELLERAY,2013-01-21,3.8,8.3,11.3,535.0,6.8,3.5,1.8,18.0,0.05,0.5,0.11,0.1,0.02,0.5,5.0
02111000,LA MEUSE A BELLERAY,2013-02-18,5.0,7.9,10.2,492.0,14.0,10.0,1.1,17.0,0.04,0.5,0.1,0.05,0.02,2.2,5.0
02111000,LA MEUSE A BELLERAY,2013-03-18,5.4,7.2,9.9,512.0,12.0,4.7,2.5,11.0,0.03,0.5,0.08,0.05,0.02,1.6,11.0
02111000,LA MEUSE A BELLERAY,2013-04-15,12.4,8.1,8.9,402.0,52.0,26.0,6.9,15.0,0.1,0.9,0.12,0.09,0.11,0.7,20.0
02111000,LA MEUSE A BELLERAY,2013-05-14,12.2,8.15,9.2,492.0,10.0,5.7,2.9,12.0,0.05,0.5,0.11,0.05,0.02,1.2,7.0
02111000,LA MEUSE A BELLERAY,2013-06-10,16.0,8.2,8.5,500.0,11.0,4.7,2.2,13.0,0.02,0.5,0.05,0.05,0.02,0.5,5.0
02111000,LA MEUSE A BELLERAY,2013-07-08,19.0,8.0,8.2,490.0,7.0,2.8,2.0,11.3,0.02,0.5,0.015,0.05,0.03,0.8,6.0
02111000,LA MEUSE A BELLERAY,2013-08-05,20.0,8.05,8.3,530.0,4.0,2.3,3.1,9.6,0.02,0.5,0.015,0.05,0.03,1.1,6.0
02111000,LA MEUSE A BELLERAY,2013-09-02,15.0,8.05,10.4,490.0,5.0,0.5,1.6,10.7,0.02,0.5,0.015,0.05,0.03,0.5,6.0
02111000,LA MEUSE A BELLERAY,2013-09-30,14.0,8.35,8.8,530.0,5.0,3.6,2.5,17.3,0.04,0.5,0.078,0.05,0.03,2.6,14.0
02111000,LA MEUSE A BELLERAY,2013-10-28,14.0,7.9,7.9,450.0,22.0,27.8,6.7,8.3,0.16,0.8,0.3,0.05,0.03,1.8,28.0
02111000,LA MEUSE A BELLERAY,2013-11-25,6.3,8.2,8.4,500.0,18.0,17.9,3.4,12.6,0.07,0.5,0.136,0.05,0.03,1.6,9.0
02111500,LA SCANCE A VERDUN,2013-01-21,7.0,8.2,11.0,1143.0,9.0,1.5,1.8,24.0,0.08,0.5,0.17,0.19,0.04,1.5,11.0
02111500,LA SCANCE A VERDUN,2013-02-18,7.6,8.0,10.0,692.0,8.1,2.8,1.1,24.0,0.07,0.5,0.14,0.14,0.02,1.9,6.0
02111500,LA SCANCE A VERDUN,2013-03-18,7.0,7.6,10.3,1064.0,7.7,0.53,2.2,16.0,0.04,0.8,0.12,0.16,0.1,1.5,8.0
02111500,LA SCANCE A VERDUN,2013-04-15,10.8,8.3,11.4,976.0,9.2,1.6,2.6,28.0,0.11,0.5,0.19,0.1,0.08,1.3,5.0
02111500,LA SCANCE A VERDUN,2013-05-14,11.0,8.2,9.6,1278.0,11.0,2.9,2.2,20.0,0.12,0.9,0.23,0.71,0.53,2.9,13.0
02111500,LA SCANCE A VERDUN,2013-06-10,12.0,8.1,9.9,1320.0,16.0,3.6,2.5,20.0,0.08,2.1,0.18,1.34,0.53,3.3,9.0
02111500,LA SCANCE A VERDUN,2013-07-08,14.0,7.9,8.8,1700.0,7.0,2.0,3.2,19.9,0.11,1.5,0.221,1.3,1.1,4.2,13.0
02111500,LA SCANCE A VERDUN,2013-08-05,15.0,8.1,8.8,1900.0,9.0,3.3,4.3,15.2,0.7,0.8,1.64,0.27,0.34,2.4,14.0
02111500,LA SCANCE A VERDUN,2013-09-02,12.0,8.05,7.6,2200.0,7.0,1.8,2.7,15.8,0.28,1.1,0.608,0.59,0.44,2.2,14.0
02111500,LA SCANCE A VERDUN,2013-09-30,13.0,7.95,7.6,2400.0,8.0,2.7,3.1,16.5,0.57,1.4,1.12,0.71,0.25,4.2,16.0
02111500,LA SCANCE A VERDUN,2013-10-28,13.0,8.0,8.3,1100.0,21.0,8.6,3.6,24.2,0.19,1.1,0.433,0.7,0.32,3.3,21.0
02111500,LA SCANCE A VERDUN,2013-11-25,9.1,8.1,8.5,1100.0,13.0,5.2,1.9,25.0,0.1,0.5,0.282,0.53,0.16,1.8,8.0
02112000,LA MEUSE A BRAS-SUR-MEUSE,2013-01-21,4.0,8.3,12.0,540.0,4.9,3.6,1.9,18.0,0.05,0.5,0.11,0.05,0.03,0.9,5.0
02112000,LA MEUSE A BRAS-SUR-MEUSE,2013-02-18,5.6,8.1,10.4,508.0,11.0,11.0,1.1,17.0,0.06,0.5,0.1,0.05,0.02,2.2,5.0
02112000,LA MEUSE A BRAS-SUR-MEUSE,2013-03-18,5.7,7.65,10.7,546.0,10.0,4.5,2.4,15.0,0.04,0.8,0.13,0.05,0.02,1.5,16.0
02112000,LA MEUSE A BRAS-SUR-MEUSE,2013-04-15,12.6,8.2,9.5,423.0,55.0,27.0,6.4,16.0,0.07,1.0,0.16,0.13,0.11,0.5,10.0
02112000,LA MEUSE A BRAS-SUR-MEUSE,2013-05-14,12.5,8.2,9.7,497.0,8.3,5.1,3.0,11.0,0.04,0.5,0.12,0.05,0.02,1.6,8.0
02112000,LA MEUSE A BRAS-SUR-MEUSE,2013-06-10,15.7,8.0,8.1,531.0,8.0,4.0,2.4,16.0,0.02,0.6,0.015,0.05,0.03,0.5,10.0
02112000,LA MEUSE A BRAS-SUR-MEUSE,2013-07-08,19.0,8.1,8.5,500.0,7.0,3.6,2.2,11.6,0.02,0.5,0.015,0.05,0.05,0.5,8.0
02112000,LA MEUSE A BRAS-SUR-MEUSE,2013-08-05,20.0,8.1,8.3,550.0,5.0,3.1,3.2,8.9,0.02,0.5,0.015,0.05,0.04,1.0,5.0
02112000,LA MEUSE A BRAS-SUR-MEUSE,2013-09-02,16.0,8.2,9.9,520.0,6.0,0.5,1.8,10.2,0.03,0.5,0.015,0.05,0.06,0.5,6.0
02112000,LA MEUSE A BRAS-SUR-MEUSE,2013-09-30,14.0,8.0,9.2,530.0,3.0,2.1,2.7,16.6,0.06,0.5,0.137,0.05,0.05,2.9,6.0
02112000,LA MEUSE A BRAS-SUR-MEUSE,2013-10-28,14.0,8.0,8.6,400.0,27.0,28.6,6.6,8.7,0.17,0.9,0.307,0.05,0.03,1.4,26.0
02112000,LA MEUSE A BRAS-SUR-MEUSE,2013-11-25,6.5,8.3,9.0,500.0,16.0,16.0,3.3,13.0,0.08,0.5,0.18,0.05,0.03,2.0,9.0
02112150,LE RUISSEAU DE FORGES A BETHINCOURT,2013-02-18,4.4,8.0,8.3,574.0,13.0,7.5,0.9,25.0,0.03,0.7,0.06,0.05,0.02,1.8,5.0
02112150,LE RUISSEAU DE FORGES A BETHINCOURT,2013-03-18,6.3,7.4,9.5,597.0,26.0,14.0,1.8,17.0,0.04,0.6,0.08,0.05,0.04,1.3,12.0
02112150,LE RUISSEAU DE FORGES A BETHINCOURT,2013-04-15,10.9,7.85,12.5,566.0,9.6,2.1,1.5,21.0,0.01,0.5,0.017,0.05,0.03,1.5,5.0
02112150,LE RUISSEAU DE FORGES A BETHINCOURT,2013-05-14,10.1,7.8,9.6,567.0,8.7,5.7,1.5,22.0,0.02,0.5,0.06,0.05,0.04,1.6,7.0
02112150,LE RUISSEAU DE FORGES A BETHINCOURT,2013-06-10,11.3,7.85,8.0,593.0,8.4,3.6,1.4,22.0,0.01,0.5,0.05,0.05,0.04,0.5,6.0
02112150,LE RUISSEAU DE FORGES A BETHINCOURT,2013-07-08,12.0,7.7,10.3,590.0,6.0,3.2,1.4,21.2,0.02,0.5,0.037,0.05,0.03,0.5,5.0
02112150,LE RUISSEAU DE FORGES A BETHINCOURT,2013-08-05,13.0,7.75,10.0,560.0,3.0,2.1,2.0,21.0,0.02,0.5,0.015,0.05,0.01,0.6,5.0
02112150,LE RUISSEAU DE FORGES A BETHINCOURT,2013-09-02,10.0,7.85,11.0,540.0,2.0,1.2,1.1,21.4,0.02,0.9,0.015,0.05,0.01,0.5,5.0
02112150,LE RUISSEAU DE FORGES A BETHINCOURT,2013-09-30,11.0,7.75,9.6,540.0,2.0,2.2,1.3,20.5,0.02,0.5,0.031,0.05,0.01,2.5,11.0
02112150,LE RUISSEAU DE FORGES A BETHINCOURT,2013-10-28,12.0,7.9,8.9,570.0,80.0,65.0,4.8,26.6,0.16,0.9,0.212,0.05,0.06,1.7,27.0
02112150,LE RUISSEAU DE FORGES A BETHINCOURT,2013-11-25,8.5,7.7,8.9,600.0,7.0,4.0,1.4,25.0,0.02,0.5,0.056,0.05,0.03,1.2,5.0
02113000,LA MEUSE A SASSEY-SUR-MEUSE,2013-01-16,4.5,8.25,11.3,553.0,11.0,8.3,2.0,18.0,0.05,0.5,0.14,0.05,0.03,0.5,5.0
02113000,LA MEUSE A SASSEY-SUR-MEUSE,2013-02-13,2.5,8.25,12.8,501.0,10.0,7.5,2.6,16.0,0.04,0.5,0.11,0.05,0.02,1.2,7.0
02113000,LA MEUSE A SASSEY-SUR-MEUSE,2013-03-13,5.9,8.35,11.6,532.0,4.7,3.0,1.5,17.0,0.03,0.5,0.05,0.06,0.02,0.8,7.0
02113000,LA MEUSE A SASSEY-SUR-MEUSE,2013-04-10,8.8,8.1,8.4,486.0,5.5,0.69,1.6,15.0,0.01,0.5,0.04,0.05,0.02,1.3,13.0
02113000,LA MEUSE A SASSEY-SUR-MEUSE,2013-05-10,15.3,8.0,7.2,421.0,19.0,15.0,6.2,5.2,0.08,0.6,0.23,0.06,0.02,0.8,6.0
02113000,LA MEUSE A SASSEY-SUR-MEUSE,2013-06-05,14.5,8.15,14.2,490.0,10.0,6.2,3.3,12.0,0.06,0.5,0.1,0.05,0.03,0.8,12.0
02113000,LA MEUSE A SASSEY-SUR-MEUSE,2013-07-04,17.0,8.3,9.8,500.0,9.0,2.3,2.2,15.3,0.01,0.5,0.015,0.05,0.03,0.5,5.0
02113000,LA MEUSE A SASSEY-SUR-MEUSE,2013-07-31,21.0,8.1,8.2,510.0,3.0,1.0,2.3,12.3,0.05,0.5,0.092,0.05,0.06,0.5,5.0
02113000,LA MEUSE A SASSEY-SUR-MEUSE,2013-08-28,18.0,8.5,10.0,480.0,2.0,1.2,1.8,11.0,0.03,0.5,0.051,0.05,0.05,1.6,6.0
02113000,LA MEUSE A SASSEY-SUR-MEUSE,2013-09-25,15.0,8.2,9.7,590.0,4.0,2.3,3.4,17.3,0.05,0.5,0.136,0.05,0.03,1.4,8.0
02113000,LA MEUSE A SASSEY-SUR-MEUSE,2013-10-23,15.0,8.1,9.0,480.0,30.0,6.2,6.1,10.2,0.15,0.8,0.38,0.05,0.04,3.1,12.0
02113000,LA MEUSE A SASSEY-SUR-MEUSE,2013-11-20,7.4,8.3,11.2,500.0,8.0,7.4,3.1,15.6,0.06,0.5,0.019,0.05,0.03,1.5,5.0
02114000,LA MEUSE A INOR,2013-01-21,3.9,8.3,12.5,557.0,7.6,2.7,2.0,18.0,0.04,0.5,0.13,0.05,0.03,0.5,7.0
02114000,LA MEUSE A INOR,2013-02-18,5.5,8.1,9.9,490.0,13.0,8.4,1.2,17.0,0.07,0.5,0.1,0.05,0.02,1.7,6.0
02114000,LA MEUSE A INOR,2013-03-18,6.1,7.7,11.0,507.0,18.0,6.6,2.9,16.0,0.05,0.9,0.07,0.05,0.02,1.1,14.0
02114000,LA MEUSE A INOR,2013-04-15,12.7,8.3,9.9,562.0,29.0,11.0,3.2,14.0,0.03,0.5,0.08,0.05,0.07,2.5,5.0
02114000,LA MEUSE A INOR,2013-05-14,13.1,8.1,9.4,472.0,12.0,6.7,4.3,7.7,0.05,0.5,0.1,0.05,0.02,2.0,12.0
02114000,LA MEUSE A INOR,2013-06-10,16.2,8.2,7.8,513.0,9.4,3.9,2.4,14.0,0.26,0.5,0.02,0.05,0.02,0.5,5.0
02114000,LA MEUSE A INOR,2013-07-08,20.0,8.05,9.6,490.0,11.0,5.2,2.2,11.9,0.01,0.5,0.015,0.05,0.03,0.8,7.0
02114000,LA MEUSE A INOR,2013-08-05,23.0,8.1,8.1,490.0,12.0,2.4,2.3,9.9,0.03,0.5,0.04,0.05,0.03,0.7,5.0
02114000,LA MEUSE A INOR,2013-09-02,15.0,8.2,9.9,500.0,5.0,0.4,1.8,10.8,0.03,0.5,0.015,0.05,0.03,0.5,5.0
02114000,LA MEUSE A INOR,2013-09-30,16.0,8.2,9.1,500.0,3.0,2.0,3.0,15.4,0.06,0.5,0.139,0.05,0.03,2.8,15.0
02114000,LA MEUSE A INOR,2013-10-28,14.0,8.0,8.7,420.0,35.0,36.4,5.5,10.4,0.17,1.2,0.302,0.05,0.03,1.7,33.0
02114000,LA MEUSE A INOR,2013-11-25,6.2,7.3,8.6,510.0,15.0,12.4,3.3,13.4,0.08,0.5,0.142,0.05,0.03,1.1,7.0
02115000,LA MEUSE A REMILLY,2013-02-19,5.1,8.25,10.7,499.0,12.0,9.1,2.1,17.0,0.05,0.5,0.11,0.05,0.02,1.9,5.0
02115000,LA MEUSE A REMILLY,2013-04-16,12.3,8.2,11.0,492.0,38.0,5.1,7.1,16.0,0.05,0.8,0.08,0.06,0.09,1.1,15.0
02115000,LA MEUSE A REMILLY,2013-06-11,16.8,8.25,9.4,509.0,7.8,2.9,2.5,13.0,0.03,0.5,0.05,0.05,0.02,0.9,7.0
02115000,LA MEUSE A REMILLY,2013-08-06,22.0,8.05,6.9,510.0,4.0,3.1,2.5,10.6,0.04,0.5,0.072,0.05,0.03,0.5,5.0
02115000,LA MEUSE A REMILLY,2013-10-01,15.0,8.1,8.3,540.0,3.0,1.2,3.2,14.9,0.05,0.5,0.097,0.05,0.03,1.4,5.0
02115000,LA MEUSE A REMILLY,2013-11-26,6.2,8.3,9.0,490.0,13.0,12.9,3.2,13.2,0.07,0.5,0.139,0.05,0.03,2.1,5.0
02115200,LA CHIERS A LONGLAVILLE,2013-01-22,4.3,8.35,9.9,1188.0,11.0,9.2,4.2,16.0,0.36,1.9,0.81,1.7,0.32,3.7,21.0
02115200,LA CHIERS A LONGLAVILLE,2013-02-19,4.0,8.0,9.7,612.0,17.0,19.0,5.0,10.0,0.47,2.3,0.37,0.83,0.15,4.0,32.0
02115200,LA CHIERS A LONGLAVILLE,2013-03-19,5.5,7.9,10.0,697.0,32.0,9.2,4.9,9.7,0.25,2.1,0.44,1.07,0.17,5.5,25.0
02115200,LA CHIERS A LONGLAVILLE,2013-04-16,10.9,7.95,10.7,672.0,7.3,2.6,7.7,11.0,0.29,3.3,0.64,2.66,0.47,0.5,19.0
02115200,LA CHIERS A LONGLAVILLE,2013-05-14,11.2,7.9,7.1,653.0,7.5,4.5,5.0,11.0,0.24,2.2,0.61,1.78,0.56,2.4,19.0
02115200,LA CHIERS A LONGLAVILLE,2013-06-11,12.9,7.9,6.8,670.0,5.7,3.5,4.4,14.0,0.29,1.6,0.73,1.12,0.67,1.8,14.0
02115200,LA CHIERS A LONGLAVILLE,2013-07-09,16.0,7.8,5.5,740.0,4.0,4.1,4.7,16.3,0.47,1.3,1.41,0.47,0.89,3.6,8.0
02115200,LA CHIERS A LONGLAVILLE,2013-08-06,18.0,7.6,4.0,770.0,5.0,4.4,4.8,12.9,0.42,1.5,0.923,0.8,0.95,4.7,19.0
02115200,LA CHIERS A LONGLAVILLE,2013-09-03,15.0,7.8,2.8,770.0,4.0,1.9,4.9,20.8,0.81,2.1,1.55,1.7,1.2,5.6,19.0
02115200,LA CHIERS A LONGLAVILLE,2013-10-02,11.0,7.9,9.0,840.0,4.0,2.3,5.4,21.8,0.49,2.3,0.475,1.8,1.0,5.9,18.0
02115200,LA CHIERS A LONGLAVILLE,2013-10-29,11.0,7.8,9.0,530.0,15.0,11.2,6.0,10.5,0.25,1.9,0.484,0.73,0.35,3.8,34.0
02115200,LA CHIERS A LONGLAVILLE,2013-11-26,5.9,8.0,9.4,630.0,10.0,6.2,5.9,13.8,0.33,2.6,0.847,1.7,0.43,5.3,18.0
02115625,LA MOULAINE A HAUCOURT-MOULAINE,2013-02-19,7.9,7.8,10.0,602.0,2.3,1.5,0.5,11.0,0.01,0.5,0.03,0.05,0.01,0.8,5.0
02115625,LA MOULAINE A HAUCOURT-MOULAINE,2013-04-16,9.8,7.9,11.8,626.0,2.0,0.48,1.3,11.0,0.01,0.5,0.018,0.05,0.01,1.0,5.0
02115625,LA MOULAINE A HAUCOURT-MOULAINE,2013-06-11,9.8,7.8,10.3,623.0,2.0,0.77,0.9,9.9,0.01,0.5,0.03,0.05,0.01,0.5,5.0
02115625,LA MOULAINE A HAUCOURT-MOULAINE,2013-08-06,11.0,7.7,9.6,660.0,2.0,0.6,1.6,10.6,0.01,0.5,0.018,0.05,0.01,0.5,5.0
02115625,LA MOULAINE A HAUCOURT-MOULAINE,2013-10-02,9.2,7.8,10.2,670.0,2.0,0.4,0.5,10.5,0.01,0.5,0.015,0.05,0.01,0.9,5.0
02115625,LA MOULAINE A HAUCOURT-MOULAINE,2013-11-26,7.9,7.9,10.5,600.0,3.0,1.4,0.6,11.7,0.02,0.5,0.015,0.05,0.01,1.4,5.0
02115650,LA CHIERS A CONS-LA-GRANDVILLE,2013-01-22,5.9,8.25,10.2,967.0,5.5,4.7,2.8,19.0,0.19,0.7,0.46,0.8,0.24,1.4,9.0
02115650,LA CHIERS A CONS-LA-GRANDVILLE,2013-02-19,5.1,7.9,9.9,665.0,13.0,9.0,3.3,13.0,0.22,1.3,0.3,0.62,0.15,1.1,16.0
02115650,LA CHIERS A CONS-LA-GRANDVILLE,2013-03-19,6.2,8.1,8.4,637.0,39.0,8.9,3.9,13.0,0.28,1.9,0.48,0.98,0.22,6.0,21.0
02115650,LA CHIERS A CONS-LA-GRANDVILLE,2013-04-16,11.7,8.1,12.8,665.0,3.2,1.2,5.8,14.0,0.2,1.5,0.51,0.88,0.38,1.8,9.0
02115650,LA CHIERS A CONS-LA-GRANDVILLE,2013-05-14,10.8,7.9,8.5,653.0,4.3,2.3,3.6,15.0,0.18,1.0,0.5,0.47,0.38,3.1,12.0
02115650,LA CHIERS A CONS-LA-GRANDVILLE,2013-06-11,12.2,8.0,9.8,677.0,2.4,1.9,2.6,15.0,0.15,0.6,0.46,0.28,0.27,2.4,6.0
02115650,LA CHIERS A CONS-LA-GRANDVILLE,2013-07-09,14.0,7.95,8.6,720.0,3.0,1.8,3.0,16.2,0.19,0.5,0.5,0.16,0.26,1.8,8.0
02115650,LA CHIERS A CONS-LA-GRANDVILLE,2013-08-06,16.0,8.2,8.2,740.0,3.0,2.1,3.5,14.5,0.25,0.5,0.587,0.14,0.28,1.2,9.0
02115650,LA CHIERS A CONS-LA-GRANDVILLE,2013-09-03,14.0,7.9,5.5,720.0,2.0,1.3,3.3,17.0,0.31,0.5,0.824,0.17,0.37,1.8,10.0
02115650,LA CHIERS A CONS-LA-GRANDVILLE,2013-10-02,11.0,7.55,9.3,800.0,2.0,1.7,3.5,20.7,0.27,0.8,0.694,0.19,0.21,2.0,11.0
02115650,LA CHIERS A CONS-LA-GRANDVILLE,2013-10-29,12.0,7.2,9.1,590.0,15.0,7.5,5.5,12.9,0.22,1.2,0.441,0.35,0.33,3.1,34.0
02115650,LA CHIERS A CONS-LA-GRANDVILLE,2013-11-26,7.1,7.9,10.2,670.0,4.0,2.8,3.3,17.3,0.25,1.2,0.582,0.81,0.35,3.6,9.0
02115675,LA PIENNE A MERCY-LE-BAS,2013-01-22,,,,,,,,36.0,,,,,,,
02115675,LA PIENNE A MERCY-LE-BAS,2013-02-19,4.8,8.1,13.1,601.0,6.1,5.0,2.5,31.0,0.13,0.8,0.29,0.37,0.2,1.3,9.0
02115675,LA PIENNE A MERCY-LE-BAS,2013-03-19,,,,,,,,35.0,,,,,,,
02115675,LA PIENNE A MERCY-LE-BAS,2013-04-16,12.0,8.25,10.4,651.0,4.2,0.91,3.1,28.0,0.14,0.5,0.41,0.05,0.41,1.3,7.0
02115675,LA PIENNE A MERCY-LE-BAS,2013-05-14,,,,,,,,29.0,,,,,,,
02115675,LA PIENNE A MERCY-LE-BAS,2013-06-11,13.5,8.3,11.7,635.0,6.4,4.4,2.6,29.0,0.1,0.5,0.26,0.05,0.21,0.5,5.0
02115675,LA PIENNE A MERCY-LE-BAS,2013-07-09,,,,,,,,27.0,,,,,,,
02115675,LA PIENNE A MERCY-LE-BAS,2013-08-06,21.0,8.3,10.2,630.0,2.0,1.5,2.6,26.9,0.23,0.5,0.582,0.05,0.13,0.6,7.0
02115675,LA PIENNE A MERCY-LE-BAS,2013-09-03,,,,,,,,31.6,,,,,,,
02115675,LA PIENNE A MERCY-LE-BAS,2013-10-02,11.0,8.2,10.2,730.0,2.0,2.2,3.0,31.4,0.39,0.5,0.995,0.07,0.22,1.7,7.0
02115675,LA PIENNE A MERCY-LE-BAS,2013-10-29,,,,,,,,31.1,,,,,,,
02115675,LA PIENNE A MERCY-LE-BAS,2013-11-26,6.1,8.1,11.7,630.0,7.0,6.5,2.4,31.7,0.15,0.5,0.335,0.16,0.25,2.3,5.0
02115685,LE RUISSEAU DE NANHEUL A PIERREPONT,2013-02-19,7.0,7.9,11.8,524.0,3.4,3.4,1.2,22.0,0.03,0.5,0.08,0.05,0.01,0.9,5.0
02115685,LE RUISSEAU DE NANHEUL A PIERREPONT,2013-04-16,10.2,7.9,10.6,557.0,3.8,1.3,1.3,26.0,0.04,0.5,0.12,0.05,0.01,0.5,5.0
02115685,LE RUISSEAU DE NANHEUL A PIERREPONT,2013-06-11,9.9,7.85,10.5,546.0,2.0,2.2,0.8,20.0,0.02,0.5,0.05,0.05,0.01,0.5,5.0
02115685,LE RUISSEAU DE NANHEUL A PIERREPONT,2013-08-06,13.0,8.1,9.6,590.0,2.0,3.1,1.6,17.3,0.04,0.5,0.089,0.05,0.01,0.5,5.0
02115685,LE RUISSEAU DE NANHEUL A PIERREPONT,2013-10-02,9.8,8.1,10.1,550.0,2.0,1.8,1.3,16.1,0.04,0.5,0.109,0.05,0.03,1.4,5.0
02115685,LE RUISSEAU DE NANHEUL A PIERREPONT,2013-11-26,8.2,7.8,11.1,550.0,6.0,7.0,1.0,23.4,0.03,0.5,0.056,0.05,0.01,1.6,5.0
02115725,LA CRUSNES A LONGUYON,2013-01-22,6.1,7.9,9.5,641.0,8.9,5.0,1.3,25.0,0.04,0.5,0.09,0.07,0.05,1.4,11.0
02115725,LA CRUSNES A LONGUYON,2013-02-19,6.0,8.15,11.6,591.0,5.0,0.29,1.5,23.0,0.03,0.5,0.09,0.05,0.03,0.5,5.0
02115725,LA CRUSNES A LONGUYON,2013-03-19,7.4,7.9,9.7,574.0,9.8,1.9,1.7,30.0,0.07,0.5,0.09,0.07,0.08,1.1,6.0
02115725,LA CRUSNES A LONGUYON,2013-04-16,12.7,7.9,10.0,584.0,4.3,1.1,2.9,25.0,0.03,0.5,0.12,0.05,0.06,1.9,5.0
02115725,LA CRUSNES A LONGUYON,2013-05-14,10.2,7.95,9.9,572.0,5.2,3.6,1.2,21.0,0.03,0.5,0.1,0.05,0.05,1.4,7.0
02115725,LA CRUSNES A LONGUYON,2013-06-11,11.6,8.0,10.0,570.0,2.7,2.7,1.3,20.0,0.03,0.5,0.07,0.05,0.04,0.5,5.0
02115725,LA CRUSNES A LONGUYON,2013-07-09,13.0,7.9,9.1,570.0,3.0,0.1,1.4,18.6,0.03,0.5,0.066,0.05,0.05,1.2,5.0
02115725,LA CRUSNES A LONGUYON,2013-08-06,15.0,8.0,9.6,580.0,2.0,1.9,1.0,16.5,0.03,0.5,0.048,0.05,0.05,0.5,5.0
02115725,LA CRUSNES A LONGUYON,2013-09-03,11.0,8.1,10.2,570.0,2.0,1.4,1.1,15.2,0.02,0.5,0.049,0.08,0.05,0.7,5.0
02115725,LA CRUSNES A LONGUYON,2013-10-02,11.0,8.0,10.2,600.0,2.0,1.8,1.4,16.7,0.03,0.5,0.059,0.05,0.05,1.3,5.0
02115725,LA CRUSNES A LONGUYON,2013-10-29,11.0,8.1,10.3,550.0,20.0,24.0,3.1,25.9,0.08,0.8,0.144,0.05,0.07,2.1,21.0
02115725,LA CRUSNES A LONGUYON,2013-11-26,7.0,8.0,11.0,580.0,5.0,3.1,1.3,23.1,0.04,0.5,0.071,0.05,0.05,1.6,5.0
02115750,LA CHIERS A CHARENCY-VEZIN,2013-01-22,5.6,8.3,11.1,770.0,4.7,4.8,2.9,24.0,0.1,0.5,0.23,0.21,0.19,1.7,11.0
02115750,LA CHIERS A CHARENCY-VEZIN,2013-02-19,6.4,8.0,11.0,621.0,6.2,6.2,1.6,19.0,0.07,0.5,0.21,0.19,0.14,0.9,5.0
02115750,LA CHIERS A CHARENCY-VEZIN,2013-03-19,7.0,8.2,11.0,605.0,11.0,5.0,2.9,22.0,0.09,0.6,0.26,0.25,0.18,2.0,5.0
02115750,LA CHIERS A CHARENCY-VEZIN,2013-04-16,12.2,8.1,12.6,597.0,2.1,1.4,3.6,21.0,0.06,0.5,0.18,0.05,0.12,3.2,6.0
02115750,LA CHIERS A CHARENCY-VEZIN,2013-05-14,11.3,8.0,9.0,588.0,5.0,2.9,2.8,19.0,0.12,0.7,0.38,0.16,0.23,2.0,5.0
02115750,LA CHIERS A CHARENCY-VEZIN,2013-06-11,9.6,8.0,11.0,605.0,3.6,3.4,2.0,18.0,0.08,0.5,0.24,0.11,0.18,0.5,5.0
02115750,LA CHIERS A CHARENCY-VEZIN,2013-07-09,15.0,8.1,11.0,610.0,2.0,1.6,2.0,18.0,0.08,0.5,0.206,0.05,0.06,1.5,5.0
02115750,LA CHIERS A CHARENCY-VEZIN,2013-08-06,18.0,8.0,8.6,610.0,2.0,0.6,2.8,16.0,0.13,0.5,0.293,0.05,0.09,0.5,7.0
02115750,LA CHIERS A CHARENCY-VEZIN,2013-09-03,15.0,7.8,6.5,630.0,2.0,1.4,2.3,18.0,0.15,0.7,0.376,0.06,0.1,3.8,13.0
02115750,LA CHIERS A CHARENCY-VEZIN,2013-10-02,12.0,7.7,8.5,660.0,2.0,1.0,2.0,18.8,0.13,0.5,0.345,0.05,0.03,1.5,5.0
02115750,LA CHIERS A CHARENCY-VEZIN,2013-10-29,12.0,7.3,10.2,510.0,26.0,26.0,5.1,18.4,0.17,1.1,0.363,0.16,0.26,2.9,19.0
02115750,LA CHIERS A CHARENCY-VEZIN,2013-11-26,6.8,8.2,11.5,600.0,5.0,3.6,2.0,20.9,0.1,0.5,0.235,0.05,0.11,1.9,5.0
02115762,LE DORLON A CHARENCY-VEZIN,2013-02-19,5.6,8.0,10.7,435.0,11.0,3.2,0.9,18.0,0.03,0.5,0.07,0.05,0.01,1.5,5.0
02115762,LE DORLON A CHARENCY-VEZIN,2013-04-16,11.6,8.45,12.7,441.0,7.1,0.9,2.6,18.0,0.03,0.5,0.08,0.05,0.02,1.5,5.0
02115762,LE DORLON A CHARENCY-VEZIN,2013-06-11,9.9,8.2,11.0,455.0,14.0,1.9,0.6,16.0,0.02,0.5,0.08,0.05,0.01,0.5,5.0
02115762,LE DORLON A CHARENCY-VEZIN,2013-08-06,12.0,8.2,10.6,470.0,9.0,4.0,1.4,16.3,0.04,0.5,0.071,0.05,0.01,0.5,5.0
02115762,LE DORLON A CHARENCY-VEZIN,2013-10-02,9.7,8.0,10.1,480.0,3.0,1.2,0.8,16.7,0.03,0.5,0.061,0.19,0.03,1.2,5.0
02115762,LE DORLON A CHARENCY-VEZIN,2013-11-26,6.7,8.3,12.3,470.0,4.0,2.5,0.8,18.7,0.04,0.5,0.073,0.05,0.03,1.7,5.0
02115775,LE TON A ECOUVIEZ,2013-01-22,6.6,8.25,10.5,804.0,18.0,14.0,6.5,9.3,0.12,0.6,0.19,0.19,0.09,2.0,24.0
02115775,LE TON A ECOUVIEZ,2013-02-19,6.7,8.0,10.8,652.0,17.0,11.0,6.0,7.7,0.13,0.5,0.17,0.11,0.05,2.9,20.0
02115775,LE TON A ECOUVIEZ,2013-03-19,8.4,8.2,9.2,712.0,17.0,3.8,6.2,6.5,0.12,0.6,0.25,0.1,0.06,2.8,15.0
02115775,LE TON A ECOUVIEZ,2013-04-16,15.2,8.0,8.2,793.0,20.0,9.5,11.0,7.2,0.14,1.0,0.21,0.11,0.07,1.4,37.0
02115775,LE TON A ECOUVIEZ,2013-05-14,13.8,8.1,8.5,817.0,28.0,11.0,11.0,6.6,0.14,1.1,0.28,0.13,0.07,4.3,42.0
02115775,LE TON A ECOUVIEZ,2013-06-11,15.5,8.0,8.7,667.0,19.0,5.9,6.5,6.7,0.08,0.8,0.27,0.12,0.11,1.6,19.0
02115775,LE TON A ECOUVIEZ,2013-07-09,19.0,7.95,8.2,780.0,20.0,8.2,7.4,6.6,0.12,0.8,0.229,0.19,0.09,3.6,26.0
02115775,LE TON A ECOUVIEZ,2013-08-06,21.0,7.9,6.3,880.0,20.0,7.9,11.0,5.8,0.15,0.8,0.372,0.08,0.08,2.9,39.0
02115775,LE TON A ECOUVIEZ,2013-09-03,17.0,8.3,5.7,840.0,17.0,9.9,9.9,6.3,0.18,0.7,0.318,0.11,0.07,3.3,37.0
02115775,LE TON A ECOUVIEZ,2013-10-02,12.0,7.6,6.0,590.0,38.0,35.2,5.0,7.2,0.16,1.1,0.264,0.12,0.08,3.3,35.0
02115775,LE TON A ECOUVIEZ,2013-10-29,14.0,7.9,9.0,650.0,32.0,22.8,8.2,5.9,0.2,1.1,0.28,0.05,0.06,3.5,47.0
02115775,LE TON A ECOUVIEZ,2013-11-26,8.8,8.1,10.0,820.0,13.0,11.9,9.3,6.7,0.14,0.6,0.266,0.1,0.07,4.1,26.0
02115790,L'OTHAIN A HOUDELAUCOURT,2013-01-22,,,,,,,,28.0,,,,,,,
02115790,L'OTHAIN A HOUDELAUCOURT,2013-02-19,2.9,8.1,12.1,643.0,12.0,0.51,3.8,35.0,0.06,0.6,0.14,0.08,0.06,2.4,10.0
02115790,L'OTHAIN A HOUDELAUCOURT,2013-03-19,,,,,,,,43.0,,,,,,,
02115790,L'OTHAIN A HOUDELAUCOURT,2013-04-16,12.1,8.0,9.6,625.0,3.4,1.1,4.1,21.0,0.03,0.5,0.06,0.05,0.23,1.2,9.0
02115790,L'OTHAIN A HOUDELAUCOURT,2013-05-14,,,,,,,,19.0,,,,,,,
02115790,L'OTHAIN A HOUDELAUCOURT,2013-06-11,12.8,7.6,11.6,697.0,2.0,1.5,4.1,19.0,0.07,0.5,0.18,0.05,0.23,0.9,8.0
02115790,L'OTHAIN A HOUDELAUCOURT,2013-07-09,,,,,,,,17.2,,,,,,,
02115790,L'OTHAIN A HOUDELAUCOURT,2013-08-06,21.0,8.0,7.6,720.0,15.0,4.7,4.3,3.6,0.18,0.7,0.417,0.12,0.16,0.8,14.0
02115790,L'OTHAIN A HOUDELAUCOURT,2013-09-03,,,,,,,,4.1,,,,,,,
02115790,L'OTHAIN A HOUDELAUCOURT,2013-10-02,11.0,8.0,8.1,770.0,19.0,11.8,3.7,10.9,0.11,0.7,0.229,0.07,0.09,1.8,11.0
02115790,L'OTHAIN A HOUDELAUCOURT,2013-11-26,5.2,8.0,11.0,670.0,8.0,5.0,3.0,28.0,0.07,0.5,0.123,0.06,0.09,2.0,5.0
02115800,L'OTHAIN A OTHE,2013-01-22,3.5,7.6,10.6,626.0,5.2,4.4,2.1,34.0,0.05,0.9,0.11,0.13,0.09,1.2,10.0
02115800,L'OTHAIN A OTHE,2013-02-19,5.0,8.2,12.7,590.0,8.5,7.1,2.5,28.0,0.04,0.5,0.1,0.07,0.06,1.0,8.0
02115800,L'OTHAIN A OTHE,2013-03-19,6.2,8.25,10.7,561.0,11.0,4.6,2.5,26.0,0.03,0.5,0.015,0.05,0.06,1.1,5.0
02115800,L'OTHAIN A OTHE,2013-04-16,12.9,8.2,9.7,531.0,15.0,3.6,3.3,29.0,0.03,0.6,0.09,0.05,0.16,1.5,9.0
02115800,L'OTHAIN A OTHE,2013-05-14,13.5,8.25,9.9,702.0,14.0,10.0,3.3,24.0,0.04,0.5,0.05,0.05,0.11,1.9,10.0
02115800,L'OTHAIN A OTHE,2013-06-11,17.0,8.1,9.7,556.0,9.4,6.4,2.9,23.0,0.03,0.5,0.015,0.05,0.1,0.9,8.0
02115800,L'OTHAIN A OTHE,2013-07-09,20.0,7.9,7.7,580.0,10.0,3.9,3.0,20.9,0.03,0.5,0.063,0.09,0.12,1.3,8.0
02115800,L'OTHAIN A OTHE,2013-08-06,22.0,7.9,6.7,550.0,6.0,5.0,3.0,11.1,0.03,0.5,0.015,0.05,0.09,1.1,10.0
02115800,L'OTHAIN A OTHE,2013-09-03,15.0,8.0,8.9,480.0,6.0,0.7,2.3,11.0,0.02,0.5,0.041,0.05,0.07,1.8,7.0
02115800,L'OTHAIN A OTHE,2013-10-02,13.0,7.75,7.9,560.0,6.0,2.3,2.8,16.2,0.03,0.6,0.015,0.05,0.11,2.0,5.0
02115800,L'OTHAIN A OTHE,2013-10-29,12.0,8.2,9.9,490.0,38.0,30.3,6.8,19.2,0.15,1.4,0.268,0.05,0.07,2.5,36.0
02115800,L'OTHAIN A OTHE,2013-11-26,6.0,8.2,12.0,610.0,7.0,6.7,2.9,28.5,0.06,0.5,0.085,0.05,0.07,1.9,6.0
02115900,LE LOISON A HAN-LES-JUVIGNY,2013-01-22,3.7,7.75,11.0,596.0,8.5,8.2,3.8,23.0,0.05,0.7,0.08,0.09,0.06,1.6,15.0
02115900,LE LOISON A HAN-LES-JUVIGNY,2013-02-19,4.4,8.0,12.6,404.0,29.0,22.0,4.3,12.0,0.06,0.6,0.09,0.05,0.02,1.8,15.0
02115900,LE LOISON A HAN-LES-JUVIGNY,2013-03-19,5.8,8.0,9.8,378.0,48.0,41.0,6.5,14.0,0.06,1.1,0.06,0.08,0.05,1.6,21.0
02115900,LE LOISON A HAN-LES-JUVIGNY,2013-04-16,12.7,8.0,9.1,428.0,34.0,13.0,7.6,14.0,0.06,0.8,0.17,0.06,0.06,2.0,20.0
02115900,LE LOISON A HAN-LES-JUVIGNY,2013-05-14,12.6,8.05,10.3,575.0,13.0,24.0,5.9,14.0,0.08,0.6,0.13,0.07,0.1,1.8,20.0
02115900,LE LOISON A HAN-LES-JUVIGNY,2013-06-11,15.7,7.9,9.1,435.0,20.0,18.0,7.7,20.0,0.08,1.2,0.13,0.18,0.2,1.2,20.0
02115900,LE LOISON A HAN-LES-JUVIGNY,2013-07-09,18.0,8.1,10.8,540.0,5.0,3.7,3.3,16.5,0.02,0.5,0.039,0.07,0.04,1.3,5.0
02115900,LE LOISON A HAN-LES-JUVIGNY,2013-08-06,21.0,8.1,10.5,620.0,3.0,3.2,2.5,15.1,0.04,0.5,0.063,0.05,0.05,0.6,7.0
02115900,LE LOISON A HAN-LES-JUVIGNY,2013-09-03,15.0,8.1,8.4,520.0,2.0,1.0,2.5,14.5,0.03,0.5,0.05,0.05,0.04,1.2,7.0
02115900,LE LOISON A HAN-LES-JUVIGNY,2013-10-02,13.0,8.2,10.5,570.0,2.0,2.0,3.0,15.9,0.02,0.5,0.061,0.05,0.04,2.0,5.0
02115900,LE LOISON A HAN-LES-JUVIGNY,2013-10-29,13.0,7.9,9.3,420.0,69.0,67.7,11.9,16.0,0.19,1.8,0.325,0.05,0.07,3.2,56.0
02115900,LE LOISON A HAN-LES-JUVIGNY,2013-11-26,5.8,8.1,10.9,470.0,18.0,17.8,6.1,14.2,0.09,0.5,0.132,0.05,0.06,2.0,15.0
02115950,LA MARCHE A SAPOGNE-SUR-MARCHE,2013-02-19,4.2,8.2,10.9,474.0,11.0,3.5,1.2,11.0,0.04,0.5,0.06,0.05,0.02,2.0,5.0
02115950,LA MARCHE A SAPOGNE-SUR-MARCHE,2013-03-19,6.9,8.1,11.0,455.0,7.8,1.1,0.9,11.0,0.03,0.5,0.07,0.05,0.03,0.5,5.0
02115950,LA MARCHE A SAPOGNE-SUR-MARCHE,2013-04-16,9.6,8.1,11.4,432.0,7.8,2.0,2.7,11.0,0.02,0.5,0.02,0.05,0.03,1.0,5.0
02115950,LA MARCHE A SAPOGNE-SUR-MARCHE,2013-05-14,10.3,8.2,10.4,442.0,18.0,2.8,1.1,10.0,0.02,0.5,0.07,0.07,0.04,1.4,5.0
02115950,LA MARCHE A SAPOGNE-SUR-MARCHE,2013-06-11,11.6,8.25,8.5,441.0,8.8,2.2,1.1,9.6,0.01,0.5,0.05,0.05,0.03,0.5,5.0
02115950,LA MARCHE A SAPOGNE-SUR-MARCHE,2013-07-09,14.0,8.2,10.0,510.0,2.0,13.1,1.5,21.5,0.07,0.5,0.066,0.05,0.05,1.8,14.0
02115950,LA MARCHE A SAPOGNE-SUR-MARCHE,2013-08-06,14.0,8.0,7.7,450.0,10.0,2.8,1.2,9.7,0.02,0.5,0.034,0.05,0.04,0.7,5.0
02115950,LA MARCHE A SAPOGNE-SUR-MARCHE,2013-09-03,11.0,8.1,10.0,430.0,9.0,2.3,1.0,9.1,0.02,0.5,0.035,0.05,0.03,1.8,5.0
02115950,LA MARCHE A SAPOGNE-SUR-MARCHE,2013-10-01,9.5,8.0,9.8,450.0,7.0,3.0,1.3,9.0,0.02,0.5,0.021,0.05,0.03,1.8,5.0
02115950,LA MARCHE A SAPOGNE-SUR-MARCHE,2013-10-29,10.0,7.4,10.3,440.0,7.0,2.8,1.6,9.5,0.03,0.5,0.036,0.05,0.04,2.6,16.0
02115950,LA MARCHE A SAPOGNE-SUR-MARCHE,2013-11-26,6.0,8.1,10.9,450.0,15.0,4.4,1.1,10.2,0.04,0.5,0.036,0.05,0.04,1.9,5.0
02116000,LA CHIERS A CARIGNAN,2013-01-17,2.8,8.2,10.4,616.0,13.0,7.2,2.6,19.0,0.1,0.5,0.13,0.09,0.09,1.3,11.0
02116000,LA CHIERS A CARIGNAN,2013-02-14,3.5,8.05,12.6,593.0,16.0,11.0,2.9,19.0,0.04,0.5,0.13,0.07,0.06,1.4,10.0
02116000,LA CHIERS A CARIGNAN,2013-03-14,5.0,8.3,12.1,588.0,9.8,4.0,2.6,17.0,0.15,0.5,0.09,0.07,0.05,2.3,7.0
02116000,LA CHIERS A CARIGNAN,2013-04-11,9.4,8.3,10.8,578.0,9.3,0.68,3.6,16.0,0.06,0.5,0.07,0.16,0.06,2.0,9.0
02116000,LA CHIERS A CARIGNAN,2013-05-10,12.7,8.15,9.8,497.0,26.0,32.0,4.7,16.0,0.14,0.9,0.16,0.12,0.21,1.7,11.0
02116000,LA CHIERS A CARIGNAN,2013-06-06,14.1,8.3,9.7,553.0,17.0,9.6,2.4,17.0,0.07,0.5,0.12,0.05,0.06,1.4,6.0
02116000,LA CHIERS A CARIGNAN,2013-07-04,16.0,8.55,8.9,580.0,16.0,5.1,3.3,16.2,0.06,0.6,0.123,0.05,0.05,0.9,11.0
02116000,LA CHIERS A CARIGNAN,2013-08-01,18.0,8.2,7.1,580.0,11.0,6.4,3.6,12.5,0.08,0.5,0.194,0.05,0.08,1.7,11.0
02116000,LA CHIERS A CARIGNAN,2013-08-29,20.0,8.2,7.8,590.0,9.0,3.4,3.6,12.4,0.1,0.5,0.339,0.07,0.08,0.9,9.0
02116000,LA CHIERS A CARIGNAN,2013-09-26,14.0,8.4,9.6,670.0,11.0,9.4,4.1,13.2,0.09,1.2,0.223,0.06,0.04,1.7,12.0
02116000,LA CHIERS A CARIGNAN,2013-10-24,14.0,8.2,8.0,600.0,2.0,11.7,4.4,16.1,0.11,0.5,0.235,0.05,0.07,1.9,19.0
02116000,LA CHIERS A CARIGNAN,2013-11-21,7.4,8.5,10.3,530.0,16.0,10.0,3.0,17.1,0.07,0.5,0.161,0.05,0.08,1.8,11.0
02116570,LA GIVONNE A ILLY (OLLY),2013-02-19,2.0,8.5,11.8,61.0,2.0,1.8,1.1,3.9,0.01,0.5,0.04,0.05,0.01,2.1,5.0
02116570,LA GIVONNE A ILLY (OLLY),2013-03-19,4.5,7.65,11.5,62.0,5.4,2.7,1.2,3.7,0.01,0.5,0.03,0.05,0.01,1.1,5.0
02116570,LA GIVONNE A ILLY (OLLY),2013-04-16,8.2,7.35,12.1,63.0,2.3,0.72,1.3,3.7,0.01,0.5,0.015,0.05,0.01,1.0,5.0
02116570,LA GIVONNE A ILLY (OLLY),2013-05-14,9.2,7.7,11.6,71.0,3.2,1.6,1.5,3.6,0.02,0.5,0.03,0.05,0.01,0.9,5.0
02116570,LA GIVONNE A ILLY (OLLY),2013-06-11,10.0,8.2,10.0,63.0,2.4,0.43,1.2,3.3,0.01,0.5,0.016,0.05,0.01,0.5,5.0
02116570,LA GIVONNE A ILLY (OLLY),2013-07-09,13.0,7.6,10.2,74.0,3.0,1.1,1.4,4.0,0.01,0.5,0.024,0.05,0.01,1.1,5.0
02116570,LA GIVONNE A ILLY (OLLY),2013-08-06,14.0,7.95,9.0,84.0,2.0,1.2,1.5,3.8,0.01,0.5,0.023,0.05,0.01,0.7,6.0
02116570,LA GIVONNE A ILLY (OLLY),2013-09-03,11.0,7.45,10.3,92.0,2.0,0.3,1.3,3.8,0.01,0.5,0.023,0.05,0.01,0.8,14.0
02116570,LA GIVONNE A ILLY (OLLY),2013-10-01,8.5,7.7,10.8,81.0,2.0,0.4,1.5,4.0,0.01,0.5,0.015,0.05,0.01,1.6,5.0
02116570,LA GIVONNE A ILLY (OLLY),2013-10-29,9.4,7.4,10.1,79.0,6.0,2.5,2.5,4.9,0.01,0.5,0.015,0.05,0.01,2.0,17.0
02116570,LA GIVONNE A ILLY (OLLY),2013-11-26,5.1,7.8,11.5,55.0,4.0,1.9,1.2,4.2,0.01,0.5,0.015,0.05,0.01,1.9,5.0
02116600,LA GIVONNE A DAIGNY,2013-02-19,2.6,8.1,12.3,204.0,2.0,0.94,1.5,7.3,0.01,0.5,0.04,0.05,0.01,2.2,5.0
02116600,LA GIVONNE A DAIGNY,2013-04-16,9.7,7.65,11.3,168.0,2.1,1.5,2.7,6.5,0.01,0.5,0.016,0.05,0.01,1.9,5.0
02116600,LA GIVONNE A DAIGNY,2013-06-11,12.8,8.35,9.0,222.0,2.9,1.3,1.6,7.5,0.02,0.5,0.03,0.07,0.05,0.5,5.0
02116600,LA GIVONNE A DAIGNY,2013-08-06,17.0,7.7,7.5,350.0,4.0,3.2,2.3,11.8,0.03,0.5,0.042,0.05,0.04,0.5,5.0
02116600,LA GIVONNE A DAIGNY,2013-10-01,11.0,7.6,9.5,260.0,6.0,1.9,2.3,8.3,0.02,0.5,0.015,0.05,0.01,2.1,5.0
02116600,LA GIVONNE A DAIGNY,2013-11-26,5.2,7.8,10.3,160.0,2.0,1.0,1.7,6.5,0.02,0.5,0.015,0.05,0.01,2.1,5.0
02117000,LA MEUSE A DONCHERY,2013-01-22,3.5,8.2,13.8,599.0,8.1,7.8,2.1,20.0,0.06,0.5,0.13,0.13,0.05,1.9,8.0
02117000,LA MEUSE A DONCHERY,2013-02-20,5.6,8.1,13.8,534.0,15.0,0.1,2.3,17.0,0.06,0.5,0.12,0.13,0.03,1.0,6.0
02117000,LA MEUSE A DONCHERY,2013-03-20,6.9,8.25,12.0,541.0,31.0,11.0,3.0,16.0,0.05,0.6,0.09,0.07,0.06,2.4,11.0
02117000,LA MEUSE A DONCHERY,2013-04-17,13.6,8.2,9.9,457.0,37.0,14.0,4.5,15.0,0.07,0.8,0.09,0.07,0.1,2.8,14.0
02117000,LA MEUSE A DONCHERY,2013-05-15,13.5,8.25,9.6,494.0,16.0,8.3,4.3,9.0,0.07,0.8,0.18,0.05,0.04,1.7,13.0
02117000,LA MEUSE A DONCHERY,2013-06-12,16.6,8.35,10.2,506.0,11.0,5.3,2.5,14.0,0.03,0.5,0.06,0.05,0.04,0.5,9.0
02117000,LA MEUSE A DONCHERY,2013-07-10,20.0,8.2,8.7,520.0,11.0,6.3,2.0,13.0,0.04,0.5,0.052,0.05,0.04,0.6,7.0
02117000,LA MEUSE A DONCHERY,2013-08-07,22.0,8.1,7.8,520.0,8.0,6.1,2.2,11.0,0.07,0.5,0.132,0.05,0.04,0.7,5.0
02117000,LA MEUSE A DONCHERY,2013-09-04,18.0,8.2,5.7,530.0,5.0,3.0,2.4,11.4,0.06,0.5,0.147,0.08,0.04,1.2,7.0
02117000,LA MEUSE A DONCHERY,2013-10-02,14.0,8.35,8.4,590.0,3.0,2.8,2.9,13.8,0.06,0.5,0.162,0.05,0.04,0.9,6.0
02117000,LA MEUSE A DONCHERY,2013-10-29,13.0,8.2,8.6,440.0,45.0,7.7,6.1,11.6,0.17,0.8,0.264,0.07,0.06,2.7,16.0
02117000,LA MEUSE A DONCHERY,2013-11-27,6.0,8.2,12.4,510.0,13.0,12.3,3.5,14.4,0.08,0.5,0.141,0.05,0.04,1.2,6.0
02117575,LA BAR A SAUVILLE,2013-02-19,4.3,7.9,11.2,410.0,22.0,12.0,4.2,15.0,0.05,0.5,0.08,0.05,0.02,2.4,8.0
02117575,LA BAR A SAUVILLE,2013-04-16,10.9,8.15,11.4,402.0,16.0,3.2,4.2,10.0,0.03,0.5,0.11,0.06,0.05,0.9,12.0
02117575,LA BAR A SAUVILLE,2013-06-11,14.9,8.15,6.4,459.0,17.0,6.0,4.2,12.0,0.05,0.8,0.12,0.05,0.07,1.4,14.0
02117575,LA BAR A SAUVILLE,2013-08-06,20.0,8.0,8.8,490.0,10.0,6.4,3.6,11.4,0.07,0.5,0.242,0.05,0.11,0.8,9.0
02117575,LA BAR A SAUVILLE,2013-10-01,13.0,8.0,9.5,480.0,8.0,6.8,3.6,11.3,0.06,0.5,0.084,0.05,0.1,1.7,8.0
02117575,LA BAR A SAUVILLE,2013-11-26,5.8,8.0,8.3,420.0,13.0,8.7,5.2,10.8,0.07,0.6,0.101,0.1,0.06,2.1,16.0
02118000,LA MEUSE A LUMES,2013-02-14,2.7,8.2,13.3,496.0,13.0,11.0,2.3,15.0,0.05,0.5,0.11,0.05,0.02,1.2,13.0
02118000,LA MEUSE A LUMES,2013-04-11,9.3,8.3,11.9,456.0,4.9,0.39,2.3,15.0,0.04,0.5,0.05,0.05,0.04,1.4,5.0
02118000,LA MEUSE A LUMES,2013-05-21,11.8,8.0,7.6,409.0,59.0,5.8,,,0.11,0.9,,,,2.0,27.0
02118000,LA MEUSE A LUMES,2013-06-06,15.5,8.3,9.5,519.0,11.0,5.1,2.7,13.0,0.05,0.5,0.09,0.06,0.04,0.8,5.0
02118000,LA MEUSE A LUMES,2013-06-17,18.3,8.0,9.3,519.0,6.6,1.7,,,0.02,0.7,,,,1.3,7.0
02118000,LA MEUSE A LUMES,2013-07-23,25.0,8.2,7.7,532.0,7.6,4.0,,,0.04,0.5,,,,0.7,6.0
02118000,LA MEUSE A LUMES,2013-08-01,21.0,8.0,7.7,510.0,9.0,7.8,3.1,11.9,0.06,0.5,0.156,0.08,0.07,1.1,8.0
02118000,LA MEUSE A LUMES,2013-08-27,19.9,8.0,8.2,543.0,4.0,1.3,,,0.08,0.5,,,,1.5,8.0
02118000,LA MEUSE A LUMES,2013-09-24,16.0,7.9,7.7,535.0,5.2,0.38,,,0.07,0.5,,,,0.9,7.0
02118000,LA MEUSE A LUMES,2013-09-26,15.0,8.25,9.5,560.0,5.0,4.3,2.7,11.0,0.06,0.5,0.142,0.08,0.03,1.8,5.0
02118000,LA MEUSE A LUMES,2013-10-21,14.0,8.2,10.1,530.0,25.0,14.0,,,0.13,0.7,,,,1.4,21.0
02118000,LA MEUSE A LUMES,2013-11-21,6.5,8.4,10.3,480.0,11.0,9.2,3.2,13.3,0.06,0.5,0.158,0.05,0.04,1.7,8.0
02118300,LA SORMONNE A GIRONDELLE,2013-02-19,2.0,7.7,13.3,255.0,4.3,4.2,3.5,9.7,0.02,0.5,0.06,0.1,0.02,0.5,9.0
02118300,LA SORMONNE A GIRONDELLE,2013-04-16,8.6,7.75,11.2,230.0,4.0,2.7,5.1,6.6,0.02,0.5,0.04,0.05,0.03,2.6,8.0
02118300,LA SORMONNE A GIRONDELLE,2013-06-11,11.8,8.0,9.8,322.0,8.6,5.1,4.0,11.0,0.05,0.5,0.11,0.08,0.11,2.1,15.0
02118300,LA SORMONNE A GIRONDELLE,2013-08-06,16.0,8.1,8.5,410.0,13.0,9.7,4.3,14.9,0.08,0.5,0.133,0.05,0.09,1.2,15.0
02118300,LA SORMONNE A GIRONDELLE,2013-10-01,11.0,8.05,8.3,370.0,8.0,6.2,4.5,12.5,0.08,0.7,0.119,0.07,0.1,2.1,9.0
02118300,LA SORMONNE A GIRONDELLE,2013-11-26,5.3,8.0,10.6,220.0,6.0,4.0,4.4,9.2,0.04,0.5,0.055,0.07,0.05,2.1,8.0
02118500,LA SORMONNE A BELVAL,2013-01-23,3.9,8.15,11.3,352.0,15.0,3.2,1.8,17.0,0.03,0.7,0.06,0.13,0.05,0.5,5.0
02118500,LA SORMONNE A BELVAL,2013-02-19,4.2,8.55,12.3,387.0,17.0,12.0,1.6,15.0,0.03,0.5,0.07,0.06,0.03,0.5,5.0
02118500,LA SORMONNE A BELVAL,2013-03-19,6.3,8.15,12.0,364.0,13.0,3.3,2.5,12.0,0.03,0.5,0.11,0.06,0.03,1.2,5.0
02118500,LA SORMONNE A BELVAL,2013-04-16,10.8,8.3,10.5,380.0,5.5,3.1,2.9,18.0,0.02,0.5,0.07,0.05,0.04,1.1,6.0
02118500,LA SORMONNE A BELVAL,2013-05-15,11.4,8.35,11.7,414.0,10.0,4.0,2.8,14.0,0.04,0.6,0.06,0.06,0.06,1.8,8.0
02118500,LA SORMONNE A BELVAL,2013-06-11,11.5,8.25,11.1,430.0,12.0,6.2,2.5,15.0,0.05,0.5,0.09,0.06,0.12,0.9,11.0
02118500,LA SORMONNE A BELVAL,2013-07-09,17.0,8.2,9.8,420.0,15.0,9.6,2.5,14.1,0.03,0.5,0.061,0.05,0.06,1.1,5.0
02118500,LA SORMONNE A BELVAL,2013-08-06,17.0,8.3,9.0,450.0,12.0,8.3,1.8,14.3,0.05,0.5,0.075,0.05,0.08,0.7,7.0
02118500,LA SORMONNE A BELVAL,2013-09-03,13.0,8.3,6.0,470.0,4.0,2.6,1.7,14.2,0.03,0.5,0.052,0.05,0.05,1.7,5.0
02118500,LA SORMONNE A BELVAL,2013-10-01,11.0,8.35,8.9,430.0,7.0,2.5,2.4,13.1,0.05,0.5,0.051,0.05,0.05,1.4,5.0
02118500,LA SORMONNE A BELVAL,2013-10-28,13.0,7.8,7.9,320.0,68.0,25.5,7.7,7.4,0.13,1.4,0.127,0.05,0.06,2.5,33.0
02118500,LA SORMONNE A BELVAL,2013-11-26,6.1,8.2,12.7,340.0,10.0,5.8,2.5,13.6,0.04,0.5,0.084,0.05,0.05,1.4,5.0
02118750,LA GOUTELLE A NOUZONVILLE,2013-01-22,4.0,8.05,13.2,251.0,3.6,2.8,1.5,8.2,0.05,0.6,0.12,0.21,0.05,0.5,8.0
02118750,LA GOUTELLE A NOUZONVILLE,2013-02-20,4.3,7.85,14.4,175.0,2.8,2.0,1.3,7.4,0.03,0.5,0.1,0.12,0.03,1.8,6.0
02118750,LA GOUTELLE A NOUZONVILLE,2013-03-20,5.7,7.75,11.5,226.0,100.0,15.0,2.5,8.6,0.04,1.4,0.13,0.2,0.06,5.8,9.0
02118750,LA GOUTELLE A NOUZONVILLE,2013-04-17,10.6,7.95,11.8,164.0,4.2,1.7,1.4,6.3,0.07,0.5,0.09,0.1,0.05,2.2,5.0
02118750,LA GOUTELLE A NOUZONVILLE,2013-05-15,13.7,8.25,9.5,190.0,6.6,2.5,2.2,6.8,0.1,1.2,0.25,0.55,0.13,3.0,20.0
02118750,LA GOUTELLE A NOUZONVILLE,2013-06-12,12.7,7.85,10.4,182.0,4.4,1.5,1.7,6.8,0.04,0.6,0.13,0.21,0.14,0.7,7.0
02118750,LA GOUTELLE A NOUZONVILLE,2013-07-10,15.0,7.65,9.8,210.0,3.0,0.1,1.8,7.6,0.07,0.5,0.154,0.07,0.16,1.1,5.0
02118750,LA GOUTELLE A NOUZONVILLE,2013-08-07,15.0,7.85,9.0,220.0,4.0,2.2,1.9,7.2,0.09,0.5,0.202,0.05,0.09,1.4,7.0
02118750,LA GOUTELLE A NOUZONVILLE,2013-09-04,14.0,7.9,6.1,210.0,3.0,1.7,1.7,7.9,0.07,0.5,0.181,0.05,0.06,0.5,5.0
02118750,LA GOUTELLE A NOUZONVILLE,2013-10-02,10.0,8.15,9.6,190.0,2.0,1.2,1.9,6.6,0.05,0.5,0.117,0.05,0.05,1.6,5.0
02118750,LA GOUTELLE A NOUZONVILLE,2013-10-29,11.0,8.0,9.1,200.0,8.0,2.2,3.7,8.0,0.06,0.6,0.146,0.08,0.05,2.8,9.0
02118750,LA GOUTELLE A NOUZONVILLE,2013-11-27,6.7,7.7,11.7,170.0,4.0,2.1,1.9,7.5,0.05,0.5,0.1,0.11,0.05,1.7,5.0
02119000,LA MEUSE A NOUZONVILLE,2013-01-22,3.6,8.3,13.4,588.0,8.1,8.0,2.1,20.0,0.04,0.5,0.13,0.16,0.05,0.9,10.0
02119000,LA MEUSE A NOUZONVILLE,2013-02-20,5.9,8.0,13.7,479.0,13.0,0.43,2.2,17.0,0.03,0.5,0.12,0.09,0.04,1.2,8.0
02119000,LA MEUSE A NOUZONVILLE,2013-03-20,5.9,7.7,12.1,360.0,26.0,11.0,2.5,11.0,0.05,0.5,0.1,0.12,0.03,2.4,7.0
02119000,LA MEUSE A NOUZONVILLE,2013-04-17,13.2,8.25,10.1,509.0,22.0,8.5,3.5,16.0,0.06,0.8,0.06,0.08,0.09,2.4,9.0
02119000,LA MEUSE A NOUZONVILLE,2013-05-15,10.5,7.8,10.0,497.0,31.0,7.7,4.6,8.5,0.1,1.0,0.18,0.2,0.05,2.8,23.0
02119000,LA MEUSE A NOUZONVILLE,2013-06-12,16.9,8.25,9.6,519.0,8.7,3.8,2.5,14.0,0.04,0.5,0.08,0.07,0.04,0.5,11.0
02119000,LA MEUSE A NOUZONVILLE,2013-07-10,20.0,8.1,8.8,510.0,10.0,6.4,2.3,13.2,0.05,0.5,0.095,0.06,0.04,0.5,8.0
02119000,LA MEUSE A NOUZONVILLE,2013-08-07,20.0,8.2,8.5,520.0,7.0,4.8,2.3,11.4,0.07,0.5,0.134,0.05,0.04,0.5,9.0
02119000,LA MEUSE A NOUZONVILLE,2013-09-04,19.0,8.2,5.9,550.0,4.0,2.9,2.5,11.3,0.06,0.5,0.141,0.06,0.04,1.2,8.0
02119000,LA MEUSE A NOUZONVILLE,2013-10-02,14.0,8.3,8.8,560.0,6.0,4.2,3.1,13.5,0.08,0.5,0.181,0.09,0.04,1.1,9.0
02119000,LA MEUSE A NOUZONVILLE,2013-10-29,13.0,8.1,8.5,460.0,54.0,6.0,6.1,12.3,0.15,1.1,0.244,0.05,0.05,2.8,15.0
02119000,LA MEUSE A NOUZONVILLE,2013-11-27,6.4,8.2,12.2,500.0,13.0,10.8,3.5,14.3,0.08,0.5,0.14,0.05,0.04,1.3,5.0
02120000,LA SEMOIS A HAULME,2013-01-22,1.9,8.15,14.4,217.0,2.1,1.8,1.7,13.0,0.02,0.5,0.09,0.09,0.03,1.6,8.0
02120000,LA SEMOIS A HAULME,2013-02-20,3.4,7.7,13.5,194.0,2.0,1.1,1.8,11.0,0.03,0.5,0.08,0.05,0.02,1.3,5.0
02120000,LA SEMOIS A HAULME,2013-03-20,5.5,8.2,13.4,232.0,11.0,0.84,2.2,8.3,0.02,0.5,0.03,0.05,0.02,1.8,5.0
02120000,LA SEMOIS A HAULME,2013-04-17,13.5,9.15,13.5,168.0,6.4,1.9,3.2,6.2,0.02,0.5,0.016,0.05,0.03,2.8,7.0
02120000,LA SEMOIS A HAULME,2013-05-15,12.7,8.15,10.7,183.0,4.9,1.9,3.9,6.7,0.06,0.5,0.13,0.05,0.03,1.9,13.0
02120000,LA SEMOIS A HAULME,2013-06-12,16.7,8.45,10.2,156.0,6.9,2.7,2.5,7.7,0.03,0.5,0.07,0.05,0.02,1.3,12.0
02120000,LA SEMOIS A HAULME,2013-07-10,22.0,8.95,9.9,220.0,5.0,1.9,3.5,4.6,0.06,0.5,0.106,0.05,0.03,1.5,12.0
02120000,LA SEMOIS A HAULME,2013-08-07,21.0,8.0,8.2,210.0,2.0,0.8,3.6,1.8,0.04,0.5,0.069,0.05,0.02,0.9,12.0
02120000,LA SEMOIS A HAULME,2013-09-04,21.0,9.3,9.3,230.0,4.0,0.7,3.7,0.5,0.04,0.5,0.091,0.05,0.01,2.1,10.0
02120000,LA SEMOIS A HAULME,2013-10-02,15.0,9.0,11.7,210.0,3.0,1.1,3.5,2.2,0.03,0.5,0.056,0.05,0.02,1.9,7.0
02120000,LA SEMOIS A HAULME,2013-10-29,12.0,8.2,8.7,200.0,67.0,2.0,5.5,6.9,0.11,1.3,0.087,0.06,0.03,3.4,25.0
02120000,LA SEMOIS A HAULME,2013-11-27,5.3,7.9,13.0,170.0,5.0,2.2,2.6,10.4,0.04,0.5,0.076,0.05,0.02,1.5,5.0
02122200,L'ALYSE A FUMAY,2013-01-24,3.7,7.45,12.6,66.0,2.4,1.9,1.5,4.1,0.01,0.5,0.015,0.05,0.01,0.9,5.0
02122200,L'ALYSE A FUMAY,2013-02-21,3.0,7.95,15.9,75.0,2.5,0.95,1.3,3.6,0.01,0.5,0.02,0.05,0.01,1.4,5.0
02122200,L'ALYSE A FUMAY,2013-03-21,4.6,8.1,13.4,92.0,4.5,1.1,1.7,4.4,0.01,0.5,0.02,0.05,0.01,1.8,5.0
02122200,L'ALYSE A FUMAY,2013-04-18,10.0,7.55,11.4,71.0,3.1,1.5,2.2,3.3,0.02,0.5,0.015,0.05,0.01,1.8,5.0
02122200,L'ALYSE A FUMAY,2013-05-16,9.4,7.65,11.1,75.0,2.4,0.69,2.5,3.0,0.01,0.5,0.015,0.05,0.01,1.0,9.0
02122200,L'ALYSE A FUMAY,2013-06-13,13.1,7.45,10.7,83.0,3.8,3.0,2.2,3.0,0.01,0.5,0.015,0.05,0.01,0.5,8.0
02122200,L'ALYSE A FUMAY,2013-07-11,13.0,7.3,9.6,66.0,3.0,1.8,2.2,3.3,0.01,0.5,0.022,0.05,0.01,0.5,7.0
02122200,L'ALYSE A FUMAY,2013-08-08,14.0,7.6,10.0,84.0,3.0,2.1,3.4,2.4,0.01,0.5,0.015,0.05,0.01,0.7,10.0
02122200,L'ALYSE A FUMAY,2013-09-05,13.0,7.55,6.6,68.0,3.0,1.1,1.7,2.4,0.01,0.7,0.015,0.05,0.01,1.4,5.0
02122200,L'ALYSE A FUMAY,2013-10-03,9.9,7.65,11.2,69.0,2.0,0.4,2.6,2.2,0.01,0.5,0.015,0.05,0.01,1.0,7.0
02122200,L'ALYSE A FUMAY,2013-10-30,8.0,7.8,10.9,90.0,2.0,1.4,4.0,4.3,0.01,0.5,0.015,0.05,0.01,2.8,10.0
02122200,L'ALYSE A FUMAY,2013-11-28,6.0,7.6,12.3,62.0,3.0,1.2,2.3,3.8,0.01,0.5,0.015,0.05,0.01,1.4,7.0
02122800,LE VIROIN A VIREUX-MOLHAIN,2013-01-24,3.0,7.9,12.6,349.0,4.6,4.3,2.6,12.0,0.03,0.5,0.11,0.09,0.06,0.9,7.0
02122800,LE VIROIN A VIREUX-MOLHAIN,2013-02-21,2.9,8.2,15.5,293.0,4.9,3.0,2.6,10.0,0.05,0.5,0.11,0.07,0.05,1.7,5.0
02122800,LE VIROIN A VIREUX-MOLHAIN,2013-03-21,5.0,7.9,12.5,206.0,16.0,6.1,4.2,6.4,0.04,0.5,0.05,0.08,0.03,2.7,16.0
02122800,LE VIROIN A VIREUX-MOLHAIN,2013-04-18,12.9,8.15,9.9,286.0,4.7,2.0,3.6,6.7,0.03,0.5,0.02,0.05,0.04,2.2,13.0
02122800,LE VIROIN A VIREUX-MOLHAIN,2013-05-16,12.3,8.0,10.0,302.0,8.9,3.2,4.1,7.4,0.05,0.5,0.1,0.07,0.11,1.9,22.0
02122800,LE VIROIN A VIREUX-MOLHAIN,2013-06-13,15.7,8.15,9.5,356.0,7.5,3.7,2.8,10.0,0.06,0.5,0.11,0.05,0.07,0.9,8.0
02122800,LE VIROIN A VIREUX-MOLHAIN,2013-07-11,17.0,8.1,8.1,350.0,7.0,4.3,2.3,10.7,0.05,0.5,0.083,0.05,0.04,0.8,7.0
02122800,LE VIROIN A VIREUX-MOLHAIN,2013-08-08,17.0,8.3,8.7,420.0,6.0,4.2,3.2,12.0,0.1,0.6,0.239,0.05,0.07,0.9,10.0
02122800,LE VIROIN A VIREUX-MOLHAIN,2013-09-05,15.0,8.2,5.3,430.0,5.0,2.3,2.6,12.0,0.08,0.5,0.191,0.05,0.05,0.9,8.0
02122800,LE VIROIN A VIREUX-MOLHAIN,2013-10-03,12.0,8.3,9.2,420.0,4.0,2.6,3.5,9.0,0.07,0.5,0.126,0.05,0.03,1.2,8.0
02122800,LE VIROIN A VIREUX-MOLHAIN,2013-10-30,10.0,7.8,9.9,240.0,10.0,10.3,7.0,8.0,0.07,0.7,0.133,0.05,0.04,3.1,18.0
02122800,LE VIROIN A VIREUX-MOLHAIN,2013-11-28,6.3,8.0,11.9,270.0,6.0,3.1,3.6,9.4,0.04,0.5,0.086,0.08,0.05,1.5,9.0
02123000,LA MEUSE A HAM-SUR-MEUSE,2013-01-24,3.0,8.3,12.1,497.0,5.5,4.4,2.0,16.0,0.04,0.5,0.11,0.08,0.05,1.3,6.0
02123000,LA MEUSE A HAM-SUR-MEUSE,2013-02-21,4.3,8.4,15.3,493.0,9.2,4.3,2.3,15.0,0.05,0.5,0.11,0.06,0.04,1.8,5.0
02123000,LA MEUSE A HAM-SUR-MEUSE,2013-03-21,5.8,8.3,12.2,410.0,16.0,5.6,3.5,12.0,0.04,0.7,0.08,0.08,0.04,2.8,6.0
02123000,LA MEUSE A HAM-SUR-MEUSE,2013-04-18,13.3,8.35,10.8,437.0,19.0,7.6,4.0,14.0,0.06,0.6,0.04,0.05,0.08,2.7,15.0
02123000,LA MEUSE A HAM-SUR-MEUSE,2013-05-16,13.8,8.3,10.6,443.0,22.0,8.1,4.5,8.5,0.07,0.7,0.12,0.05,0.05,1.5,23.0
02123000,LA MEUSE A HAM-SUR-MEUSE,2013-06-13,18.5,8.4,10.1,457.0,8.7,5.3,2.6,13.0,0.06,0.5,0.08,0.05,0.03,0.5,5.0
02123000,LA MEUSE A HAM-SUR-MEUSE,2013-07-11,21.0,8.35,8.3,470.0,7.0,5.5,2.5,12.0,0.05,0.5,0.088,0.05,0.02,1.0,7.0
02123000,LA MEUSE A HAM-SUR-MEUSE,2013-08-08,22.0,8.4,9.2,470.0,5.0,4.4,3.1,10.5,0.08,0.5,0.168,0.05,0.02,0.7,7.0
02123000,LA MEUSE A HAM-SUR-MEUSE,2013-09-05,20.0,8.45,5.9,500.0,23.0,2.3,2.7,9.5,0.07,0.5,0.153,0.05,0.02,1.0,7.0
02123000,LA MEUSE A HAM-SUR-MEUSE,2013-10-03,16.0,8.4,10.3,550.0,4.0,1.2,3.3,10.5,0.07,0.5,0.142,0.05,0.02,0.9,7.0
02123000,LA MEUSE A HAM-SUR-MEUSE,2013-10-30,13.0,8.2,10.5,380.0,57.0,45.3,5.6,11.6,0.15,1.0,0.232,0.05,0.04,3.2,22.0
02123000,LA MEUSE A HAM-SUR-MEUSE,2013-11-28,6.2,8.3,12.8,420.0,10.0,8.5,3.4,12.3,0.07,0.5,0.122,0.05,0.03,1.8,10.0
02123500,LA HOUILLE A FROMELENNES,2013-01-24,3.0,7.65,12.8,143.0,3.6,2.0,1.9,11.0,0.02,0.5,0.05,0.07,0.03,1.2,5.0
02123500,LA HOUILLE A FROMELENNES,2013-02-21,2.7,8.4,14.6,125.0,3.2,3.0,1.8,11.0,0.03,0.5,0.04,0.05,0.02,1.8,5.0
02123500,LA HOUILLE A FROMELENNES,2013-03-21,5.1,7.7,13.2,111.0,12.0,2.8,2.6,9.1,0.02,0.6,0.03,0.05,0.02,2.0,11.0
02123500,LA HOUILLE A FROMELENNES,2013-04-18,12.7,7.95,11.0,109.0,6.4,4.4,3.1,8.0,0.03,0.5,0.018,0.05,0.02,2.2,6.0
02123500,LA HOUILLE A FROMELENNES,2013-05-16,11.7,7.85,10.5,111.0,4.6,3.6,3.5,6.5,0.01,0.5,0.03,0.05,0.01,1.1,17.0
02123500,LA HOUILLE A FROMELENNES,2013-06-13,16.3,7.95,10.7,116.0,5.4,2.4,2.7,9.2,0.01,0.5,0.04,0.05,0.02,0.8,5.0
02123500,LA HOUILLE A FROMELENNES,2013-07-11,17.0,7.95,9.1,130.0,4.0,2.9,3.0,7.3,0.03,0.5,0.046,0.05,0.01,0.6,11.0
02123500,LA HOUILLE A FROMELENNES,2013-09-05,18.0,7.75,6.1,140.0,12.0,2.7,2.7,6.0,0.05,0.5,0.088,0.05,0.01,0.7,8.0
02123500,LA HOUILLE A FROMELENNES,2013-10-03,11.0,8.0,10.8,140.0,2.0,1.1,3.3,5.5,0.02,0.5,0.022,0.05,0.01,0.6,5.0
02123500,LA HOUILLE A FROMELENNES,2013-10-30,9.3,7.9,10.9,130.0,7.0,4.1,4.2,9.9,0.03,0.5,0.037,0.05,0.02,3.0,10.0
02123500,LA HOUILLE A FROMELENNES,2013-11-28,5.9,7.6,12.9,100.0,4.0,1.7,2.6,9.7,0.02,0.5,0.016,0.05,0.02,1.6,5.0
02124000,LA MEUSE A GIVET,2013-01-17,1.7,8.2,12.2,385.0,14.0,5.2,2.4,9.5,0.03,0.5,0.09,0.17,0.04,3.5,8.0
02124000,LA MEUSE A GIVET,2013-02-14,2.2,8.25,13.3,430.0,13.0,12.0,2.6,14.0,0.05,0.5,0.11,0.05,0.03,1.3,9.0
02124000,LA MEUSE A GIVET,2013-03-14,3.1,8.35,14.6,366.0,5.8,3.2,1.9,8.6,0.09,0.5,0.06,0.17,0.04,2.5,5.0
02124000,LA MEUSE A GIVET,2013-04-11,10.0,8.45,12.4,435.0,3.0,1.9,2.0,12.0,0.02,0.6,0.04,0.05,0.04,2.0,5.0
02124000,LA MEUSE A GIVET,2013-05-10,15.2,8.25,10.6,424.0,26.0,29.0,3.9,11.0,0.14,0.8,0.14,0.08,0.08,1.3,9.0
02124000,LA MEUSE A GIVET,2013-05-21,12.3,8.1,9.0,418.0,58.0,51.0,,,0.14,1.1,,,,1.8,31.0
02124000,LA MEUSE A GIVET,2013-06-06,16.6,8.5,10.4,452.0,12.0,6.2,2.9,16.0,0.06,0.5,0.11,0.05,0.04,1.2,7.0
02124000,LA MEUSE A GIVET,2013-06-17,19.2,8.2,10.5,439.0,5.1,3.7,,,0.05,0.6,,,,1.7,11.0
02124000,LA MEUSE A GIVET,2013-07-04,18.0,8.4,9.6,460.0,7.0,9.8,3.3,14.3,0.04,0.6,0.128,0.05,0.03,0.5,7.0
02124000,LA MEUSE A GIVET,2013-07-23,26.6,8.5,8.0,491.0,3.0,2.0,,,0.03,0.5,,,,1.2,6.0
02124000,LA MEUSE A GIVET,2013-08-01,22.0,8.35,9.4,450.0,6.0,3.8,3.3,10.5,0.07,0.5,0.173,0.06,0.04,1.4,8.0
02124000,LA MEUSE A GIVET,2013-08-27,20.8,8.7,9.6,496.0,2.0,1.1,,,0.07,0.5,,,,2.0,6.0
02124000,LA MEUSE A GIVET,2013-08-29,20.0,8.4,6.9,480.0,3.0,1.0,2.5,9.9,0.06,0.5,0.196,0.06,0.03,1.9,7.0
02124000,LA MEUSE A GIVET,2013-09-24,17.3,8.2,10.0,466.0,6.3,1.1,,,0.08,2.9,,,,1.0,8.0
02124000,LA MEUSE A GIVET,2013-09-26,16.0,8.3,10.2,480.0,3.0,3.6,3.2,10.6,0.08,1.0,0.194,0.07,0.04,1.5,7.0
02124000,LA MEUSE A GIVET,2013-10-21,13.8,8.3,10.8,518.0,19.0,13.0,,,0.11,0.5,,,,1.2,18.0
02124000,LA MEUSE A GIVET,2013-10-24,14.0,8.2,9.2,410.0,43.0,12.9,6.0,11.4,0.14,0.8,0.287,0.05,0.04,2.1,23.0
02124000,LA MEUSE A GIVET,2013-11-21,6.0,8.4,11.1,390.0,13.0,10.8,3.7,11.2,0.06,0.5,0.16,0.05,0.03,1.6,11.0
